[INFO] Scanning for projects...
[INFO] 
[INFO] --------------------------< com.example:api >---------------------------
[INFO] Building OpenDental API 0.0.1-SNAPSHOT
[INFO]   from pom.xml
[INFO] --------------------------------[ jar ]---------------------------------
[INFO] 
[INFO] >>> spring-boot:3.3.5:run (default-cli) > test-compile @ api >>>
[INFO] 
[INFO] --- resources:3.3.1:resources (default-resources) @ api ---
[INFO] Copying 1 resource from src\main\resources to target\classes
[INFO] Copying 0 resource from src\main\resources to target\classes
[INFO] 
[INFO] --- compiler:3.13.0:compile (default-compile) @ api ---
[INFO] Recompiling the module because of added or removed source files.
[INFO] Compiling 110 source files with javac [debug parameters release 17] to target\classes
[INFO] 
[INFO] --- resources:3.3.1:testResources (default-testResources) @ api ---
[INFO] Copying 2 resources from src\test\resources to target\test-classes
[INFO] 
[INFO] --- compiler:3.13.0:testCompile (default-testCompile) @ api ---
[INFO] Recompiling the module because of changed dependency.
[INFO] Compiling 7 source files with javac [debug parameters release 17] to target\test-classes
[INFO] /c:/0000_Mahesh_apps/000000000_Hamza_Apo-new/src/test/java/com/clinic/opendental/controller/OpenDentalWebhookControllerTest.java: c:\0000_Mahesh_apps\000000000_Hamza_Apo-new\src\test\java\com\clinic\opendental\controller\OpenDentalWebhookControllerTest.java uses unchecked or unsafe operations.
[INFO] /c:/0000_Mahesh_apps/000000000_Hamza_Apo-new/src/test/java/com/clinic/opendental/controller/OpenDentalWebhookControllerTest.java: Recompile with -Xlint:unchecked for details.
[INFO] 
[INFO] <<< spring-boot:3.3.5:run (default-cli) < test-compile @ api <<<
[INFO] 
[INFO] 
[INFO] --- spring-boot:3.3.5:run (default-cli) @ api ---
[INFO] Attaching agents: []

  .   ____          _            __ _ _
 /\\ / ___'_ __ _ _(_)_ __  __ _ \ \ \ \
( ( )\___ | '_ | '_| | '_ \/ _` | \ \ \ \
 \\/  ___)| |_)| | | | | || (_| |  ) ) ) )
  '  |____| .__|_| |_|_| |_\__, | / / / /
 =========|_|==============|___/=/_/_/_/

 :: Spring Boot ::                (v3.3.5)

2026-10-02 14:40:52.860 [main] INFO  c.c.o.OpenDentalApiApplication - Starting OpenDentalApiApplication using Java 17.0.17 with PID 29000 (C:\0000_Mahesh_apps\000000000_Hamza_Apo-new\target\classes started by user in c:\0000_Mahesh_apps\000000000_Hamza_Apo-new)
2026-10-02 14:40:52.862 [main] INFO  c.c.o.OpenDentalApiApplication - No active profile set, falling back to 1 default profile: "default"
2026-10-02 14:40:53.581 [main] INFO  o.s.d.r.c.RepositoryConfigurationDelegate - Bootstrapping Spring Data JPA repositories in DEFAULT mode.
2026-10-02 14:40:53.665 [main] INFO  o.s.d.r.c.RepositoryConfigurationDelegate - Finished Spring Data repository scanning in 78 ms. Found 11 JPA repository interfaces.
2026-10-02 14:40:54.173 [main] INFO  o.s.b.w.e.tomcat.TomcatWebServer - Tomcat initialized with port 8080 (http)
2026-10-02 14:40:54.184 [main] INFO  o.a.catalina.core.StandardService - Starting service [Tomcat]
2026-10-02 14:40:54.184 [main] INFO  o.a.catalina.core.StandardEngine - Starting Servlet engine: [Apache Tomcat/10.1.31]
2026-10-02 14:40:54.239 [main] INFO  o.a.c.c.C.[Tomcat].[localhost].[/] - Initializing Spring embedded WebApplicationContext
2026-10-02 14:40:54.240 [main] INFO  o.s.b.w.s.c.ServletWebServerApplicationContext - Root WebApplicationContext: initialization completed in 1352 ms
2026-10-02 14:40:54.417 [main] INFO  o.h.jpa.internal.util.LogHelper - HHH000204: Processing PersistenceUnitInfo [name: default]
2026-10-02 14:40:54.481 [main] INFO  org.hibernate.Version - HHH000412: Hibernate ORM core version 6.5.3.Final
2026-10-02 14:40:54.509 [main] INFO  o.h.c.i.RegionFactoryInitiator - HHH000026: Second-level cache disabled
2026-10-02 14:40:54.741 [main] INFO  o.s.o.j.p.SpringPersistenceUnitInfo - No LoadTimeWeaver setup: ignoring JPA class transformer
2026-10-02 14:40:55.608 [main] WARN  org.hibernate.orm.deprecation - HHH90000025: PostgreSQLDialect does not need to be specified explicitly using 'hibernate.dialect' (remove the property setting and it will be selected by default)
2026-10-02 14:40:56.620 [main] INFO  o.h.e.t.j.p.i.JtaPlatformInitiator - HHH000489: No JTA platform available (set 'hibernate.transaction.jta.platform' to enable JTA platform integration)
2026-10-02 14:40:56.622 [main] INFO  o.s.o.j.LocalContainerEntityManagerFactoryBean - Initialized JPA EntityManagerFactory for persistence unit 'default'
2026-10-02 14:40:56.880 [main] INFO  o.s.d.j.r.query.QueryEnhancerFactory - Hibernate is in classpath; If applicable, HQL parser will be used.
2026-10-02 14:40:58.010 [main] INFO  o.s.b.a.e.web.EndpointLinksResolver - Exposing 2 endpoints beneath base path '/actuator'
2026-10-02 14:40:58.068 [main] INFO  o.s.b.w.e.tomcat.TomcatWebServer - Tomcat started on port 8080 (http) with context path '/'
2026-10-02 14:40:58.081 [main] INFO  c.c.o.OpenDentalApiApplication - Started OpenDentalApiApplication in 5.5 seconds (process running for 5.719)
2026-10-02 14:41:00.023 [scheduling-1] INFO  c.c.o.s.ReconciliationScheduler - === Scheduled Reconciliation Started ===
2026-10-02 14:41:00.412 [scheduling-1] ERROR c.c.o.s.I.ReconciliationSyncService - Failed to fetch Open Dental clinics from installation CLINIC_A: I/O error on GET request for "https://opendental-a.example.com/api/v1/clinics": opendental-a.example.com
2026-10-02 14:41:00.413 [scheduling-1] INFO  c.c.o.s.I.ReconciliationSyncService - RECON entity=clinics clinic=CLINIC_A inserted=0 updated=0 unchanged=0 stale=0 duplicates=0 failed=1
2026-10-02 14:41:00.414 [scheduling-1] ERROR c.c.o.s.I.ReconciliationSyncService - Failed to fetch patients from clinic CLINIC_A: I/O error on GET request for "https://opendental-a.example.com/api/v1/patients": opendental-a.example.com
2026-10-02 14:41:00.414 [scheduling-1] INFO  c.c.o.s.I.ReconciliationSyncService - RECON entity=patients clinic=CLINIC_A inserted=0 updated=0 unchanged=0 stale=0 duplicates=0 failed=1
2026-10-02 14:41:00.415 [scheduling-1] ERROR c.c.o.s.I.ReconciliationSyncService - Failed to fetch appointments from clinic CLINIC_A: I/O error on GET request for "https://opendental-a.example.com/api/v1/appointments": opendental-a.example.com
2026-10-02 14:41:00.415 [scheduling-1] INFO  c.c.o.s.I.ReconciliationSyncService - RECON entity=appointments clinic=CLINIC_A inserted=0 updated=0 unchanged=0 stale=0 duplicates=0 failed=1
2026-10-02 14:41:00.415 [scheduling-1] ERROR c.c.o.s.I.ReconciliationSyncService - Failed to fetch documents from clinic CLINIC_A: I/O error on GET request for "https://opendental-a.example.com/api/v1/patients": opendental-a.example.com
2026-10-02 14:41:00.416 [scheduling-1] INFO  c.c.o.s.I.ReconciliationSyncService - RECON entity=documents clinic=CLINIC_A inserted=0 updated=0 unchanged=0 stale=0 duplicates=0 failed=1
2026-10-02 14:41:00.416 [scheduling-1] ERROR c.c.o.s.I.ReconciliationSyncService - Failed to fetch procedure logs from clinic CLINIC_A: I/O error on GET request for "https://opendental-a.example.com/api/v1/procedurelogs": opendental-a.example.com
2026-10-02 14:41:00.417 [scheduling-1] INFO  c.c.o.s.I.ReconciliationSyncService - RECON entity=procedurelogs clinic=CLINIC_A inserted=0 updated=0 unchanged=0 stale=0 duplicates=0 failed=1
2026-10-02 14:41:00.422 [scheduling-1] ERROR c.c.o.s.I.ReconciliationSyncService - Failed to fetch pat_fields from clinic CLINIC_A: I/O error on GET request for "https://opendental-a.example.com/api/v1/patfields": opendental-a.example.com
2026-10-02 14:41:00.423 [scheduling-1] INFO  c.c.o.s.I.ReconciliationSyncService - RECON entity=patfields clinic=CLINIC_A inserted=0 updated=0 unchanged=0 stale=0 duplicates=0 failed=1
2026-10-02 14:41:00.424 [scheduling-1] ERROR c.c.o.s.I.ReconciliationSyncService - Failed to fetch schedules from clinic CLINIC_A: I/O error on GET request for "https://opendental-a.example.com/api/v1/schedules": opendental-a.example.com
2026-10-02 14:41:00.424 [scheduling-1] INFO  c.c.o.s.I.ReconciliationSyncService - RECON entity=schedules clinic=CLINIC_A inserted=0 updated=0 unchanged=0 stale=0 duplicates=0 failed=1
2026-10-02 14:41:00.425 [scheduling-1] ERROR c.c.o.s.I.ReconciliationSyncService - Failed to fetch tooth initials from clinic CLINIC_A: I/O error on GET request for "https://opendental-a.example.com/api/v1/toothinitial": opendental-a.example.com
2026-10-02 14:41:00.425 [scheduling-1] INFO  c.c.o.s.I.ReconciliationSyncService - RECON entity=toothinitials clinic=CLINIC_A inserted=0 updated=0 unchanged=0 stale=0 duplicates=0 failed=1
2026-10-02 14:41:00.425 [scheduling-1] ERROR c.c.o.s.I.ReconciliationSyncService - Failed to fetch providers from clinic CLINIC_A: I/O error on GET request for "https://opendental-a.example.com/api/v1/providers": opendental-a.example.com
2026-10-02 14:41:00.425 [scheduling-1] INFO  c.c.o.s.I.ReconciliationSyncService - RECON entity=providers clinic=CLINIC_A inserted=0 updated=0 unchanged=0 stale=0 duplicates=0 failed=1
2026-10-02 14:41:00.427 [scheduling-1] ERROR c.c.o.s.I.ReconciliationSyncService - Failed to fetch operatories from clinic CLINIC_A: I/O error on GET request for "https://opendental-a.example.com/api/v1/operatories": opendental-a.example.com
2026-10-02 14:41:00.427 [scheduling-1] INFO  c.c.o.s.I.ReconciliationSyncService - RECON entity=operatories clinic=CLINIC_A inserted=0 updated=0 unchanged=0 stale=0 duplicates=0 failed=1
2026-10-02 14:41:00.427 [scheduling-1] INFO  c.c.o.s.I.ReconciliationSyncService - Reconciliation for clinic CLINIC_A complete: 10 processed, 0 inserted, 0 updated, 0 unchanged, 0 stale, 0 duplicates, 10 failed
2026-10-02 14:41:00.428 [scheduling-1] INFO  c.c.o.s.I.ReconciliationSyncService - Reconciliation for clinic CLINIC_A complete: 0 synced, 10 failed
2026-10-02 14:41:00.440 [scheduling-1] ERROR c.c.o.s.I.ReconciliationSyncService - Failed to fetch Open Dental clinics from installation CLINIC_B: I/O error on GET request for "https://opendental-b.example.com/api/v1/clinics": opendental-b.example.com
2026-10-02 14:41:00.441 [scheduling-1] INFO  c.c.o.s.I.ReconciliationSyncService - RECON entity=clinics clinic=CLINIC_B inserted=0 updated=0 unchanged=0 stale=0 duplicates=0 failed=1
2026-10-02 14:41:00.441 [scheduling-1] ERROR c.c.o.s.I.ReconciliationSyncService - Failed to fetch patients from clinic CLINIC_B: I/O error on GET request for "https://opendental-b.example.com/api/v1/patients": opendental-b.example.com
2026-10-02 14:41:00.441 [scheduling-1] INFO  c.c.o.s.I.ReconciliationSyncService - RECON entity=patients clinic=CLINIC_B inserted=0 updated=0 unchanged=0 stale=0 duplicates=0 failed=1
2026-10-02 14:41:00.442 [scheduling-1] ERROR c.c.o.s.I.ReconciliationSyncService - Failed to fetch appointments from clinic CLINIC_B: I/O error on GET request for "https://opendental-b.example.com/api/v1/appointments": opendental-b.example.com
2026-10-02 14:41:00.442 [scheduling-1] INFO  c.c.o.s.I.ReconciliationSyncService - RECON entity=appointments clinic=CLINIC_B inserted=0 updated=0 unchanged=0 stale=0 duplicates=0 failed=1
2026-10-02 14:41:00.442 [scheduling-1] ERROR c.c.o.s.I.ReconciliationSyncService - Failed to fetch documents from clinic CLINIC_B: I/O error on GET request for "https://opendental-b.example.com/api/v1/patients": opendental-b.example.com
2026-10-02 14:41:00.442 [scheduling-1] INFO  c.c.o.s.I.ReconciliationSyncService - RECON entity=documents clinic=CLINIC_B inserted=0 updated=0 unchanged=0 stale=0 duplicates=0 failed=1
2026-10-02 14:41:00.443 [scheduling-1] ERROR c.c.o.s.I.ReconciliationSyncService - Failed to fetch procedure logs from clinic CLINIC_B: I/O error on GET request for "https://opendental-b.example.com/api/v1/procedurelogs": opendental-b.example.com
2026-10-02 14:41:00.443 [scheduling-1] INFO  c.c.o.s.I.ReconciliationSyncService - RECON entity=procedurelogs clinic=CLINIC_B inserted=0 updated=0 unchanged=0 stale=0 duplicates=0 failed=1
2026-10-02 14:41:00.443 [scheduling-1] ERROR c.c.o.s.I.ReconciliationSyncService - Failed to fetch pat_fields from clinic CLINIC_B: I/O error on GET request for "https://opendental-b.example.com/api/v1/patfields": opendental-b.example.com
2026-10-02 14:41:00.443 [scheduling-1] INFO  c.c.o.s.I.ReconciliationSyncService - RECON entity=patfields clinic=CLINIC_B inserted=0 updated=0 unchanged=0 stale=0 duplicates=0 failed=1
2026-10-02 14:41:00.444 [scheduling-1] ERROR c.c.o.s.I.ReconciliationSyncService - Failed to fetch schedules from clinic CLINIC_B: I/O error on GET request for "https://opendental-b.example.com/api/v1/schedules": opendental-b.example.com
2026-10-02 14:41:00.444 [scheduling-1] INFO  c.c.o.s.I.ReconciliationSyncService - RECON entity=schedules clinic=CLINIC_B inserted=0 updated=0 unchanged=0 stale=0 duplicates=0 failed=1
2026-10-02 14:41:00.444 [scheduling-1] ERROR c.c.o.s.I.ReconciliationSyncService - Failed to fetch tooth initials from clinic CLINIC_B: I/O error on GET request for "https://opendental-b.example.com/api/v1/toothinitial": opendental-b.example.com
2026-10-02 14:41:00.445 [scheduling-1] INFO  c.c.o.s.I.ReconciliationSyncService - RECON entity=toothinitials clinic=CLINIC_B inserted=0 updated=0 unchanged=0 stale=0 duplicates=0 failed=1
2026-10-02 14:41:00.445 [scheduling-1] ERROR c.c.o.s.I.ReconciliationSyncService - Failed to fetch providers from clinic CLINIC_B: I/O error on GET request for "https://opendental-b.example.com/api/v1/providers": opendental-b.example.com
2026-10-02 14:41:00.445 [scheduling-1] INFO  c.c.o.s.I.ReconciliationSyncService - RECON entity=providers clinic=CLINIC_B inserted=0 updated=0 unchanged=0 stale=0 duplicates=0 failed=1
2026-10-02 14:41:00.446 [scheduling-1] ERROR c.c.o.s.I.ReconciliationSyncService - Failed to fetch operatories from clinic CLINIC_B: I/O error on GET request for "https://opendental-b.example.com/api/v1/operatories": opendental-b.example.com
2026-10-02 14:41:00.446 [scheduling-1] INFO  c.c.o.s.I.ReconciliationSyncService - RECON entity=operatories clinic=CLINIC_B inserted=0 updated=0 unchanged=0 stale=0 duplicates=0 failed=1
2026-10-02 14:41:00.446 [scheduling-1] INFO  c.c.o.s.I.ReconciliationSyncService - Reconciliation for clinic CLINIC_B complete: 10 processed, 0 inserted, 0 updated, 0 unchanged, 0 stale, 0 duplicates, 10 failed
2026-10-02 14:41:00.446 [scheduling-1] INFO  c.c.o.s.I.ReconciliationSyncService - Reconciliation for clinic CLINIC_B complete: 0 synced, 10 failed
2026-10-02 14:41:00.460 [scheduling-1] ERROR c.c.o.s.I.ReconciliationSyncService - Failed to fetch Open Dental clinics from installation CLINIC_C: I/O error on GET request for "https://opendental-c.example.com/api/v1/clinics": opendental-c.example.com
2026-10-02 14:41:00.460 [scheduling-1] INFO  c.c.o.s.I.ReconciliationSyncService - RECON entity=clinics clinic=CLINIC_C inserted=0 updated=0 unchanged=0 stale=0 duplicates=0 failed=1
2026-10-02 14:41:00.461 [scheduling-1] ERROR c.c.o.s.I.ReconciliationSyncService - Failed to fetch patients from clinic CLINIC_C: I/O error on GET request for "https://opendental-c.example.com/api/v1/patients": opendental-c.example.com
2026-10-02 14:41:00.461 [scheduling-1] INFO  c.c.o.s.I.ReconciliationSyncService - RECON entity=patients clinic=CLINIC_C inserted=0 updated=0 unchanged=0 stale=0 duplicates=0 failed=1
2026-10-02 14:41:00.461 [scheduling-1] ERROR c.c.o.s.I.ReconciliationSyncService - Failed to fetch appointments from clinic CLINIC_C: I/O error on GET request for "https://opendental-c.example.com/api/v1/appointments": opendental-c.example.com
2026-10-02 14:41:00.462 [scheduling-1] INFO  c.c.o.s.I.ReconciliationSyncService - RECON entity=appointments clinic=CLINIC_C inserted=0 updated=0 unchanged=0 stale=0 duplicates=0 failed=1
2026-10-02 14:41:00.462 [scheduling-1] ERROR c.c.o.s.I.ReconciliationSyncService - Failed to fetch documents from clinic CLINIC_C: I/O error on GET request for "https://opendental-c.example.com/api/v1/patients": opendental-c.example.com
2026-10-02 14:41:00.462 [scheduling-1] INFO  c.c.o.s.I.ReconciliationSyncService - RECON entity=documents clinic=CLINIC_C inserted=0 updated=0 unchanged=0 stale=0 duplicates=0 failed=1
2026-10-02 14:41:00.462 [scheduling-1] ERROR c.c.o.s.I.ReconciliationSyncService - Failed to fetch procedure logs from clinic CLINIC_C: I/O error on GET request for "https://opendental-c.example.com/api/v1/procedurelogs": opendental-c.example.com
2026-10-02 14:41:00.463 [scheduling-1] INFO  c.c.o.s.I.ReconciliationSyncService - RECON entity=procedurelogs clinic=CLINIC_C inserted=0 updated=0 unchanged=0 stale=0 duplicates=0 failed=1
2026-10-02 14:41:00.463 [scheduling-1] ERROR c.c.o.s.I.ReconciliationSyncService - Failed to fetch pat_fields from clinic CLINIC_C: I/O error on GET request for "https://opendental-c.example.com/api/v1/patfields": opendental-c.example.com
2026-10-02 14:41:00.463 [scheduling-1] INFO  c.c.o.s.I.ReconciliationSyncService - RECON entity=patfields clinic=CLINIC_C inserted=0 updated=0 unchanged=0 stale=0 duplicates=0 failed=1
2026-10-02 14:41:00.464 [scheduling-1] ERROR c.c.o.s.I.ReconciliationSyncService - Failed to fetch schedules from clinic CLINIC_C: I/O error on GET request for "https://opendental-c.example.com/api/v1/schedules": opendental-c.example.com
2026-10-02 14:41:00.464 [scheduling-1] INFO  c.c.o.s.I.ReconciliationSyncService - RECON entity=schedules clinic=CLINIC_C inserted=0 updated=0 unchanged=0 stale=0 duplicates=0 failed=1
2026-10-02 14:41:00.465 [scheduling-1] ERROR c.c.o.s.I.ReconciliationSyncService - Failed to fetch tooth initials from clinic CLINIC_C: I/O error on GET request for "https://opendental-c.example.com/api/v1/toothinitial": opendental-c.example.com
2026-10-02 14:41:00.465 [scheduling-1] INFO  c.c.o.s.I.ReconciliationSyncService - RECON entity=toothinitials clinic=CLINIC_C inserted=0 updated=0 unchanged=0 stale=0 duplicates=0 failed=1
2026-10-02 14:41:00.465 [scheduling-1] ERROR c.c.o.s.I.ReconciliationSyncService - Failed to fetch providers from clinic CLINIC_C: I/O error on GET request for "https://opendental-c.example.com/api/v1/providers": opendental-c.example.com
2026-10-02 14:41:00.465 [scheduling-1] INFO  c.c.o.s.I.ReconciliationSyncService - RECON entity=providers clinic=CLINIC_C inserted=0 updated=0 unchanged=0 stale=0 duplicates=0 failed=1
2026-10-02 14:41:00.466 [scheduling-1] ERROR c.c.o.s.I.ReconciliationSyncService - Failed to fetch operatories from clinic CLINIC_C: I/O error on GET request for "https://opendental-c.example.com/api/v1/operatories": opendental-c.example.com
2026-10-02 14:41:00.466 [scheduling-1] INFO  c.c.o.s.I.ReconciliationSyncService - RECON entity=operatories clinic=CLINIC_C inserted=0 updated=0 unchanged=0 stale=0 duplicates=0 failed=1
2026-10-02 14:41:00.466 [scheduling-1] INFO  c.c.o.s.I.ReconciliationSyncService - Reconciliation for clinic CLINIC_C complete: 10 processed, 0 inserted, 0 updated, 0 unchanged, 0 stale, 0 duplicates, 10 failed
2026-10-02 14:41:00.466 [scheduling-1] INFO  c.c.o.s.I.ReconciliationSyncService - Reconciliation for clinic CLINIC_C complete: 0 synced, 10 failed
2026-10-02 14:41:00.466 [scheduling-1] INFO  c.c.o.s.I.ReconciliationSyncService - Reconciliation completed for 3 clinics (30 entities, 0 synced, 30 failed)
2026-10-02 14:41:00.467 [scheduling-1] INFO  c.c.o.s.ReconciliationScheduler - === Scheduled Reconciliation Complete: Reconciliation completed for 3 clinics (30 entities, 0 synced, 30 failed)
2026-10-02 14:41:00.467 [scheduling-1] INFO  c.c.o.s.ReconciliationScheduler - Scheduled reconciliation took 443 ms
2026-10-02 14:41:04.435 [http-nio-8080-exec-1] INFO  o.a.c.c.C.[Tomcat].[localhost].[/] - Initializing Spring DispatcherServlet 'dispatcherServlet'
2026-10-02 14:41:04.436 [http-nio-8080-exec-1] INFO  o.s.web.servlet.DispatcherServlet - Initializing Servlet 'dispatcherServlet'
2026-10-02 14:41:04.437 [http-nio-8080-exec-1] INFO  o.s.web.servlet.DispatcherServlet - Completed initialization in 1 ms
2026-10-02 14:41:04.542 [http-nio-8080-exec-1] WARN  c.c.o.s.Impl.PatientServiceImpl - OpenDental API unavailable, falling back to database: 400 Bad Request: ""Malformed API request.""
2026-10-02 14:41:11.574 [http-nio-8080-exec-5] WARN  c.c.o.s.Impl.PatientServiceImpl - OpenDental API unavailable, falling back to database: 400 Bad Request: ""Malformed API request.""
2026-10-02 14:41:11.694 [http-nio-8080-exec-4] INFO  c.c.o.s.Impl.AppointmentServiceImpl - Fetching appointments with 0 filter(s)
2026-10-02 14:41:11.697 [http-nio-8080-exec-4] WARN  c.c.o.s.Impl.AppointmentServiceImpl - OpenDental API unavailable for appointments, falling back to database: 400 Bad Request: ""Malformed API request.""
2026-10-02 14:41:30.111 [http-nio-8080-exec-6] WARN  c.c.o.s.Impl.PatientServiceImpl - OpenDental API unavailable, falling back to database: 400 Bad Request: ""Malformed API request.""
2026-10-02 14:41:37.346 [http-nio-8080-exec-8] INFO  c.c.o.s.Impl.AppointmentServiceImpl - Fetching appointments with 0 filter(s)
2026-10-02 14:41:37.353 [http-nio-8080-exec-8] WARN  c.c.o.s.Impl.AppointmentServiceImpl - OpenDental API unavailable for appointments, falling back to database: 400 Bad Request: ""Malformed API request.""
2026-10-02 14:41:37.354 [http-nio-8080-exec-9] WARN  c.c.o.s.Impl.PatientServiceImpl - OpenDental API unavailable, falling back to database: 400 Bad Request: ""Malformed API request.""
2026-10-02 14:41:56.445 [http-nio-8080-exec-10] INFO  c.c.o.s.Impl.AppointmentServiceImpl - Fetching appointments with 0 filter(s)
2026-10-02 14:41:56.448 [http-nio-8080-exec-10] WARN  c.c.o.s.Impl.AppointmentServiceImpl - OpenDental API unavailable for appointments, falling back to database: 400 Bad Request: ""Malformed API request.""
2026-10-02 14:42:00.011 [scheduling-1] INFO  c.c.o.s.ReconciliationScheduler - === Scheduled Reconciliation Started ===
2026-10-02 14:42:00.232 [scheduling-1] ERROR c.c.o.s.I.ReconciliationSyncService - Failed to fetch Open Dental clinics from installation CLINIC_A: I/O error on GET request for "https://opendental-a.example.com/api/v1/clinics": opendental-a.example.com
2026-10-02 14:42:00.233 [scheduling-1] INFO  c.c.o.s.I.ReconciliationSyncService - RECON entity=clinics clinic=CLINIC_A inserted=0 updated=0 unchanged=0 stale=0 duplicates=0 failed=1
2026-10-02 14:42:00.235 [scheduling-1] ERROR c.c.o.s.I.ReconciliationSyncService - Failed to fetch patients from clinic CLINIC_A: I/O error on GET request for "https://opendental-a.example.com/api/v1/patients": opendental-a.example.com
2026-10-02 14:42:00.235 [scheduling-1] INFO  c.c.o.s.I.ReconciliationSyncService - RECON entity=patients clinic=CLINIC_A inserted=0 updated=0 unchanged=0 stale=0 duplicates=0 failed=1
2026-10-02 14:42:00.237 [scheduling-1] ERROR c.c.o.s.I.ReconciliationSyncService - Failed to fetch appointments from clinic CLINIC_A: I/O error on GET request for "https://opendental-a.example.com/api/v1/appointments": opendental-a.example.com
2026-10-02 14:42:00.237 [scheduling-1] INFO  c.c.o.s.I.ReconciliationSyncService - RECON entity=appointments clinic=CLINIC_A inserted=0 updated=0 unchanged=0 stale=0 duplicates=0 failed=1
2026-10-02 14:42:00.238 [scheduling-1] ERROR c.c.o.s.I.ReconciliationSyncService - Failed to fetch documents from clinic CLINIC_A: I/O error on GET request for "https://opendental-a.example.com/api/v1/patients": opendental-a.example.com
2026-10-02 14:42:00.239 [scheduling-1] INFO  c.c.o.s.I.ReconciliationSyncService - RECON entity=documents clinic=CLINIC_A inserted=0 updated=0 unchanged=0 stale=0 duplicates=0 failed=1
2026-10-02 14:42:00.240 [scheduling-1] ERROR c.c.o.s.I.ReconciliationSyncService - Failed to fetch procedure logs from clinic CLINIC_A: I/O error on GET request for "https://opendental-a.example.com/api/v1/procedurelogs": opendental-a.example.com
2026-10-02 14:42:00.240 [scheduling-1] INFO  c.c.o.s.I.ReconciliationSyncService - RECON entity=procedurelogs clinic=CLINIC_A inserted=0 updated=0 unchanged=0 stale=0 duplicates=0 failed=1
2026-10-02 14:42:00.241 [scheduling-1] ERROR c.c.o.s.I.ReconciliationSyncService - Failed to fetch pat_fields from clinic CLINIC_A: I/O error on GET request for "https://opendental-a.example.com/api/v1/patfields": opendental-a.example.com
2026-10-02 14:42:00.241 [scheduling-1] INFO  c.c.o.s.I.ReconciliationSyncService - RECON entity=patfields clinic=CLINIC_A inserted=0 updated=0 unchanged=0 stale=0 duplicates=0 failed=1
2026-10-02 14:42:00.242 [scheduling-1] ERROR c.c.o.s.I.ReconciliationSyncService - Failed to fetch schedules from clinic CLINIC_A: I/O error on GET request for "https://opendental-a.example.com/api/v1/schedules": opendental-a.example.com
2026-10-02 14:42:00.243 [scheduling-1] INFO  c.c.o.s.I.ReconciliationSyncService - RECON entity=schedules clinic=CLINIC_A inserted=0 updated=0 unchanged=0 stale=0 duplicates=0 failed=1
2026-10-02 14:42:00.243 [scheduling-1] ERROR c.c.o.s.I.ReconciliationSyncService - Failed to fetch tooth initials from clinic CLINIC_A: I/O error on GET request for "https://opendental-a.example.com/api/v1/toothinitial": opendental-a.example.com
2026-10-02 14:42:00.243 [scheduling-1] INFO  c.c.o.s.I.ReconciliationSyncService - RECON entity=toothinitials clinic=CLINIC_A inserted=0 updated=0 unchanged=0 stale=0 duplicates=0 failed=1
2026-10-02 14:42:00.244 [scheduling-1] ERROR c.c.o.s.I.ReconciliationSyncService - Failed to fetch providers from clinic CLINIC_A: I/O error on GET request for "https://opendental-a.example.com/api/v1/providers": opendental-a.example.com
2026-10-02 14:42:00.244 [scheduling-1] INFO  c.c.o.s.I.ReconciliationSyncService - RECON entity=providers clinic=CLINIC_A inserted=0 updated=0 unchanged=0 stale=0 duplicates=0 failed=1
2026-10-02 14:42:00.244 [scheduling-1] ERROR c.c.o.s.I.ReconciliationSyncService - Failed to fetch operatories from clinic CLINIC_A: I/O error on GET request for "https://opendental-a.example.com/api/v1/operatories": opendental-a.example.com
2026-10-02 14:42:00.245 [scheduling-1] INFO  c.c.o.s.I.ReconciliationSyncService - RECON entity=operatories clinic=CLINIC_A inserted=0 updated=0 unchanged=0 stale=0 duplicates=0 failed=1
2026-10-02 14:42:00.245 [scheduling-1] INFO  c.c.o.s.I.ReconciliationSyncService - Reconciliation for clinic CLINIC_A complete: 10 processed, 0 inserted, 0 updated, 0 unchanged, 0 stale, 0 duplicates, 10 failed
2026-10-02 14:42:00.245 [scheduling-1] INFO  c.c.o.s.I.ReconciliationSyncService - Reconciliation for clinic CLINIC_A complete: 0 synced, 10 failed
2026-10-02 14:42:00.286 [scheduling-1] ERROR c.c.o.s.I.ReconciliationSyncService - Failed to fetch Open Dental clinics from installation CLINIC_B: I/O error on GET request for "https://opendental-b.example.com/api/v1/clinics": opendental-b.example.com
2026-10-02 14:42:00.287 [scheduling-1] INFO  c.c.o.s.I.ReconciliationSyncService - RECON entity=clinics clinic=CLINIC_B inserted=0 updated=0 unchanged=0 stale=0 duplicates=0 failed=1
2026-10-02 14:42:00.288 [scheduling-1] ERROR c.c.o.s.I.ReconciliationSyncService - Failed to fetch patients from clinic CLINIC_B: I/O error on GET request for "https://opendental-b.example.com/api/v1/patients": opendental-b.example.com
2026-10-02 14:42:00.288 [scheduling-1] INFO  c.c.o.s.I.ReconciliationSyncService - RECON entity=patients clinic=CLINIC_B inserted=0 updated=0 unchanged=0 stale=0 duplicates=0 failed=1
2026-10-02 14:42:00.288 [scheduling-1] ERROR c.c.o.s.I.ReconciliationSyncService - Failed to fetch appointments from clinic CLINIC_B: I/O error on GET request for "https://opendental-b.example.com/api/v1/appointments": opendental-b.example.com
2026-10-02 14:42:00.289 [scheduling-1] INFO  c.c.o.s.I.ReconciliationSyncService - RECON entity=appointments clinic=CLINIC_B inserted=0 updated=0 unchanged=0 stale=0 duplicates=0 failed=1
2026-10-02 14:42:00.289 [scheduling-1] ERROR c.c.o.s.I.ReconciliationSyncService - Failed to fetch documents from clinic CLINIC_B: I/O error on GET request for "https://opendental-b.example.com/api/v1/patients": opendental-b.example.com
2026-10-02 14:42:00.290 [scheduling-1] INFO  c.c.o.s.I.ReconciliationSyncService - RECON entity=documents clinic=CLINIC_B inserted=0 updated=0 unchanged=0 stale=0 duplicates=0 failed=1
2026-10-02 14:42:00.290 [scheduling-1] ERROR c.c.o.s.I.ReconciliationSyncService - Failed to fetch procedure logs from clinic CLINIC_B: I/O error on GET request for "https://opendental-b.example.com/api/v1/procedurelogs": opendental-b.example.com
2026-10-02 14:42:00.290 [scheduling-1] INFO  c.c.o.s.I.ReconciliationSyncService - RECON entity=procedurelogs clinic=CLINIC_B inserted=0 updated=0 unchanged=0 stale=0 duplicates=0 failed=1
2026-10-02 14:42:00.290 [scheduling-1] ERROR c.c.o.s.I.ReconciliationSyncService - Failed to fetch pat_fields from clinic CLINIC_B: I/O error on GET request for "https://opendental-b.example.com/api/v1/patfields": opendental-b.example.com
2026-10-02 14:42:00.291 [scheduling-1] INFO  c.c.o.s.I.ReconciliationSyncService - RECON entity=patfields clinic=CLINIC_B inserted=0 updated=0 unchanged=0 stale=0 duplicates=0 failed=1
2026-10-02 14:42:00.291 [scheduling-1] ERROR c.c.o.s.I.ReconciliationSyncService - Failed to fetch schedules from clinic CLINIC_B: I/O error on GET request for "https://opendental-b.example.com/api/v1/schedules": opendental-b.example.com
2026-10-02 14:42:00.292 [scheduling-1] INFO  c.c.o.s.I.ReconciliationSyncService - RECON entity=schedules clinic=CLINIC_B inserted=0 updated=0 unchanged=0 stale=0 duplicates=0 failed=1
2026-10-02 14:42:00.292 [scheduling-1] ERROR c.c.o.s.I.ReconciliationSyncService - Failed to fetch tooth initials from clinic CLINIC_B: I/O error on GET request for "https://opendental-b.example.com/api/v1/toothinitial": opendental-b.example.com
2026-10-02 14:42:00.292 [scheduling-1] INFO  c.c.o.s.I.ReconciliationSyncService - RECON entity=toothinitials clinic=CLINIC_B inserted=0 updated=0 unchanged=0 stale=0 duplicates=0 failed=1
2026-10-02 14:42:00.292 [scheduling-1] ERROR c.c.o.s.I.ReconciliationSyncService - Failed to fetch providers from clinic CLINIC_B: I/O error on GET request for "https://opendental-b.example.com/api/v1/providers": opendental-b.example.com
2026-10-02 14:42:00.292 [scheduling-1] INFO  c.c.o.s.I.ReconciliationSyncService - RECON entity=providers clinic=CLINIC_B inserted=0 updated=0 unchanged=0 stale=0 duplicates=0 failed=1
2026-10-02 14:42:00.293 [scheduling-1] ERROR c.c.o.s.I.ReconciliationSyncService - Failed to fetch operatories from clinic CLINIC_B: I/O error on GET request for "https://opendental-b.example.com/api/v1/operatories": opendental-b.example.com
2026-10-02 14:42:00.293 [scheduling-1] INFO  c.c.o.s.I.ReconciliationSyncService - RECON entity=operatories clinic=CLINIC_B inserted=0 updated=0 unchanged=0 stale=0 duplicates=0 failed=1
2026-10-02 14:42:00.293 [scheduling-1] INFO  c.c.o.s.I.ReconciliationSyncService - Reconciliation for clinic CLINIC_B complete: 10 processed, 0 inserted, 0 updated, 0 unchanged, 0 stale, 0 duplicates, 10 failed
2026-10-02 14:42:00.293 [scheduling-1] INFO  c.c.o.s.I.ReconciliationSyncService - Reconciliation for clinic CLINIC_B complete: 0 synced, 10 failed
2026-10-02 14:42:00.330 [scheduling-1] ERROR c.c.o.s.I.ReconciliationSyncService - Failed to fetch Open Dental clinics from installation CLINIC_C: I/O error on GET request for "https://opendental-c.example.com/api/v1/clinics": opendental-c.example.com
2026-10-02 14:42:00.330 [scheduling-1] INFO  c.c.o.s.I.ReconciliationSyncService - RECON entity=clinics clinic=CLINIC_C inserted=0 updated=0 unchanged=0 stale=0 duplicates=0 failed=1
2026-10-02 14:42:00.331 [scheduling-1] ERROR c.c.o.s.I.ReconciliationSyncService - Failed to fetch patients from clinic CLINIC_C: I/O error on GET request for "https://opendental-c.example.com/api/v1/patients": opendental-c.example.com
2026-10-02 14:42:00.332 [scheduling-1] INFO  c.c.o.s.I.ReconciliationSyncService - RECON entity=patients clinic=CLINIC_C inserted=0 updated=0 unchanged=0 stale=0 duplicates=0 failed=1
2026-10-02 14:42:00.333 [scheduling-1] ERROR c.c.o.s.I.ReconciliationSyncService - Failed to fetch appointments from clinic CLINIC_C: I/O error on GET request for "https://opendental-c.example.com/api/v1/appointments": opendental-c.example.com
2026-10-02 14:42:00.333 [scheduling-1] INFO  c.c.o.s.I.ReconciliationSyncService - RECON entity=appointments clinic=CLINIC_C inserted=0 updated=0 unchanged=0 stale=0 duplicates=0 failed=1
2026-10-02 14:42:00.334 [scheduling-1] ERROR c.c.o.s.I.ReconciliationSyncService - Failed to fetch documents from clinic CLINIC_C: I/O error on GET request for "https://opendental-c.example.com/api/v1/patients": opendental-c.example.com
2026-10-02 14:42:00.334 [scheduling-1] INFO  c.c.o.s.I.ReconciliationSyncService - RECON entity=documents clinic=CLINIC_C inserted=0 updated=0 unchanged=0 stale=0 duplicates=0 failed=1
2026-10-02 14:42:00.335 [scheduling-1] ERROR c.c.o.s.I.ReconciliationSyncService - Failed to fetch procedure logs from clinic CLINIC_C: I/O error on GET request for "https://opendental-c.example.com/api/v1/procedurelogs": opendental-c.example.com
2026-10-02 14:42:00.335 [scheduling-1] INFO  c.c.o.s.I.ReconciliationSyncService - RECON entity=procedurelogs clinic=CLINIC_C inserted=0 updated=0 unchanged=0 stale=0 duplicates=0 failed=1
2026-10-02 14:42:00.335 [scheduling-1] ERROR c.c.o.s.I.ReconciliationSyncService - Failed to fetch pat_fields from clinic CLINIC_C: I/O error on GET request for "https://opendental-c.example.com/api/v1/patfields": opendental-c.example.com
2026-10-02 14:42:00.336 [scheduling-1] INFO  c.c.o.s.I.ReconciliationSyncService - RECON entity=patfields clinic=CLINIC_C inserted=0 updated=0 unchanged=0 stale=0 duplicates=0 failed=1
2026-10-02 14:42:00.336 [scheduling-1] ERROR c.c.o.s.I.ReconciliationSyncService - Failed to fetch schedules from clinic CLINIC_C: I/O error on GET request for "https://opendental-c.example.com/api/v1/schedules": opendental-c.example.com
2026-10-02 14:42:00.336 [scheduling-1] INFO  c.c.o.s.I.ReconciliationSyncService - RECON entity=schedules clinic=CLINIC_C inserted=0 updated=0 unchanged=0 stale=0 duplicates=0 failed=1
2026-10-02 14:42:00.337 [scheduling-1] ERROR c.c.o.s.I.ReconciliationSyncService - Failed to fetch tooth initials from clinic CLINIC_C: I/O error on GET request for "https://opendental-c.example.com/api/v1/toothinitial": opendental-c.example.com
2026-10-02 14:42:00.337 [scheduling-1] INFO  c.c.o.s.I.ReconciliationSyncService - RECON entity=toothinitials clinic=CLINIC_C inserted=0 updated=0 unchanged=0 stale=0 duplicates=0 failed=1
2026-10-02 14:42:00.337 [scheduling-1] ERROR c.c.o.s.I.ReconciliationSyncService - Failed to fetch providers from clinic CLINIC_C: I/O error on GET request for "https://opendental-c.example.com/api/v1/providers": opendental-c.example.com
2026-10-02 14:42:00.337 [scheduling-1] INFO  c.c.o.s.I.ReconciliationSyncService - RECON entity=providers clinic=CLINIC_C inserted=0 updated=0 unchanged=0 stale=0 duplicates=0 failed=1
2026-10-02 14:42:00.338 [scheduling-1] ERROR c.c.o.s.I.ReconciliationSyncService - Failed to fetch operatories from clinic CLINIC_C: I/O error on GET request for "https://opendental-c.example.com/api/v1/operatories": opendental-c.example.com
2026-10-02 14:42:00.338 [scheduling-1] INFO  c.c.o.s.I.ReconciliationSyncService - RECON entity=operatories clinic=CLINIC_C inserted=0 updated=0 unchanged=0 stale=0 duplicates=0 failed=1
2026-10-02 14:42:00.338 [scheduling-1] INFO  c.c.o.s.I.ReconciliationSyncService - Reconciliation for clinic CLINIC_C complete: 10 processed, 0 inserted, 0 updated, 0 unchanged, 0 stale, 0 duplicates, 10 failed
2026-10-02 14:42:00.338 [scheduling-1] INFO  c.c.o.s.I.ReconciliationSyncService - Reconciliation for clinic CLINIC_C complete: 0 synced, 10 failed
2026-10-02 14:42:00.338 [scheduling-1] INFO  c.c.o.s.I.ReconciliationSyncService - Reconciliation completed for 3 clinics (30 entities, 0 synced, 30 failed)
2026-10-02 14:42:00.339 [scheduling-1] INFO  c.c.o.s.ReconciliationScheduler - === Scheduled Reconciliation Complete: Reconciliation completed for 3 clinics (30 entities, 0 synced, 30 failed)
2026-10-02 14:42:00.339 [scheduling-1] INFO  c.c.o.s.ReconciliationScheduler - Scheduled reconciliation took 327 ms
2026-10-02 14:42:11.518 [http-nio-8080-exec-2] INFO  c.c.o.s.Impl.AppointmentServiceImpl - Fetching appointments with 0 filter(s)
2026-10-02 14:42:11.518 [http-nio-8080-exec-1] WARN  c.c.o.s.Impl.PatientServiceImpl - OpenDental API unavailable, falling back to database: 400 Bad Request: ""Malformed API request.""
2026-10-02 14:42:11.519 [http-nio-8080-exec-2] WARN  c.c.o.s.Impl.AppointmentServiceImpl - OpenDental API unavailable for appointments, falling back to database: 400 Bad Request: ""Malformed API request.""
2026-10-02 14:43:00.011 [scheduling-1] INFO  c.c.o.s.ReconciliationScheduler - === Scheduled Reconciliation Started ===
2026-10-02 14:43:00.238 [scheduling-1] ERROR c.c.o.s.I.ReconciliationSyncService - Failed to fetch Open Dental clinics from installation CLINIC_A: I/O error on GET request for "https://opendental-a.example.com/api/v1/clinics": opendental-a.example.com
2026-10-02 14:43:00.239 [scheduling-1] INFO  c.c.o.s.I.ReconciliationSyncService - RECON entity=clinics clinic=CLINIC_A inserted=0 updated=0 unchanged=0 stale=0 duplicates=0 failed=1
2026-10-02 14:43:00.240 [scheduling-1] ERROR c.c.o.s.I.ReconciliationSyncService - Failed to fetch patients from clinic CLINIC_A: I/O error on GET request for "https://opendental-a.example.com/api/v1/patients": opendental-a.example.com
2026-10-02 14:43:00.241 [scheduling-1] INFO  c.c.o.s.I.ReconciliationSyncService - RECON entity=patients clinic=CLINIC_A inserted=0 updated=0 unchanged=0 stale=0 duplicates=0 failed=1
2026-10-02 14:43:00.241 [scheduling-1] ERROR c.c.o.s.I.ReconciliationSyncService - Failed to fetch appointments from clinic CLINIC_A: I/O error on GET request for "https://opendental-a.example.com/api/v1/appointments": opendental-a.example.com
2026-10-02 14:43:00.242 [scheduling-1] INFO  c.c.o.s.I.ReconciliationSyncService - RECON entity=appointments clinic=CLINIC_A inserted=0 updated=0 unchanged=0 stale=0 duplicates=0 failed=1
2026-10-02 14:43:00.242 [scheduling-1] ERROR c.c.o.s.I.ReconciliationSyncService - Failed to fetch documents from clinic CLINIC_A: I/O error on GET request for "https://opendental-a.example.com/api/v1/patients": opendental-a.example.com
2026-10-02 14:43:00.243 [scheduling-1] INFO  c.c.o.s.I.ReconciliationSyncService - RECON entity=documents clinic=CLINIC_A inserted=0 updated=0 unchanged=0 stale=0 duplicates=0 failed=1
2026-10-02 14:43:00.243 [scheduling-1] ERROR c.c.o.s.I.ReconciliationSyncService - Failed to fetch procedure logs from clinic CLINIC_A: I/O error on GET request for "https://opendental-a.example.com/api/v1/procedurelogs": opendental-a.example.com
2026-10-02 14:43:00.243 [scheduling-1] INFO  c.c.o.s.I.ReconciliationSyncService - RECON entity=procedurelogs clinic=CLINIC_A inserted=0 updated=0 unchanged=0 stale=0 duplicates=0 failed=1
2026-10-02 14:43:00.244 [scheduling-1] ERROR c.c.o.s.I.ReconciliationSyncService - Failed to fetch pat_fields from clinic CLINIC_A: I/O error on GET request for "https://opendental-a.example.com/api/v1/patfields": opendental-a.example.com
2026-10-02 14:43:00.244 [scheduling-1] INFO  c.c.o.s.I.ReconciliationSyncService - RECON entity=patfields clinic=CLINIC_A inserted=0 updated=0 unchanged=0 stale=0 duplicates=0 failed=1
2026-10-02 14:43:00.245 [scheduling-1] ERROR c.c.o.s.I.ReconciliationSyncService - Failed to fetch schedules from clinic CLINIC_A: I/O error on GET request for "https://opendental-a.example.com/api/v1/schedules": opendental-a.example.com
2026-10-02 14:43:00.245 [scheduling-1] INFO  c.c.o.s.I.ReconciliationSyncService - RECON entity=schedules clinic=CLINIC_A inserted=0 updated=0 unchanged=0 stale=0 duplicates=0 failed=1
2026-10-02 14:43:00.246 [scheduling-1] ERROR c.c.o.s.I.ReconciliationSyncService - Failed to fetch tooth initials from clinic CLINIC_A: I/O error on GET request for "https://opendental-a.example.com/api/v1/toothinitial": opendental-a.example.com
2026-10-02 14:43:00.246 [scheduling-1] INFO  c.c.o.s.I.ReconciliationSyncService - RECON entity=toothinitials clinic=CLINIC_A inserted=0 updated=0 unchanged=0 stale=0 duplicates=0 failed=1
2026-10-02 14:43:00.246 [scheduling-1] ERROR c.c.o.s.I.ReconciliationSyncService - Failed to fetch providers from clinic CLINIC_A: I/O error on GET request for "https://opendental-a.example.com/api/v1/providers": opendental-a.example.com
2026-10-02 14:43:00.246 [scheduling-1] INFO  c.c.o.s.I.ReconciliationSyncService - RECON entity=providers clinic=CLINIC_A inserted=0 updated=0 unchanged=0 stale=0 duplicates=0 failed=1
2026-10-02 14:43:00.247 [scheduling-1] ERROR c.c.o.s.I.ReconciliationSyncService - Failed to fetch operatories from clinic CLINIC_A: I/O error on GET request for "https://opendental-a.example.com/api/v1/operatories": opendental-a.example.com
2026-10-02 14:43:00.247 [scheduling-1] INFO  c.c.o.s.I.ReconciliationSyncService - RECON entity=operatories clinic=CLINIC_A inserted=0 updated=0 unchanged=0 stale=0 duplicates=0 failed=1
2026-10-02 14:43:00.247 [scheduling-1] INFO  c.c.o.s.I.ReconciliationSyncService - Reconciliation for clinic CLINIC_A complete: 10 processed, 0 inserted, 0 updated, 0 unchanged, 0 stale, 0 duplicates, 10 failed
2026-10-02 14:43:00.247 [scheduling-1] INFO  c.c.o.s.I.ReconciliationSyncService - Reconciliation for clinic CLINIC_A complete: 0 synced, 10 failed
2026-10-02 14:43:00.260 [scheduling-1] ERROR c.c.o.s.I.ReconciliationSyncService - Failed to fetch Open Dental clinics from installation CLINIC_B: I/O error on GET request for "https://opendental-b.example.com/api/v1/clinics": opendental-b.example.com
2026-10-02 14:43:00.260 [scheduling-1] INFO  c.c.o.s.I.ReconciliationSyncService - RECON entity=clinics clinic=CLINIC_B inserted=0 updated=0 unchanged=0 stale=0 duplicates=0 failed=1
2026-10-02 14:43:00.261 [scheduling-1] ERROR c.c.o.s.I.ReconciliationSyncService - Failed to fetch patients from clinic CLINIC_B: I/O error on GET request for "https://opendental-b.example.com/api/v1/patients": opendental-b.example.com
2026-10-02 14:43:00.261 [scheduling-1] INFO  c.c.o.s.I.ReconciliationSyncService - RECON entity=patients clinic=CLINIC_B inserted=0 updated=0 unchanged=0 stale=0 duplicates=0 failed=1
2026-10-02 14:43:00.261 [scheduling-1] ERROR c.c.o.s.I.ReconciliationSyncService - Failed to fetch appointments from clinic CLINIC_B: I/O error on GET request for "https://opendental-b.example.com/api/v1/appointments": opendental-b.example.com
2026-10-02 14:43:00.261 [scheduling-1] INFO  c.c.o.s.I.ReconciliationSyncService - RECON entity=appointments clinic=CLINIC_B inserted=0 updated=0 unchanged=0 stale=0 duplicates=0 failed=1
2026-10-02 14:43:00.261 [scheduling-1] ERROR c.c.o.s.I.ReconciliationSyncService - Failed to fetch documents from clinic CLINIC_B: I/O error on GET request for "https://opendental-b.example.com/api/v1/patients": opendental-b.example.com
2026-10-02 14:43:00.261 [scheduling-1] INFO  c.c.o.s.I.ReconciliationSyncService - RECON entity=documents clinic=CLINIC_B inserted=0 updated=0 unchanged=0 stale=0 duplicates=0 failed=1
2026-10-02 14:43:00.262 [scheduling-1] ERROR c.c.o.s.I.ReconciliationSyncService - Failed to fetch procedure logs from clinic CLINIC_B: I/O error on GET request for "https://opendental-b.example.com/api/v1/procedurelogs": opendental-b.example.com
2026-10-02 14:43:00.262 [scheduling-1] INFO  c.c.o.s.I.ReconciliationSyncService - RECON entity=procedurelogs clinic=CLINIC_B inserted=0 updated=0 unchanged=0 stale=0 duplicates=0 failed=1
2026-10-02 14:43:00.262 [scheduling-1] ERROR c.c.o.s.I.ReconciliationSyncService - Failed to fetch pat_fields from clinic CLINIC_B: I/O error on GET request for "https://opendental-b.example.com/api/v1/patfields": opendental-b.example.com
2026-10-02 14:43:00.262 [scheduling-1] INFO  c.c.o.s.I.ReconciliationSyncService - RECON entity=patfields clinic=CLINIC_B inserted=0 updated=0 unchanged=0 stale=0 duplicates=0 failed=1
2026-10-02 14:43:00.263 [scheduling-1] ERROR c.c.o.s.I.ReconciliationSyncService - Failed to fetch schedules from clinic CLINIC_B: I/O error on GET request for "https://opendental-b.example.com/api/v1/schedules": opendental-b.example.com
2026-10-02 14:43:00.263 [scheduling-1] INFO  c.c.o.s.I.ReconciliationSyncService - RECON entity=schedules clinic=CLINIC_B inserted=0 updated=0 unchanged=0 stale=0 duplicates=0 failed=1
2026-10-02 14:43:00.263 [scheduling-1] ERROR c.c.o.s.I.ReconciliationSyncService - Failed to fetch tooth initials from clinic CLINIC_B: I/O error on GET request for "https://opendental-b.example.com/api/v1/toothinitial": opendental-b.example.com
2026-10-02 14:43:00.264 [scheduling-1] INFO  c.c.o.s.I.ReconciliationSyncService - RECON entity=toothinitials clinic=CLINIC_B inserted=0 updated=0 unchanged=0 stale=0 duplicates=0 failed=1
2026-10-02 14:43:00.264 [scheduling-1] ERROR c.c.o.s.I.ReconciliationSyncService - Failed to fetch providers from clinic CLINIC_B: I/O error on GET request for "https://opendental-b.example.com/api/v1/providers": opendental-b.example.com
2026-10-02 14:43:00.264 [scheduling-1] INFO  c.c.o.s.I.ReconciliationSyncService - RECON entity=providers clinic=CLINIC_B inserted=0 updated=0 unchanged=0 stale=0 duplicates=0 failed=1
2026-10-02 14:43:00.265 [scheduling-1] ERROR c.c.o.s.I.ReconciliationSyncService - Failed to fetch operatories from clinic CLINIC_B: I/O error on GET request for "https://opendental-b.example.com/api/v1/operatories": opendental-b.example.com
2026-10-02 14:43:00.265 [scheduling-1] INFO  c.c.o.s.I.ReconciliationSyncService - RECON entity=operatories clinic=CLINIC_B inserted=0 updated=0 unchanged=0 stale=0 duplicates=0 failed=1
2026-10-02 14:43:00.265 [scheduling-1] INFO  c.c.o.s.I.ReconciliationSyncService - Reconciliation for clinic CLINIC_B complete: 10 processed, 0 inserted, 0 updated, 0 unchanged, 0 stale, 0 duplicates, 10 failed
2026-10-02 14:43:00.265 [scheduling-1] INFO  c.c.o.s.I.ReconciliationSyncService - Reconciliation for clinic CLINIC_B complete: 0 synced, 10 failed
2026-10-02 14:43:00.282 [scheduling-1] ERROR c.c.o.s.I.ReconciliationSyncService - Failed to fetch Open Dental clinics from installation CLINIC_C: I/O error on GET request for "https://opendental-c.example.com/api/v1/clinics": opendental-c.example.com
2026-10-02 14:43:00.282 [scheduling-1] INFO  c.c.o.s.I.ReconciliationSyncService - RECON entity=clinics clinic=CLINIC_C inserted=0 updated=0 unchanged=0 stale=0 duplicates=0 failed=1
2026-10-02 14:43:00.283 [scheduling-1] ERROR c.c.o.s.I.ReconciliationSyncService - Failed to fetch patients from clinic CLINIC_C: I/O error on GET request for "https://opendental-c.example.com/api/v1/patients": opendental-c.example.com
2026-10-02 14:43:00.283 [scheduling-1] INFO  c.c.o.s.I.ReconciliationSyncService - RECON entity=patients clinic=CLINIC_C inserted=0 updated=0 unchanged=0 stale=0 duplicates=0 failed=1
2026-10-02 14:43:00.283 [scheduling-1] ERROR c.c.o.s.I.ReconciliationSyncService - Failed to fetch appointments from clinic CLINIC_C: I/O error on GET request for "https://opendental-c.example.com/api/v1/appointments": opendental-c.example.com
2026-10-02 14:43:00.284 [scheduling-1] INFO  c.c.o.s.I.ReconciliationSyncService - RECON entity=appointments clinic=CLINIC_C inserted=0 updated=0 unchanged=0 stale=0 duplicates=0 failed=1
2026-10-02 14:43:00.284 [scheduling-1] ERROR c.c.o.s.I.ReconciliationSyncService - Failed to fetch documents from clinic CLINIC_C: I/O error on GET request for "https://opendental-c.example.com/api/v1/patients": opendental-c.example.com
2026-10-02 14:43:00.284 [scheduling-1] INFO  c.c.o.s.I.ReconciliationSyncService - RECON entity=documents clinic=CLINIC_C inserted=0 updated=0 unchanged=0 stale=0 duplicates=0 failed=1
2026-10-02 14:43:00.285 [scheduling-1] ERROR c.c.o.s.I.ReconciliationSyncService - Failed to fetch procedure logs from clinic CLINIC_C: I/O error on GET request for "https://opendental-c.example.com/api/v1/procedurelogs": opendental-c.example.com
2026-10-02 14:43:00.285 [scheduling-1] INFO  c.c.o.s.I.ReconciliationSyncService - RECON entity=procedurelogs clinic=CLINIC_C inserted=0 updated=0 unchanged=0 stale=0 duplicates=0 failed=1
2026-10-02 14:43:00.285 [scheduling-1] ERROR c.c.o.s.I.ReconciliationSyncService - Failed to fetch pat_fields from clinic CLINIC_C: I/O error on GET request for "https://opendental-c.example.com/api/v1/patfields": opendental-c.example.com
2026-10-02 14:43:00.285 [scheduling-1] INFO  c.c.o.s.I.ReconciliationSyncService - RECON entity=patfields clinic=CLINIC_C inserted=0 updated=0 unchanged=0 stale=0 duplicates=0 failed=1
2026-10-02 14:43:00.285 [scheduling-1] ERROR c.c.o.s.I.ReconciliationSyncService - Failed to fetch schedules from clinic CLINIC_C: I/O error on GET request for "https://opendental-c.example.com/api/v1/schedules": opendental-c.example.com
2026-10-02 14:43:00.286 [scheduling-1] INFO  c.c.o.s.I.ReconciliationSyncService - RECON entity=schedules clinic=CLINIC_C inserted=0 updated=0 unchanged=0 stale=0 duplicates=0 failed=1
2026-10-02 14:43:00.286 [scheduling-1] ERROR c.c.o.s.I.ReconciliationSyncService - Failed to fetch tooth initials from clinic CLINIC_C: I/O error on GET request for "https://opendental-c.example.com/api/v1/toothinitial": opendental-c.example.com
2026-10-02 14:43:00.286 [scheduling-1] INFO  c.c.o.s.I.ReconciliationSyncService - RECON entity=toothinitials clinic=CLINIC_C inserted=0 updated=0 unchanged=0 stale=0 duplicates=0 failed=1
2026-10-02 14:43:00.286 [scheduling-1] ERROR c.c.o.s.I.ReconciliationSyncService - Failed to fetch providers from clinic CLINIC_C: I/O error on GET request for "https://opendental-c.example.com/api/v1/providers": opendental-c.example.com
2026-10-02 14:43:00.287 [scheduling-1] INFO  c.c.o.s.I.ReconciliationSyncService - RECON entity=providers clinic=CLINIC_C inserted=0 updated=0 unchanged=0 stale=0 duplicates=0 failed=1
2026-10-02 14:43:00.287 [scheduling-1] ERROR c.c.o.s.I.ReconciliationSyncService - Failed to fetch operatories from clinic CLINIC_C: I/O error on GET request for "https://opendental-c.example.com/api/v1/operatories": opendental-c.example.com
2026-10-02 14:43:00.287 [scheduling-1] INFO  c.c.o.s.I.ReconciliationSyncService - RECON entity=operatories clinic=CLINIC_C inserted=0 updated=0 unchanged=0 stale=0 duplicates=0 failed=1
2026-10-02 14:43:00.287 [scheduling-1] INFO  c.c.o.s.I.ReconciliationSyncService - Reconciliation for clinic CLINIC_C complete: 10 processed, 0 inserted, 0 updated, 0 unchanged, 0 stale, 0 duplicates, 10 failed
2026-10-02 14:43:00.287 [scheduling-1] INFO  c.c.o.s.I.ReconciliationSyncService - Reconciliation for clinic CLINIC_C complete: 0 synced, 10 failed
2026-10-02 14:43:00.287 [scheduling-1] INFO  c.c.o.s.I.ReconciliationSyncService - Reconciliation completed for 3 clinics (30 entities, 0 synced, 30 failed)
2026-10-02 14:43:00.288 [scheduling-1] INFO  c.c.o.s.ReconciliationScheduler - === Scheduled Reconciliation Complete: Reconciliation completed for 3 clinics (30 entities, 0 synced, 30 failed)
2026-10-02 14:43:00.288 [scheduling-1] INFO  c.c.o.s.ReconciliationScheduler - Scheduled reconciliation took 276 ms
2026-10-02 14:43:00.820 [http-nio-8080-exec-7] INFO  c.c.o.s.Impl.AppointmentServiceImpl - Fetching appointments with 0 filter(s)
2026-10-02 14:43:00.826 [http-nio-8080-exec-4] WARN  c.c.o.s.Impl.PatientServiceImpl - OpenDental API unavailable, falling back to database: 400 Bad Request: ""Malformed API request.""
2026-10-02 14:43:00.826 [http-nio-8080-exec-7] WARN  c.c.o.s.Impl.AppointmentServiceImpl - OpenDental API unavailable for appointments, falling back to database: 400 Bad Request: ""Malformed API request.""
2026-10-02 14:43:11.497 [http-nio-8080-exec-8] INFO  c.c.o.s.Impl.AppointmentServiceImpl - Fetching appointments with 0 filter(s)
2026-10-02 14:43:11.498 [http-nio-8080-exec-6] WARN  c.c.o.s.Impl.PatientServiceImpl - OpenDental API unavailable, falling back to database: 400 Bad Request: ""Malformed API request.""
2026-10-02 14:43:11.499 [http-nio-8080-exec-8] WARN  c.c.o.s.Impl.AppointmentServiceImpl - OpenDental API unavailable for appointments, falling back to database: 400 Bad Request: ""Malformed API request.""
2026-10-02 14:43:20.849 [http-nio-8080-exec-10] INFO  c.c.o.s.Impl.AppointmentServiceImpl - Fetching appointments with 0 filter(s)
2026-10-02 14:43:20.849 [http-nio-8080-exec-9] WARN  c.c.o.s.Impl.PatientServiceImpl - OpenDental API unavailable, falling back to database: 400 Bad Request: ""Malformed API request.""
2026-10-02 14:43:20.851 [http-nio-8080-exec-10] WARN  c.c.o.s.Impl.AppointmentServiceImpl - OpenDental API unavailable for appointments, falling back to database: 400 Bad Request: ""Malformed API request.""
2026-10-02 14:44:00.003 [scheduling-1] INFO  c.c.o.s.ReconciliationScheduler - === Scheduled Reconciliation Started ===
2026-10-02 14:44:00.222 [scheduling-1] ERROR c.c.o.s.I.ReconciliationSyncService - Failed to fetch Open Dental clinics from installation CLINIC_A: I/O error on GET request for "https://opendental-a.example.com/api/v1/clinics": opendental-a.example.com
2026-10-02 14:44:00.223 [scheduling-1] INFO  c.c.o.s.I.ReconciliationSyncService - RECON entity=clinics clinic=CLINIC_A inserted=0 updated=0 unchanged=0 stale=0 duplicates=0 failed=1
2026-10-02 14:44:00.224 [scheduling-1] ERROR c.c.o.s.I.ReconciliationSyncService - Failed to fetch patients from clinic CLINIC_A: I/O error on GET request for "https://opendental-a.example.com/api/v1/patients": opendental-a.example.com
2026-10-02 14:44:00.224 [scheduling-1] INFO  c.c.o.s.I.ReconciliationSyncService - RECON entity=patients clinic=CLINIC_A inserted=0 updated=0 unchanged=0 stale=0 duplicates=0 failed=1
2026-10-02 14:44:00.225 [scheduling-1] ERROR c.c.o.s.I.ReconciliationSyncService - Failed to fetch appointments from clinic CLINIC_A: I/O error on GET request for "https://opendental-a.example.com/api/v1/appointments": opendental-a.example.com
2026-10-02 14:44:00.225 [scheduling-1] INFO  c.c.o.s.I.ReconciliationSyncService - RECON entity=appointments clinic=CLINIC_A inserted=0 updated=0 unchanged=0 stale=0 duplicates=0 failed=1
2026-10-02 14:44:00.226 [scheduling-1] ERROR c.c.o.s.I.ReconciliationSyncService - Failed to fetch documents from clinic CLINIC_A: I/O error on GET request for "https://opendental-a.example.com/api/v1/patients": opendental-a.example.com
2026-10-02 14:44:00.226 [scheduling-1] INFO  c.c.o.s.I.ReconciliationSyncService - RECON entity=documents clinic=CLINIC_A inserted=0 updated=0 unchanged=0 stale=0 duplicates=0 failed=1
2026-10-02 14:44:00.227 [scheduling-1] ERROR c.c.o.s.I.ReconciliationSyncService - Failed to fetch procedure logs from clinic CLINIC_A: I/O error on GET request for "https://opendental-a.example.com/api/v1/procedurelogs": opendental-a.example.com
2026-10-02 14:44:00.227 [scheduling-1] INFO  c.c.o.s.I.ReconciliationSyncService - RECON entity=procedurelogs clinic=CLINIC_A inserted=0 updated=0 unchanged=0 stale=0 duplicates=0 failed=1
2026-10-02 14:44:00.228 [scheduling-1] ERROR c.c.o.s.I.ReconciliationSyncService - Failed to fetch pat_fields from clinic CLINIC_A: I/O error on GET request for "https://opendental-a.example.com/api/v1/patfields": opendental-a.example.com
2026-10-02 14:44:00.228 [scheduling-1] INFO  c.c.o.s.I.ReconciliationSyncService - RECON entity=patfields clinic=CLINIC_A inserted=0 updated=0 unchanged=0 stale=0 duplicates=0 failed=1
2026-10-02 14:44:00.228 [scheduling-1] ERROR c.c.o.s.I.ReconciliationSyncService - Failed to fetch schedules from clinic CLINIC_A: I/O error on GET request for "https://opendental-a.example.com/api/v1/schedules": opendental-a.example.com
2026-10-02 14:44:00.229 [scheduling-1] INFO  c.c.o.s.I.ReconciliationSyncService - RECON entity=schedules clinic=CLINIC_A inserted=0 updated=0 unchanged=0 stale=0 duplicates=0 failed=1
2026-10-02 14:44:00.229 [scheduling-1] ERROR c.c.o.s.I.ReconciliationSyncService - Failed to fetch tooth initials from clinic CLINIC_A: I/O error on GET request for "https://opendental-a.example.com/api/v1/toothinitial": opendental-a.example.com
2026-10-02 14:44:00.229 [scheduling-1] INFO  c.c.o.s.I.ReconciliationSyncService - RECON entity=toothinitials clinic=CLINIC_A inserted=0 updated=0 unchanged=0 stale=0 duplicates=0 failed=1
2026-10-02 14:44:00.230 [scheduling-1] ERROR c.c.o.s.I.ReconciliationSyncService - Failed to fetch providers from clinic CLINIC_A: I/O error on GET request for "https://opendental-a.example.com/api/v1/providers": opendental-a.example.com
2026-10-02 14:44:00.230 [scheduling-1] INFO  c.c.o.s.I.ReconciliationSyncService - RECON entity=providers clinic=CLINIC_A inserted=0 updated=0 unchanged=0 stale=0 duplicates=0 failed=1
2026-10-02 14:44:00.231 [scheduling-1] ERROR c.c.o.s.I.ReconciliationSyncService - Failed to fetch operatories from clinic CLINIC_A: I/O error on GET request for "https://opendental-a.example.com/api/v1/operatories": opendental-a.example.com
2026-10-02 14:44:00.231 [scheduling-1] INFO  c.c.o.s.I.ReconciliationSyncService - RECON entity=operatories clinic=CLINIC_A inserted=0 updated=0 unchanged=0 stale=0 duplicates=0 failed=1
2026-10-02 14:44:00.232 [scheduling-1] INFO  c.c.o.s.I.ReconciliationSyncService - Reconciliation for clinic CLINIC_A complete: 10 processed, 0 inserted, 0 updated, 0 unchanged, 0 stale, 0 duplicates, 10 failed
2026-10-02 14:44:00.232 [scheduling-1] INFO  c.c.o.s.I.ReconciliationSyncService - Reconciliation for clinic CLINIC_A complete: 0 synced, 10 failed
2026-10-02 14:44:00.277 [scheduling-1] ERROR c.c.o.s.I.ReconciliationSyncService - Failed to fetch Open Dental clinics from installation CLINIC_B: I/O error on GET request for "https://opendental-b.example.com/api/v1/clinics": opendental-b.example.com
2026-10-02 14:44:00.277 [scheduling-1] INFO  c.c.o.s.I.ReconciliationSyncService - RECON entity=clinics clinic=CLINIC_B inserted=0 updated=0 unchanged=0 stale=0 duplicates=0 failed=1
2026-10-02 14:44:00.278 [scheduling-1] ERROR c.c.o.s.I.ReconciliationSyncService - Failed to fetch patients from clinic CLINIC_B: I/O error on GET request for "https://opendental-b.example.com/api/v1/patients": opendental-b.example.com
2026-10-02 14:44:00.278 [scheduling-1] INFO  c.c.o.s.I.ReconciliationSyncService - RECON entity=patients clinic=CLINIC_B inserted=0 updated=0 unchanged=0 stale=0 duplicates=0 failed=1
2026-10-02 14:44:00.279 [scheduling-1] ERROR c.c.o.s.I.ReconciliationSyncService - Failed to fetch appointments from clinic CLINIC_B: I/O error on GET request for "https://opendental-b.example.com/api/v1/appointments": opendental-b.example.com
2026-10-02 14:44:00.279 [scheduling-1] INFO  c.c.o.s.I.ReconciliationSyncService - RECON entity=appointments clinic=CLINIC_B inserted=0 updated=0 unchanged=0 stale=0 duplicates=0 failed=1
2026-10-02 14:44:00.280 [scheduling-1] ERROR c.c.o.s.I.ReconciliationSyncService - Failed to fetch documents from clinic CLINIC_B: I/O error on GET request for "https://opendental-b.example.com/api/v1/patients": opendental-b.example.com
2026-10-02 14:44:00.280 [scheduling-1] INFO  c.c.o.s.I.ReconciliationSyncService - RECON entity=documents clinic=CLINIC_B inserted=0 updated=0 unchanged=0 stale=0 duplicates=0 failed=1
2026-10-02 14:44:00.280 [scheduling-1] ERROR c.c.o.s.I.ReconciliationSyncService - Failed to fetch procedure logs from clinic CLINIC_B: I/O error on GET request for "https://opendental-b.example.com/api/v1/procedurelogs": opendental-b.example.com
2026-10-02 14:44:00.280 [scheduling-1] INFO  c.c.o.s.I.ReconciliationSyncService - RECON entity=procedurelogs clinic=CLINIC_B inserted=0 updated=0 unchanged=0 stale=0 duplicates=0 failed=1
2026-10-02 14:44:00.281 [scheduling-1] ERROR c.c.o.s.I.ReconciliationSyncService - Failed to fetch pat_fields from clinic CLINIC_B: I/O error on GET request for "https://opendental-b.example.com/api/v1/patfields": opendental-b.example.com
2026-10-02 14:44:00.281 [scheduling-1] INFO  c.c.o.s.I.ReconciliationSyncService - RECON entity=patfields clinic=CLINIC_B inserted=0 updated=0 unchanged=0 stale=0 duplicates=0 failed=1
2026-10-02 14:44:00.281 [scheduling-1] ERROR c.c.o.s.I.ReconciliationSyncService - Failed to fetch schedules from clinic CLINIC_B: I/O error on GET request for "https://opendental-b.example.com/api/v1/schedules": opendental-b.example.com
2026-10-02 14:44:00.282 [scheduling-1] INFO  c.c.o.s.I.ReconciliationSyncService - RECON entity=schedules clinic=CLINIC_B inserted=0 updated=0 unchanged=0 stale=0 duplicates=0 failed=1
2026-10-02 14:44:00.282 [scheduling-1] ERROR c.c.o.s.I.ReconciliationSyncService - Failed to fetch tooth initials from clinic CLINIC_B: I/O error on GET request for "https://opendental-b.example.com/api/v1/toothinitial": opendental-b.example.com
2026-10-02 14:44:00.282 [scheduling-1] INFO  c.c.o.s.I.ReconciliationSyncService - RECON entity=toothinitials clinic=CLINIC_B inserted=0 updated=0 unchanged=0 stale=0 duplicates=0 failed=1
2026-10-02 14:44:00.284 [scheduling-1] ERROR c.c.o.s.I.ReconciliationSyncService - Failed to fetch providers from clinic CLINIC_B: I/O error on GET request for "https://opendental-b.example.com/api/v1/providers": opendental-b.example.com
2026-10-02 14:44:00.284 [scheduling-1] INFO  c.c.o.s.I.ReconciliationSyncService - RECON entity=providers clinic=CLINIC_B inserted=0 updated=0 unchanged=0 stale=0 duplicates=0 failed=1
2026-10-02 14:44:00.284 [scheduling-1] ERROR c.c.o.s.I.ReconciliationSyncService - Failed to fetch operatories from clinic CLINIC_B: I/O error on GET request for "https://opendental-b.example.com/api/v1/operatories": opendental-b.example.com
2026-10-02 14:44:00.285 [scheduling-1] INFO  c.c.o.s.I.ReconciliationSyncService - RECON entity=operatories clinic=CLINIC_B inserted=0 updated=0 unchanged=0 stale=0 duplicates=0 failed=1
2026-10-02 14:44:00.285 [scheduling-1] INFO  c.c.o.s.I.ReconciliationSyncService - Reconciliation for clinic CLINIC_B complete: 10 processed, 0 inserted, 0 updated, 0 unchanged, 0 stale, 0 duplicates, 10 failed
2026-10-02 14:44:00.285 [scheduling-1] INFO  c.c.o.s.I.ReconciliationSyncService - Reconciliation for clinic CLINIC_B complete: 0 synced, 10 failed
2026-10-02 14:44:00.294 [scheduling-1] ERROR c.c.o.s.I.ReconciliationSyncService - Failed to fetch Open Dental clinics from installation CLINIC_C: I/O error on GET request for "https://opendental-c.example.com/api/v1/clinics": opendental-c.example.com
2026-10-02 14:44:00.294 [scheduling-1] INFO  c.c.o.s.I.ReconciliationSyncService - RECON entity=clinics clinic=CLINIC_C inserted=0 updated=0 unchanged=0 stale=0 duplicates=0 failed=1
2026-10-02 14:44:00.294 [scheduling-1] ERROR c.c.o.s.I.ReconciliationSyncService - Failed to fetch patients from clinic CLINIC_C: I/O error on GET request for "https://opendental-c.example.com/api/v1/patients": opendental-c.example.com
2026-10-02 14:44:00.295 [scheduling-1] INFO  c.c.o.s.I.ReconciliationSyncService - RECON entity=patients clinic=CLINIC_C inserted=0 updated=0 unchanged=0 stale=0 duplicates=0 failed=1
2026-10-02 14:44:00.295 [scheduling-1] ERROR c.c.o.s.I.ReconciliationSyncService - Failed to fetch appointments from clinic CLINIC_C: I/O error on GET request for "https://opendental-c.example.com/api/v1/appointments": opendental-c.example.com
2026-10-02 14:44:00.295 [scheduling-1] INFO  c.c.o.s.I.ReconciliationSyncService - RECON entity=appointments clinic=CLINIC_C inserted=0 updated=0 unchanged=0 stale=0 duplicates=0 failed=1
2026-10-02 14:44:00.296 [scheduling-1] ERROR c.c.o.s.I.ReconciliationSyncService - Failed to fetch documents from clinic CLINIC_C: I/O error on GET request for "https://opendental-c.example.com/api/v1/patients": opendental-c.example.com
2026-10-02 14:44:00.296 [scheduling-1] INFO  c.c.o.s.I.ReconciliationSyncService - RECON entity=documents clinic=CLINIC_C inserted=0 updated=0 unchanged=0 stale=0 duplicates=0 failed=1
2026-10-02 14:44:00.297 [scheduling-1] ERROR c.c.o.s.I.ReconciliationSyncService - Failed to fetch procedure logs from clinic CLINIC_C: I/O error on GET request for "https://opendental-c.example.com/api/v1/procedurelogs": opendental-c.example.com
2026-10-02 14:44:00.297 [scheduling-1] INFO  c.c.o.s.I.ReconciliationSyncService - RECON entity=procedurelogs clinic=CLINIC_C inserted=0 updated=0 unchanged=0 stale=0 duplicates=0 failed=1
2026-10-02 14:44:00.298 [scheduling-1] ERROR c.c.o.s.I.ReconciliationSyncService - Failed to fetch pat_fields from clinic CLINIC_C: I/O error on GET request for "https://opendental-c.example.com/api/v1/patfields": opendental-c.example.com
2026-10-02 14:44:00.298 [scheduling-1] INFO  c.c.o.s.I.ReconciliationSyncService - RECON entity=patfields clinic=CLINIC_C inserted=0 updated=0 unchanged=0 stale=0 duplicates=0 failed=1
2026-10-02 14:44:00.299 [scheduling-1] ERROR c.c.o.s.I.ReconciliationSyncService - Failed to fetch schedules from clinic CLINIC_C: I/O error on GET request for "https://opendental-c.example.com/api/v1/schedules": opendental-c.example.com
2026-10-02 14:44:00.299 [scheduling-1] INFO  c.c.o.s.I.ReconciliationSyncService - RECON entity=schedules clinic=CLINIC_C inserted=0 updated=0 unchanged=0 stale=0 duplicates=0 failed=1
2026-10-02 14:44:00.300 [scheduling-1] ERROR c.c.o.s.I.ReconciliationSyncService - Failed to fetch tooth initials from clinic CLINIC_C: I/O error on GET request for "https://opendental-c.example.com/api/v1/toothinitial": opendental-c.example.com
2026-10-02 14:44:00.300 [scheduling-1] INFO  c.c.o.s.I.ReconciliationSyncService - RECON entity=toothinitials clinic=CLINIC_C inserted=0 updated=0 unchanged=0 stale=0 duplicates=0 failed=1
2026-10-02 14:44:00.300 [scheduling-1] ERROR c.c.o.s.I.ReconciliationSyncService - Failed to fetch providers from clinic CLINIC_C: I/O error on GET request for "https://opendental-c.example.com/api/v1/providers": opendental-c.example.com
2026-10-02 14:44:00.301 [scheduling-1] INFO  c.c.o.s.I.ReconciliationSyncService - RECON entity=providers clinic=CLINIC_C inserted=0 updated=0 unchanged=0 stale=0 duplicates=0 failed=1
2026-10-02 14:44:00.301 [scheduling-1] ERROR c.c.o.s.I.ReconciliationSyncService - Failed to fetch operatories from clinic CLINIC_C: I/O error on GET request for "https://opendental-c.example.com/api/v1/operatories": opendental-c.example.com
2026-10-02 14:44:00.301 [scheduling-1] INFO  c.c.o.s.I.ReconciliationSyncService - RECON entity=operatories clinic=CLINIC_C inserted=0 updated=0 unchanged=0 stale=0 duplicates=0 failed=1
2026-10-02 14:44:00.301 [scheduling-1] INFO  c.c.o.s.I.ReconciliationSyncService - Reconciliation for clinic CLINIC_C complete: 10 processed, 0 inserted, 0 updated, 0 unchanged, 0 stale, 0 duplicates, 10 failed
2026-10-02 14:44:00.302 [scheduling-1] INFO  c.c.o.s.I.ReconciliationSyncService - Reconciliation for clinic CLINIC_C complete: 0 synced, 10 failed
2026-10-02 14:44:00.302 [scheduling-1] INFO  c.c.o.s.I.ReconciliationSyncService - Reconciliation completed for 3 clinics (30 entities, 0 synced, 30 failed)
2026-10-02 14:44:00.302 [scheduling-1] INFO  c.c.o.s.ReconciliationScheduler - === Scheduled Reconciliation Complete: Reconciliation completed for 3 clinics (30 entities, 0 synced, 30 failed)
2026-10-02 14:44:00.302 [scheduling-1] INFO  c.c.o.s.ReconciliationScheduler - Scheduled reconciliation took 297 ms
2026-10-02 14:45:00.012 [scheduling-1] INFO  c.c.o.s.ReconciliationScheduler - === Scheduled Reconciliation Started ===
2026-10-02 14:45:00.206 [scheduling-1] ERROR c.c.o.s.I.ReconciliationSyncService - Failed to fetch Open Dental clinics from installation CLINIC_A: I/O error on GET request for "https://opendental-a.example.com/api/v1/clinics": opendental-a.example.com
2026-10-02 14:45:00.207 [scheduling-1] INFO  c.c.o.s.I.ReconciliationSyncService - RECON entity=clinics clinic=CLINIC_A inserted=0 updated=0 unchanged=0 stale=0 duplicates=0 failed=1
2026-10-02 14:45:00.209 [scheduling-1] ERROR c.c.o.s.I.ReconciliationSyncService - Failed to fetch patients from clinic CLINIC_A: I/O error on GET request for "https://opendental-a.example.com/api/v1/patients": opendental-a.example.com
2026-10-02 14:45:00.209 [scheduling-1] INFO  c.c.o.s.I.ReconciliationSyncService - RECON entity=patients clinic=CLINIC_A inserted=0 updated=0 unchanged=0 stale=0 duplicates=0 failed=1
2026-10-02 14:45:00.210 [scheduling-1] ERROR c.c.o.s.I.ReconciliationSyncService - Failed to fetch appointments from clinic CLINIC_A: I/O error on GET request for "https://opendental-a.example.com/api/v1/appointments": opendental-a.example.com
2026-10-02 14:45:00.210 [scheduling-1] INFO  c.c.o.s.I.ReconciliationSyncService - RECON entity=appointments clinic=CLINIC_A inserted=0 updated=0 unchanged=0 stale=0 duplicates=0 failed=1
2026-10-02 14:45:00.211 [scheduling-1] ERROR c.c.o.s.I.ReconciliationSyncService - Failed to fetch documents from clinic CLINIC_A: I/O error on GET request for "https://opendental-a.example.com/api/v1/patients": opendental-a.example.com
2026-10-02 14:45:00.211 [scheduling-1] INFO  c.c.o.s.I.ReconciliationSyncService - RECON entity=documents clinic=CLINIC_A inserted=0 updated=0 unchanged=0 stale=0 duplicates=0 failed=1
2026-10-02 14:45:00.211 [scheduling-1] ERROR c.c.o.s.I.ReconciliationSyncService - Failed to fetch procedure logs from clinic CLINIC_A: I/O error on GET request for "https://opendental-a.example.com/api/v1/procedurelogs": opendental-a.example.com
2026-10-02 14:45:00.211 [scheduling-1] INFO  c.c.o.s.I.ReconciliationSyncService - RECON entity=procedurelogs clinic=CLINIC_A inserted=0 updated=0 unchanged=0 stale=0 duplicates=0 failed=1
2026-10-02 14:45:00.212 [scheduling-1] ERROR c.c.o.s.I.ReconciliationSyncService - Failed to fetch pat_fields from clinic CLINIC_A: I/O error on GET request for "https://opendental-a.example.com/api/v1/patfields": opendental-a.example.com
2026-10-02 14:45:00.212 [scheduling-1] INFO  c.c.o.s.I.ReconciliationSyncService - RECON entity=patfields clinic=CLINIC_A inserted=0 updated=0 unchanged=0 stale=0 duplicates=0 failed=1
2026-10-02 14:45:00.212 [scheduling-1] ERROR c.c.o.s.I.ReconciliationSyncService - Failed to fetch schedules from clinic CLINIC_A: I/O error on GET request for "https://opendental-a.example.com/api/v1/schedules": opendental-a.example.com
2026-10-02 14:45:00.212 [scheduling-1] INFO  c.c.o.s.I.ReconciliationSyncService - RECON entity=schedules clinic=CLINIC_A inserted=0 updated=0 unchanged=0 stale=0 duplicates=0 failed=1
2026-10-02 14:45:00.213 [scheduling-1] ERROR c.c.o.s.I.ReconciliationSyncService - Failed to fetch tooth initials from clinic CLINIC_A: I/O error on GET request for "https://opendental-a.example.com/api/v1/toothinitial": opendental-a.example.com
2026-10-02 14:45:00.213 [scheduling-1] INFO  c.c.o.s.I.ReconciliationSyncService - RECON entity=toothinitials clinic=CLINIC_A inserted=0 updated=0 unchanged=0 stale=0 duplicates=0 failed=1
2026-10-02 14:45:00.213 [scheduling-1] ERROR c.c.o.s.I.ReconciliationSyncService - Failed to fetch providers from clinic CLINIC_A: I/O error on GET request for "https://opendental-a.example.com/api/v1/providers": opendental-a.example.com
2026-10-02 14:45:00.213 [scheduling-1] INFO  c.c.o.s.I.ReconciliationSyncService - RECON entity=providers clinic=CLINIC_A inserted=0 updated=0 unchanged=0 stale=0 duplicates=0 failed=1
2026-10-02 14:45:00.214 [scheduling-1] ERROR c.c.o.s.I.ReconciliationSyncService - Failed to fetch operatories from clinic CLINIC_A: I/O error on GET request for "https://opendental-a.example.com/api/v1/operatories": opendental-a.example.com
2026-10-02 14:45:00.214 [scheduling-1] INFO  c.c.o.s.I.ReconciliationSyncService - RECON entity=operatories clinic=CLINIC_A inserted=0 updated=0 unchanged=0 stale=0 duplicates=0 failed=1
2026-10-02 14:45:00.214 [scheduling-1] INFO  c.c.o.s.I.ReconciliationSyncService - Reconciliation for clinic CLINIC_A complete: 10 processed, 0 inserted, 0 updated, 0 unchanged, 0 stale, 0 duplicates, 10 failed
2026-10-02 14:45:00.214 [scheduling-1] INFO  c.c.o.s.I.ReconciliationSyncService - Reconciliation for clinic CLINIC_A complete: 0 synced, 10 failed
2026-10-02 14:45:00.216 [scheduling-1] ERROR c.c.o.s.I.ReconciliationSyncService - Failed to fetch Open Dental clinics from installation CLINIC_B: I/O error on GET request for "https://opendental-b.example.com/api/v1/clinics": opendental-b.example.com
2026-10-02 14:45:00.217 [scheduling-1] INFO  c.c.o.s.I.ReconciliationSyncService - RECON entity=clinics clinic=CLINIC_B inserted=0 updated=0 unchanged=0 stale=0 duplicates=0 failed=1
2026-10-02 14:45:00.217 [scheduling-1] ERROR c.c.o.s.I.ReconciliationSyncService - Failed to fetch patients from clinic CLINIC_B: I/O error on GET request for "https://opendental-b.example.com/api/v1/patients": opendental-b.example.com
2026-10-02 14:45:00.217 [scheduling-1] INFO  c.c.o.s.I.ReconciliationSyncService - RECON entity=patients clinic=CLINIC_B inserted=0 updated=0 unchanged=0 stale=0 duplicates=0 failed=1
2026-10-02 14:45:00.217 [scheduling-1] ERROR c.c.o.s.I.ReconciliationSyncService - Failed to fetch appointments from clinic CLINIC_B: I/O error on GET request for "https://opendental-b.example.com/api/v1/appointments": opendental-b.example.com
2026-10-02 14:45:00.217 [scheduling-1] INFO  c.c.o.s.I.ReconciliationSyncService - RECON entity=appointments clinic=CLINIC_B inserted=0 updated=0 unchanged=0 stale=0 duplicates=0 failed=1
2026-10-02 14:45:00.218 [scheduling-1] ERROR c.c.o.s.I.ReconciliationSyncService - Failed to fetch documents from clinic CLINIC_B: I/O error on GET request for "https://opendental-b.example.com/api/v1/patients": opendental-b.example.com
2026-10-02 14:45:00.218 [scheduling-1] INFO  c.c.o.s.I.ReconciliationSyncService - RECON entity=documents clinic=CLINIC_B inserted=0 updated=0 unchanged=0 stale=0 duplicates=0 failed=1
2026-10-02 14:45:00.218 [scheduling-1] ERROR c.c.o.s.I.ReconciliationSyncService - Failed to fetch procedure logs from clinic CLINIC_B: I/O error on GET request for "https://opendental-b.example.com/api/v1/procedurelogs": opendental-b.example.com
2026-10-02 14:45:00.218 [scheduling-1] INFO  c.c.o.s.I.ReconciliationSyncService - RECON entity=procedurelogs clinic=CLINIC_B inserted=0 updated=0 unchanged=0 stale=0 duplicates=0 failed=1
2026-10-02 14:45:00.219 [scheduling-1] ERROR c.c.o.s.I.ReconciliationSyncService - Failed to fetch pat_fields from clinic CLINIC_B: I/O error on GET request for "https://opendental-b.example.com/api/v1/patfields": opendental-b.example.com
2026-10-02 14:45:00.219 [scheduling-1] INFO  c.c.o.s.I.ReconciliationSyncService - RECON entity=patfields clinic=CLINIC_B inserted=0 updated=0 unchanged=0 stale=0 duplicates=0 failed=1
2026-10-02 14:45:00.219 [scheduling-1] ERROR c.c.o.s.I.ReconciliationSyncService - Failed to fetch schedules from clinic CLINIC_B: I/O error on GET request for "https://opendental-b.example.com/api/v1/schedules": opendental-b.example.com
2026-10-02 14:45:00.219 [scheduling-1] INFO  c.c.o.s.I.ReconciliationSyncService - RECON entity=schedules clinic=CLINIC_B inserted=0 updated=0 unchanged=0 stale=0 duplicates=0 failed=1
2026-10-02 14:45:00.220 [scheduling-1] ERROR c.c.o.s.I.ReconciliationSyncService - Failed to fetch tooth initials from clinic CLINIC_B: I/O error on GET request for "https://opendental-b.example.com/api/v1/toothinitial": opendental-b.example.com
2026-10-02 14:45:00.220 [scheduling-1] INFO  c.c.o.s.I.ReconciliationSyncService - RECON entity=toothinitials clinic=CLINIC_B inserted=0 updated=0 unchanged=0 stale=0 duplicates=0 failed=1
2026-10-02 14:45:00.220 [scheduling-1] ERROR c.c.o.s.I.ReconciliationSyncService - Failed to fetch providers from clinic CLINIC_B: I/O error on GET request for "https://opendental-b.example.com/api/v1/providers": opendental-b.example.com
2026-10-02 14:45:00.220 [scheduling-1] INFO  c.c.o.s.I.ReconciliationSyncService - RECON entity=providers clinic=CLINIC_B inserted=0 updated=0 unchanged=0 stale=0 duplicates=0 failed=1
2026-10-02 14:45:00.221 [scheduling-1] ERROR c.c.o.s.I.ReconciliationSyncService - Failed to fetch operatories from clinic CLINIC_B: I/O error on GET request for "https://opendental-b.example.com/api/v1/operatories": opendental-b.example.com
2026-10-02 14:45:00.221 [scheduling-1] INFO  c.c.o.s.I.ReconciliationSyncService - RECON entity=operatories clinic=CLINIC_B inserted=0 updated=0 unchanged=0 stale=0 duplicates=0 failed=1
2026-10-02 14:45:00.221 [scheduling-1] INFO  c.c.o.s.I.ReconciliationSyncService - Reconciliation for clinic CLINIC_B complete: 10 processed, 0 inserted, 0 updated, 0 unchanged, 0 stale, 0 duplicates, 10 failed
2026-10-02 14:45:00.221 [scheduling-1] INFO  c.c.o.s.I.ReconciliationSyncService - Reconciliation for clinic CLINIC_B complete: 0 synced, 10 failed
2026-10-02 14:45:00.223 [scheduling-1] ERROR c.c.o.s.I.ReconciliationSyncService - Failed to fetch Open Dental clinics from installation CLINIC_C: I/O error on GET request for "https://opendental-c.example.com/api/v1/clinics": opendental-c.example.com
2026-10-02 14:45:00.223 [scheduling-1] INFO  c.c.o.s.I.ReconciliationSyncService - RECON entity=clinics clinic=CLINIC_C inserted=0 updated=0 unchanged=0 stale=0 duplicates=0 failed=1
2026-10-02 14:45:00.224 [scheduling-1] ERROR c.c.o.s.I.ReconciliationSyncService - Failed to fetch patients from clinic CLINIC_C: I/O error on GET request for "https://opendental-c.example.com/api/v1/patients": opendental-c.example.com
2026-10-02 14:45:00.224 [scheduling-1] INFO  c.c.o.s.I.ReconciliationSyncService - RECON entity=patients clinic=CLINIC_C inserted=0 updated=0 unchanged=0 stale=0 duplicates=0 failed=1
2026-10-02 14:45:00.225 [scheduling-1] ERROR c.c.o.s.I.ReconciliationSyncService - Failed to fetch appointments from clinic CLINIC_C: I/O error on GET request for "https://opendental-c.example.com/api/v1/appointments": opendental-c.example.com
2026-10-02 14:45:00.225 [scheduling-1] INFO  c.c.o.s.I.ReconciliationSyncService - RECON entity=appointments clinic=CLINIC_C inserted=0 updated=0 unchanged=0 stale=0 duplicates=0 failed=1
2026-10-02 14:45:00.225 [scheduling-1] ERROR c.c.o.s.I.ReconciliationSyncService - Failed to fetch documents from clinic CLINIC_C: I/O error on GET request for "https://opendental-c.example.com/api/v1/patients": opendental-c.example.com
2026-10-02 14:45:00.225 [scheduling-1] INFO  c.c.o.s.I.ReconciliationSyncService - RECON entity=documents clinic=CLINIC_C inserted=0 updated=0 unchanged=0 stale=0 duplicates=0 failed=1
2026-10-02 14:45:00.225 [scheduling-1] ERROR c.c.o.s.I.ReconciliationSyncService - Failed to fetch procedure logs from clinic CLINIC_C: I/O error on GET request for "https://opendental-c.example.com/api/v1/procedurelogs": opendental-c.example.com
2026-10-02 14:45:00.225 [scheduling-1] INFO  c.c.o.s.I.ReconciliationSyncService - RECON entity=procedurelogs clinic=CLINIC_C inserted=0 updated=0 unchanged=0 stale=0 duplicates=0 failed=1
2026-10-02 14:45:00.226 [scheduling-1] ERROR c.c.o.s.I.ReconciliationSyncService - Failed to fetch pat_fields from clinic CLINIC_C: I/O error on GET request for "https://opendental-c.example.com/api/v1/patfields": opendental-c.example.com
2026-10-02 14:45:00.226 [scheduling-1] INFO  c.c.o.s.I.ReconciliationSyncService - RECON entity=patfields clinic=CLINIC_C inserted=0 updated=0 unchanged=0 stale=0 duplicates=0 failed=1
2026-10-02 14:45:00.226 [scheduling-1] ERROR c.c.o.s.I.ReconciliationSyncService - Failed to fetch schedules from clinic CLINIC_C: I/O error on GET request for "https://opendental-c.example.com/api/v1/schedules": opendental-c.example.com
2026-10-02 14:45:00.226 [scheduling-1] INFO  c.c.o.s.I.ReconciliationSyncService - RECON entity=schedules clinic=CLINIC_C inserted=0 updated=0 unchanged=0 stale=0 duplicates=0 failed=1
2026-10-02 14:45:00.227 [scheduling-1] ERROR c.c.o.s.I.ReconciliationSyncService - Failed to fetch tooth initials from clinic CLINIC_C: I/O error on GET request for "https://opendental-c.example.com/api/v1/toothinitial": opendental-c.example.com
2026-10-02 14:45:00.227 [scheduling-1] INFO  c.c.o.s.I.ReconciliationSyncService - RECON entity=toothinitials clinic=CLINIC_C inserted=0 updated=0 unchanged=0 stale=0 duplicates=0 failed=1
2026-10-02 14:45:00.227 [scheduling-1] ERROR c.c.o.s.I.ReconciliationSyncService - Failed to fetch providers from clinic CLINIC_C: I/O error on GET request for "https://opendental-c.example.com/api/v1/providers": opendental-c.example.com
2026-10-02 14:45:00.228 [scheduling-1] INFO  c.c.o.s.I.ReconciliationSyncService - RECON entity=providers clinic=CLINIC_C inserted=0 updated=0 unchanged=0 stale=0 duplicates=0 failed=1
2026-10-02 14:45:00.228 [scheduling-1] ERROR c.c.o.s.I.ReconciliationSyncService - Failed to fetch operatories from clinic CLINIC_C: I/O error on GET request for "https://opendental-c.example.com/api/v1/operatories": opendental-c.example.com
2026-10-02 14:45:00.229 [scheduling-1] INFO  c.c.o.s.I.ReconciliationSyncService - RECON entity=operatories clinic=CLINIC_C inserted=0 updated=0 unchanged=0 stale=0 duplicates=0 failed=1
2026-10-02 14:45:00.229 [scheduling-1] INFO  c.c.o.s.I.ReconciliationSyncService - Reconciliation for clinic CLINIC_C complete: 10 processed, 0 inserted, 0 updated, 0 unchanged, 0 stale, 0 duplicates, 10 failed
2026-10-02 14:45:00.229 [scheduling-1] INFO  c.c.o.s.I.ReconciliationSyncService - Reconciliation for clinic CLINIC_C complete: 0 synced, 10 failed
2026-10-02 14:45:00.229 [scheduling-1] INFO  c.c.o.s.I.ReconciliationSyncService - Reconciliation completed for 3 clinics (30 entities, 0 synced, 30 failed)
2026-10-02 14:45:00.229 [scheduling-1] INFO  c.c.o.s.ReconciliationScheduler - === Scheduled Reconciliation Complete: Reconciliation completed for 3 clinics (30 entities, 0 synced, 30 failed)
2026-10-02 14:45:00.229 [scheduling-1] INFO  c.c.o.s.ReconciliationScheduler - Scheduled reconciliation took 216 ms
2026-10-02 14:45:11.527 [http-nio-8080-exec-5] INFO  c.c.o.s.Impl.AppointmentServiceImpl - Fetching appointments with 0 filter(s)
2026-10-02 14:45:11.530 [http-nio-8080-exec-5] WARN  c.c.o.s.Impl.AppointmentServiceImpl - OpenDental API unavailable for appointments, falling back to database: 400 Bad Request: ""Malformed API request.""
2026-10-02 14:45:11.576 [http-nio-8080-exec-3] WARN  c.c.o.s.Impl.PatientServiceImpl - OpenDental API unavailable, falling back to database: 400 Bad Request: ""Malformed API request.""
2026-10-02 14:46:00.014 [scheduling-1] INFO  c.c.o.s.ReconciliationScheduler - === Scheduled Reconciliation Started ===
2026-10-02 14:46:00.215 [scheduling-1] ERROR c.c.o.s.I.ReconciliationSyncService - Failed to fetch Open Dental clinics from installation CLINIC_A: I/O error on GET request for "https://opendental-a.example.com/api/v1/clinics": opendental-a.example.com
2026-10-02 14:46:00.216 [scheduling-1] INFO  c.c.o.s.I.ReconciliationSyncService - RECON entity=clinics clinic=CLINIC_A inserted=0 updated=0 unchanged=0 stale=0 duplicates=0 failed=1
2026-10-02 14:46:00.216 [scheduling-1] ERROR c.c.o.s.I.ReconciliationSyncService - Failed to fetch patients from clinic CLINIC_A: I/O error on GET request for "https://opendental-a.example.com/api/v1/patients": opendental-a.example.com
2026-10-02 14:46:00.217 [scheduling-1] INFO  c.c.o.s.I.ReconciliationSyncService - RECON entity=patients clinic=CLINIC_A inserted=0 updated=0 unchanged=0 stale=0 duplicates=0 failed=1
2026-10-02 14:46:00.217 [scheduling-1] ERROR c.c.o.s.I.ReconciliationSyncService - Failed to fetch appointments from clinic CLINIC_A: I/O error on GET request for "https://opendental-a.example.com/api/v1/appointments": opendental-a.example.com
2026-10-02 14:46:00.217 [scheduling-1] INFO  c.c.o.s.I.ReconciliationSyncService - RECON entity=appointments clinic=CLINIC_A inserted=0 updated=0 unchanged=0 stale=0 duplicates=0 failed=1
2026-10-02 14:46:00.218 [scheduling-1] ERROR c.c.o.s.I.ReconciliationSyncService - Failed to fetch documents from clinic CLINIC_A: I/O error on GET request for "https://opendental-a.example.com/api/v1/patients": opendental-a.example.com
2026-10-02 14:46:00.218 [scheduling-1] INFO  c.c.o.s.I.ReconciliationSyncService - RECON entity=documents clinic=CLINIC_A inserted=0 updated=0 unchanged=0 stale=0 duplicates=0 failed=1
2026-10-02 14:46:00.218 [scheduling-1] ERROR c.c.o.s.I.ReconciliationSyncService - Failed to fetch procedure logs from clinic CLINIC_A: I/O error on GET request for "https://opendental-a.example.com/api/v1/procedurelogs": opendental-a.example.com
2026-10-02 14:46:00.218 [scheduling-1] INFO  c.c.o.s.I.ReconciliationSyncService - RECON entity=procedurelogs clinic=CLINIC_A inserted=0 updated=0 unchanged=0 stale=0 duplicates=0 failed=1
2026-10-02 14:46:00.219 [scheduling-1] ERROR c.c.o.s.I.ReconciliationSyncService - Failed to fetch pat_fields from clinic CLINIC_A: I/O error on GET request for "https://opendental-a.example.com/api/v1/patfields": opendental-a.example.com
2026-10-02 14:46:00.219 [scheduling-1] INFO  c.c.o.s.I.ReconciliationSyncService - RECON entity=patfields clinic=CLINIC_A inserted=0 updated=0 unchanged=0 stale=0 duplicates=0 failed=1
2026-10-02 14:46:00.220 [scheduling-1] ERROR c.c.o.s.I.ReconciliationSyncService - Failed to fetch schedules from clinic CLINIC_A: I/O error on GET request for "https://opendental-a.example.com/api/v1/schedules": opendental-a.example.com
2026-10-02 14:46:00.220 [scheduling-1] INFO  c.c.o.s.I.ReconciliationSyncService - RECON entity=schedules clinic=CLINIC_A inserted=0 updated=0 unchanged=0 stale=0 duplicates=0 failed=1
2026-10-02 14:46:00.220 [scheduling-1] ERROR c.c.o.s.I.ReconciliationSyncService - Failed to fetch tooth initials from clinic CLINIC_A: I/O error on GET request for "https://opendental-a.example.com/api/v1/toothinitial": opendental-a.example.com
2026-10-02 14:46:00.220 [scheduling-1] INFO  c.c.o.s.I.ReconciliationSyncService - RECON entity=toothinitials clinic=CLINIC_A inserted=0 updated=0 unchanged=0 stale=0 duplicates=0 failed=1
2026-10-02 14:46:00.220 [scheduling-1] ERROR c.c.o.s.I.ReconciliationSyncService - Failed to fetch providers from clinic CLINIC_A: I/O error on GET request for "https://opendental-a.example.com/api/v1/providers": opendental-a.example.com
2026-10-02 14:46:00.221 [scheduling-1] INFO  c.c.o.s.I.ReconciliationSyncService - RECON entity=providers clinic=CLINIC_A inserted=0 updated=0 unchanged=0 stale=0 duplicates=0 failed=1
2026-10-02 14:46:00.221 [scheduling-1] ERROR c.c.o.s.I.ReconciliationSyncService - Failed to fetch operatories from clinic CLINIC_A: I/O error on GET request for "https://opendental-a.example.com/api/v1/operatories": opendental-a.example.com
2026-10-02 14:46:00.221 [scheduling-1] INFO  c.c.o.s.I.ReconciliationSyncService - RECON entity=operatories clinic=CLINIC_A inserted=0 updated=0 unchanged=0 stale=0 duplicates=0 failed=1
2026-10-02 14:46:00.221 [scheduling-1] INFO  c.c.o.s.I.ReconciliationSyncService - Reconciliation for clinic CLINIC_A complete: 10 processed, 0 inserted, 0 updated, 0 unchanged, 0 stale, 0 duplicates, 10 failed
2026-10-02 14:46:00.221 [scheduling-1] INFO  c.c.o.s.I.ReconciliationSyncService - Reconciliation for clinic CLINIC_A complete: 0 synced, 10 failed
2026-10-02 14:46:00.233 [scheduling-1] ERROR c.c.o.s.I.ReconciliationSyncService - Failed to fetch Open Dental clinics from installation CLINIC_B: I/O error on GET request for "https://opendental-b.example.com/api/v1/clinics": opendental-b.example.com
2026-10-02 14:46:00.233 [scheduling-1] INFO  c.c.o.s.I.ReconciliationSyncService - RECON entity=clinics clinic=CLINIC_B inserted=0 updated=0 unchanged=0 stale=0 duplicates=0 failed=1
2026-10-02 14:46:00.234 [scheduling-1] ERROR c.c.o.s.I.ReconciliationSyncService - Failed to fetch patients from clinic CLINIC_B: I/O error on GET request for "https://opendental-b.example.com/api/v1/patients": opendental-b.example.com
2026-10-02 14:46:00.234 [scheduling-1] INFO  c.c.o.s.I.ReconciliationSyncService - RECON entity=patients clinic=CLINIC_B inserted=0 updated=0 unchanged=0 stale=0 duplicates=0 failed=1
2026-10-02 14:46:00.234 [scheduling-1] ERROR c.c.o.s.I.ReconciliationSyncService - Failed to fetch appointments from clinic CLINIC_B: I/O error on GET request for "https://opendental-b.example.com/api/v1/appointments": opendental-b.example.com
2026-10-02 14:46:00.234 [scheduling-1] INFO  c.c.o.s.I.ReconciliationSyncService - RECON entity=appointments clinic=CLINIC_B inserted=0 updated=0 unchanged=0 stale=0 duplicates=0 failed=1
2026-10-02 14:46:00.234 [scheduling-1] ERROR c.c.o.s.I.ReconciliationSyncService - Failed to fetch documents from clinic CLINIC_B: I/O error on GET request for "https://opendental-b.example.com/api/v1/patients": opendental-b.example.com
2026-10-02 14:46:00.235 [scheduling-1] INFO  c.c.o.s.I.ReconciliationSyncService - RECON entity=documents clinic=CLINIC_B inserted=0 updated=0 unchanged=0 stale=0 duplicates=0 failed=1
2026-10-02 14:46:00.235 [scheduling-1] ERROR c.c.o.s.I.ReconciliationSyncService - Failed to fetch procedure logs from clinic CLINIC_B: I/O error on GET request for "https://opendental-b.example.com/api/v1/procedurelogs": opendental-b.example.com
2026-10-02 14:46:00.235 [scheduling-1] INFO  c.c.o.s.I.ReconciliationSyncService - RECON entity=procedurelogs clinic=CLINIC_B inserted=0 updated=0 unchanged=0 stale=0 duplicates=0 failed=1
2026-10-02 14:46:00.236 [scheduling-1] ERROR c.c.o.s.I.ReconciliationSyncService - Failed to fetch pat_fields from clinic CLINIC_B: I/O error on GET request for "https://opendental-b.example.com/api/v1/patfields": opendental-b.example.com
2026-10-02 14:46:00.236 [scheduling-1] INFO  c.c.o.s.I.ReconciliationSyncService - RECON entity=patfields clinic=CLINIC_B inserted=0 updated=0 unchanged=0 stale=0 duplicates=0 failed=1
2026-10-02 14:46:00.236 [scheduling-1] ERROR c.c.o.s.I.ReconciliationSyncService - Failed to fetch schedules from clinic CLINIC_B: I/O error on GET request for "https://opendental-b.example.com/api/v1/schedules": opendental-b.example.com
2026-10-02 14:46:00.236 [scheduling-1] INFO  c.c.o.s.I.ReconciliationSyncService - RECON entity=schedules clinic=CLINIC_B inserted=0 updated=0 unchanged=0 stale=0 duplicates=0 failed=1
2026-10-02 14:46:00.237 [scheduling-1] ERROR c.c.o.s.I.ReconciliationSyncService - Failed to fetch tooth initials from clinic CLINIC_B: I/O error on GET request for "https://opendental-b.example.com/api/v1/toothinitial": opendental-b.example.com
2026-10-02 14:46:00.237 [scheduling-1] INFO  c.c.o.s.I.ReconciliationSyncService - RECON entity=toothinitials clinic=CLINIC_B inserted=0 updated=0 unchanged=0 stale=0 duplicates=0 failed=1
2026-10-02 14:46:00.237 [scheduling-1] ERROR c.c.o.s.I.ReconciliationSyncService - Failed to fetch providers from clinic CLINIC_B: I/O error on GET request for "https://opendental-b.example.com/api/v1/providers": opendental-b.example.com
2026-10-02 14:46:00.237 [scheduling-1] INFO  c.c.o.s.I.ReconciliationSyncService - RECON entity=providers clinic=CLINIC_B inserted=0 updated=0 unchanged=0 stale=0 duplicates=0 failed=1
2026-10-02 14:46:00.238 [scheduling-1] ERROR c.c.o.s.I.ReconciliationSyncService - Failed to fetch operatories from clinic CLINIC_B: I/O error on GET request for "https://opendental-b.example.com/api/v1/operatories": opendental-b.example.com
2026-10-02 14:46:00.238 [scheduling-1] INFO  c.c.o.s.I.ReconciliationSyncService - RECON entity=operatories clinic=CLINIC_B inserted=0 updated=0 unchanged=0 stale=0 duplicates=0 failed=1
2026-10-02 14:46:00.238 [scheduling-1] INFO  c.c.o.s.I.ReconciliationSyncService - Reconciliation for clinic CLINIC_B complete: 10 processed, 0 inserted, 0 updated, 0 unchanged, 0 stale, 0 duplicates, 10 failed
2026-10-02 14:46:00.238 [scheduling-1] INFO  c.c.o.s.I.ReconciliationSyncService - Reconciliation for clinic CLINIC_B complete: 0 synced, 10 failed
2026-10-02 14:46:00.249 [scheduling-1] ERROR c.c.o.s.I.ReconciliationSyncService - Failed to fetch Open Dental clinics from installation CLINIC_C: I/O error on GET request for "https://opendental-c.example.com/api/v1/clinics": opendental-c.example.com
2026-10-02 14:46:00.249 [scheduling-1] INFO  c.c.o.s.I.ReconciliationSyncService - RECON entity=clinics clinic=CLINIC_C inserted=0 updated=0 unchanged=0 stale=0 duplicates=0 failed=1
2026-10-02 14:46:00.250 [scheduling-1] ERROR c.c.o.s.I.ReconciliationSyncService - Failed to fetch patients from clinic CLINIC_C: I/O error on GET request for "https://opendental-c.example.com/api/v1/patients": opendental-c.example.com
2026-10-02 14:46:00.250 [scheduling-1] INFO  c.c.o.s.I.ReconciliationSyncService - RECON entity=patients clinic=CLINIC_C inserted=0 updated=0 unchanged=0 stale=0 duplicates=0 failed=1
2026-10-02 14:46:00.251 [scheduling-1] ERROR c.c.o.s.I.ReconciliationSyncService - Failed to fetch appointments from clinic CLINIC_C: I/O error on GET request for "https://opendental-c.example.com/api/v1/appointments": opendental-c.example.com
2026-10-02 14:46:00.251 [scheduling-1] INFO  c.c.o.s.I.ReconciliationSyncService - RECON entity=appointments clinic=CLINIC_C inserted=0 updated=0 unchanged=0 stale=0 duplicates=0 failed=1
2026-10-02 14:46:00.252 [scheduling-1] ERROR c.c.o.s.I.ReconciliationSyncService - Failed to fetch documents from clinic CLINIC_C: I/O error on GET request for "https://opendental-c.example.com/api/v1/patients": opendental-c.example.com
2026-10-02 14:46:00.252 [scheduling-1] INFO  c.c.o.s.I.ReconciliationSyncService - RECON entity=documents clinic=CLINIC_C inserted=0 updated=0 unchanged=0 stale=0 duplicates=0 failed=1
2026-10-02 14:46:00.252 [scheduling-1] ERROR c.c.o.s.I.ReconciliationSyncService - Failed to fetch procedure logs from clinic CLINIC_C: I/O error on GET request for "https://opendental-c.example.com/api/v1/procedurelogs": opendental-c.example.com
2026-10-02 14:46:00.253 [scheduling-1] INFO  c.c.o.s.I.ReconciliationSyncService - RECON entity=procedurelogs clinic=CLINIC_C inserted=0 updated=0 unchanged=0 stale=0 duplicates=0 failed=1
2026-10-02 14:46:00.254 [scheduling-1] ERROR c.c.o.s.I.ReconciliationSyncService - Failed to fetch pat_fields from clinic CLINIC_C: I/O error on GET request for "https://opendental-c.example.com/api/v1/patfields": opendental-c.example.com
2026-10-02 14:46:00.254 [scheduling-1] INFO  c.c.o.s.I.ReconciliationSyncService - RECON entity=patfields clinic=CLINIC_C inserted=0 updated=0 unchanged=0 stale=0 duplicates=0 failed=1
2026-10-02 14:46:00.254 [scheduling-1] ERROR c.c.o.s.I.ReconciliationSyncService - Failed to fetch schedules from clinic CLINIC_C: I/O error on GET request for "https://opendental-c.example.com/api/v1/schedules": opendental-c.example.com
2026-10-02 14:46:00.254 [scheduling-1] INFO  c.c.o.s.I.ReconciliationSyncService - RECON entity=schedules clinic=CLINIC_C inserted=0 updated=0 unchanged=0 stale=0 duplicates=0 failed=1
2026-10-02 14:46:00.255 [scheduling-1] ERROR c.c.o.s.I.ReconciliationSyncService - Failed to fetch tooth initials from clinic CLINIC_C: I/O error on GET request for "https://opendental-c.example.com/api/v1/toothinitial": opendental-c.example.com
2026-10-02 14:46:00.255 [scheduling-1] INFO  c.c.o.s.I.ReconciliationSyncService - RECON entity=toothinitials clinic=CLINIC_C inserted=0 updated=0 unchanged=0 stale=0 duplicates=0 failed=1
2026-10-02 14:46:00.255 [scheduling-1] ERROR c.c.o.s.I.ReconciliationSyncService - Failed to fetch providers from clinic CLINIC_C: I/O error on GET request for "https://opendental-c.example.com/api/v1/providers": opendental-c.example.com
2026-10-02 14:46:00.255 [scheduling-1] INFO  c.c.o.s.I.ReconciliationSyncService - RECON entity=providers clinic=CLINIC_C inserted=0 updated=0 unchanged=0 stale=0 duplicates=0 failed=1
2026-10-02 14:46:00.256 [scheduling-1] ERROR c.c.o.s.I.ReconciliationSyncService - Failed to fetch operatories from clinic CLINIC_C: I/O error on GET request for "https://opendental-c.example.com/api/v1/operatories": opendental-c.example.com
2026-10-02 14:46:00.256 [scheduling-1] INFO  c.c.o.s.I.ReconciliationSyncService - RECON entity=operatories clinic=CLINIC_C inserted=0 updated=0 unchanged=0 stale=0 duplicates=0 failed=1
2026-10-02 14:46:00.256 [scheduling-1] INFO  c.c.o.s.I.ReconciliationSyncService - Reconciliation for clinic CLINIC_C complete: 10 processed, 0 inserted, 0 updated, 0 unchanged, 0 stale, 0 duplicates, 10 failed
2026-10-02 14:46:00.256 [scheduling-1] INFO  c.c.o.s.I.ReconciliationSyncService - Reconciliation for clinic CLINIC_C complete: 0 synced, 10 failed
2026-10-02 14:46:00.256 [scheduling-1] INFO  c.c.o.s.I.ReconciliationSyncService - Reconciliation completed for 3 clinics (30 entities, 0 synced, 30 failed)
2026-10-02 14:46:00.256 [scheduling-1] INFO  c.c.o.s.ReconciliationScheduler - === Scheduled Reconciliation Complete: Reconciliation completed for 3 clinics (30 entities, 0 synced, 30 failed)
2026-10-02 14:46:00.256 [scheduling-1] INFO  c.c.o.s.ReconciliationScheduler - Scheduled reconciliation took 241 ms
2026-10-02 14:46:11.526 [http-nio-8080-exec-7] WARN  c.c.o.s.Impl.PatientServiceImpl - OpenDental API unavailable, falling back to database: 400 Bad Request: ""Malformed API request.""
2026-10-02 14:46:11.531 [http-nio-8080-exec-4] INFO  c.c.o.s.Impl.AppointmentServiceImpl - Fetching appointments with 0 filter(s)
2026-10-02 14:46:11.533 [http-nio-8080-exec-4] WARN  c.c.o.s.Impl.AppointmentServiceImpl - OpenDental API unavailable for appointments, falling back to database: 400 Bad Request: ""Malformed API request.""
2026-10-02 14:47:00.002 [scheduling-1] INFO  c.c.o.s.ReconciliationScheduler - === Scheduled Reconciliation Started ===
2026-10-02 14:47:00.185 [scheduling-1] ERROR c.c.o.s.I.ReconciliationSyncService - Failed to fetch Open Dental clinics from installation CLINIC_A: I/O error on GET request for "https://opendental-a.example.com/api/v1/clinics": opendental-a.example.com
2026-10-02 14:47:00.185 [scheduling-1] INFO  c.c.o.s.I.ReconciliationSyncService - RECON entity=clinics clinic=CLINIC_A inserted=0 updated=0 unchanged=0 stale=0 duplicates=0 failed=1
2026-10-02 14:47:00.186 [scheduling-1] ERROR c.c.o.s.I.ReconciliationSyncService - Failed to fetch patients from clinic CLINIC_A: I/O error on GET request for "https://opendental-a.example.com/api/v1/patients": opendental-a.example.com
2026-10-02 14:47:00.186 [scheduling-1] INFO  c.c.o.s.I.ReconciliationSyncService - RECON entity=patients clinic=CLINIC_A inserted=0 updated=0 unchanged=0 stale=0 duplicates=0 failed=1
2026-10-02 14:47:00.186 [scheduling-1] ERROR c.c.o.s.I.ReconciliationSyncService - Failed to fetch appointments from clinic CLINIC_A: I/O error on GET request for "https://opendental-a.example.com/api/v1/appointments": opendental-a.example.com
2026-10-02 14:47:00.186 [scheduling-1] INFO  c.c.o.s.I.ReconciliationSyncService - RECON entity=appointments clinic=CLINIC_A inserted=0 updated=0 unchanged=0 stale=0 duplicates=0 failed=1
2026-10-02 14:47:00.186 [scheduling-1] ERROR c.c.o.s.I.ReconciliationSyncService - Failed to fetch documents from clinic CLINIC_A: I/O error on GET request for "https://opendental-a.example.com/api/v1/patients": opendental-a.example.com
2026-10-02 14:47:00.187 [scheduling-1] INFO  c.c.o.s.I.ReconciliationSyncService - RECON entity=documents clinic=CLINIC_A inserted=0 updated=0 unchanged=0 stale=0 duplicates=0 failed=1
2026-10-02 14:47:00.187 [scheduling-1] ERROR c.c.o.s.I.ReconciliationSyncService - Failed to fetch procedure logs from clinic CLINIC_A: I/O error on GET request for "https://opendental-a.example.com/api/v1/procedurelogs": opendental-a.example.com
2026-10-02 14:47:00.188 [scheduling-1] INFO  c.c.o.s.I.ReconciliationSyncService - RECON entity=procedurelogs clinic=CLINIC_A inserted=0 updated=0 unchanged=0 stale=0 duplicates=0 failed=1
2026-10-02 14:47:00.188 [scheduling-1] ERROR c.c.o.s.I.ReconciliationSyncService - Failed to fetch pat_fields from clinic CLINIC_A: I/O error on GET request for "https://opendental-a.example.com/api/v1/patfields": opendental-a.example.com
2026-10-02 14:47:00.188 [scheduling-1] INFO  c.c.o.s.I.ReconciliationSyncService - RECON entity=patfields clinic=CLINIC_A inserted=0 updated=0 unchanged=0 stale=0 duplicates=0 failed=1
2026-10-02 14:47:00.188 [scheduling-1] ERROR c.c.o.s.I.ReconciliationSyncService - Failed to fetch schedules from clinic CLINIC_A: I/O error on GET request for "https://opendental-a.example.com/api/v1/schedules": opendental-a.example.com
2026-10-02 14:47:00.189 [scheduling-1] INFO  c.c.o.s.I.ReconciliationSyncService - RECON entity=schedules clinic=CLINIC_A inserted=0 updated=0 unchanged=0 stale=0 duplicates=0 failed=1
2026-10-02 14:47:00.189 [scheduling-1] ERROR c.c.o.s.I.ReconciliationSyncService - Failed to fetch tooth initials from clinic CLINIC_A: I/O error on GET request for "https://opendental-a.example.com/api/v1/toothinitial": opendental-a.example.com
2026-10-02 14:47:00.189 [scheduling-1] INFO  c.c.o.s.I.ReconciliationSyncService - RECON entity=toothinitials clinic=CLINIC_A inserted=0 updated=0 unchanged=0 stale=0 duplicates=0 failed=1
2026-10-02 14:47:00.189 [scheduling-1] ERROR c.c.o.s.I.ReconciliationSyncService - Failed to fetch providers from clinic CLINIC_A: I/O error on GET request for "https://opendental-a.example.com/api/v1/providers": opendental-a.example.com
2026-10-02 14:47:00.189 [scheduling-1] INFO  c.c.o.s.I.ReconciliationSyncService - RECON entity=providers clinic=CLINIC_A inserted=0 updated=0 unchanged=0 stale=0 duplicates=0 failed=1
2026-10-02 14:47:00.190 [scheduling-1] ERROR c.c.o.s.I.ReconciliationSyncService - Failed to fetch operatories from clinic CLINIC_A: I/O error on GET request for "https://opendental-a.example.com/api/v1/operatories": opendental-a.example.com
2026-10-02 14:47:00.190 [scheduling-1] INFO  c.c.o.s.I.ReconciliationSyncService - RECON entity=operatories clinic=CLINIC_A inserted=0 updated=0 unchanged=0 stale=0 duplicates=0 failed=1
2026-10-02 14:47:00.190 [scheduling-1] INFO  c.c.o.s.I.ReconciliationSyncService - Reconciliation for clinic CLINIC_A complete: 10 processed, 0 inserted, 0 updated, 0 unchanged, 0 stale, 0 duplicates, 10 failed
2026-10-02 14:47:00.190 [scheduling-1] INFO  c.c.o.s.I.ReconciliationSyncService - Reconciliation for clinic CLINIC_A complete: 0 synced, 10 failed
2026-10-02 14:47:00.192 [scheduling-1] ERROR c.c.o.s.I.ReconciliationSyncService - Failed to fetch Open Dental clinics from installation CLINIC_B: I/O error on GET request for "https://opendental-b.example.com/api/v1/clinics": opendental-b.example.com
2026-10-02 14:47:00.192 [scheduling-1] INFO  c.c.o.s.I.ReconciliationSyncService - RECON entity=clinics clinic=CLINIC_B inserted=0 updated=0 unchanged=0 stale=0 duplicates=0 failed=1
2026-10-02 14:47:00.192 [scheduling-1] ERROR c.c.o.s.I.ReconciliationSyncService - Failed to fetch patients from clinic CLINIC_B: I/O error on GET request for "https://opendental-b.example.com/api/v1/patients": opendental-b.example.com
2026-10-02 14:47:00.192 [scheduling-1] INFO  c.c.o.s.I.ReconciliationSyncService - RECON entity=patients clinic=CLINIC_B inserted=0 updated=0 unchanged=0 stale=0 duplicates=0 failed=1
2026-10-02 14:47:00.193 [scheduling-1] ERROR c.c.o.s.I.ReconciliationSyncService - Failed to fetch appointments from clinic CLINIC_B: I/O error on GET request for "https://opendental-b.example.com/api/v1/appointments": opendental-b.example.com
2026-10-02 14:47:00.193 [scheduling-1] INFO  c.c.o.s.I.ReconciliationSyncService - RECON entity=appointments clinic=CLINIC_B inserted=0 updated=0 unchanged=0 stale=0 duplicates=0 failed=1
2026-10-02 14:47:00.193 [scheduling-1] ERROR c.c.o.s.I.ReconciliationSyncService - Failed to fetch documents from clinic CLINIC_B: I/O error on GET request for "https://opendental-b.example.com/api/v1/patients": opendental-b.example.com
2026-10-02 14:47:00.193 [scheduling-1] INFO  c.c.o.s.I.ReconciliationSyncService - RECON entity=documents clinic=CLINIC_B inserted=0 updated=0 unchanged=0 stale=0 duplicates=0 failed=1
2026-10-02 14:47:00.193 [scheduling-1] ERROR c.c.o.s.I.ReconciliationSyncService - Failed to fetch procedure logs from clinic CLINIC_B: I/O error on GET request for "https://opendental-b.example.com/api/v1/procedurelogs": opendental-b.example.com
2026-10-02 14:47:00.193 [scheduling-1] INFO  c.c.o.s.I.ReconciliationSyncService - RECON entity=procedurelogs clinic=CLINIC_B inserted=0 updated=0 unchanged=0 stale=0 duplicates=0 failed=1
2026-10-02 14:47:00.194 [scheduling-1] ERROR c.c.o.s.I.ReconciliationSyncService - Failed to fetch pat_fields from clinic CLINIC_B: I/O error on GET request for "https://opendental-b.example.com/api/v1/patfields": opendental-b.example.com
2026-10-02 14:47:00.194 [scheduling-1] INFO  c.c.o.s.I.ReconciliationSyncService - RECON entity=patfields clinic=CLINIC_B inserted=0 updated=0 unchanged=0 stale=0 duplicates=0 failed=1
2026-10-02 14:47:00.195 [scheduling-1] ERROR c.c.o.s.I.ReconciliationSyncService - Failed to fetch schedules from clinic CLINIC_B: I/O error on GET request for "https://opendental-b.example.com/api/v1/schedules": opendental-b.example.com
2026-10-02 14:47:00.195 [scheduling-1] INFO  c.c.o.s.I.ReconciliationSyncService - RECON entity=schedules clinic=CLINIC_B inserted=0 updated=0 unchanged=0 stale=0 duplicates=0 failed=1
2026-10-02 14:47:00.195 [scheduling-1] ERROR c.c.o.s.I.ReconciliationSyncService - Failed to fetch tooth initials from clinic CLINIC_B: I/O error on GET request for "https://opendental-b.example.com/api/v1/toothinitial": opendental-b.example.com
2026-10-02 14:47:00.195 [scheduling-1] INFO  c.c.o.s.I.ReconciliationSyncService - RECON entity=toothinitials clinic=CLINIC_B inserted=0 updated=0 unchanged=0 stale=0 duplicates=0 failed=1
2026-10-02 14:47:00.196 [scheduling-1] ERROR c.c.o.s.I.ReconciliationSyncService - Failed to fetch providers from clinic CLINIC_B: I/O error on GET request for "https://opendental-b.example.com/api/v1/providers": opendental-b.example.com
2026-10-02 14:47:00.196 [scheduling-1] INFO  c.c.o.s.I.ReconciliationSyncService - RECON entity=providers clinic=CLINIC_B inserted=0 updated=0 unchanged=0 stale=0 duplicates=0 failed=1
2026-10-02 14:47:00.197 [scheduling-1] ERROR c.c.o.s.I.ReconciliationSyncService - Failed to fetch operatories from clinic CLINIC_B: I/O error on GET request for "https://opendental-b.example.com/api/v1/operatories": opendental-b.example.com
2026-10-02 14:47:00.197 [scheduling-1] INFO  c.c.o.s.I.ReconciliationSyncService - RECON entity=operatories clinic=CLINIC_B inserted=0 updated=0 unchanged=0 stale=0 duplicates=0 failed=1
2026-10-02 14:47:00.197 [scheduling-1] INFO  c.c.o.s.I.ReconciliationSyncService - Reconciliation for clinic CLINIC_B complete: 10 processed, 0 inserted, 0 updated, 0 unchanged, 0 stale, 0 duplicates, 10 failed
2026-10-02 14:47:00.197 [scheduling-1] INFO  c.c.o.s.I.ReconciliationSyncService - Reconciliation for clinic CLINIC_B complete: 0 synced, 10 failed
2026-10-02 14:47:00.199 [scheduling-1] ERROR c.c.o.s.I.ReconciliationSyncService - Failed to fetch Open Dental clinics from installation CLINIC_C: I/O error on GET request for "https://opendental-c.example.com/api/v1/clinics": opendental-c.example.com
2026-10-02 14:47:00.200 [scheduling-1] INFO  c.c.o.s.I.ReconciliationSyncService - RECON entity=clinics clinic=CLINIC_C inserted=0 updated=0 unchanged=0 stale=0 duplicates=0 failed=1
2026-10-02 14:47:00.200 [scheduling-1] ERROR c.c.o.s.I.ReconciliationSyncService - Failed to fetch patients from clinic CLINIC_C: I/O error on GET request for "https://opendental-c.example.com/api/v1/patients": opendental-c.example.com
2026-10-02 14:47:00.200 [scheduling-1] INFO  c.c.o.s.I.ReconciliationSyncService - RECON entity=patients clinic=CLINIC_C inserted=0 updated=0 unchanged=0 stale=0 duplicates=0 failed=1
2026-10-02 14:47:00.200 [scheduling-1] ERROR c.c.o.s.I.ReconciliationSyncService - Failed to fetch appointments from clinic CLINIC_C: I/O error on GET request for "https://opendental-c.example.com/api/v1/appointments": opendental-c.example.com
2026-10-02 14:47:00.201 [scheduling-1] INFO  c.c.o.s.I.ReconciliationSyncService - RECON entity=appointments clinic=CLINIC_C inserted=0 updated=0 unchanged=0 stale=0 duplicates=0 failed=1
2026-10-02 14:47:00.201 [scheduling-1] ERROR c.c.o.s.I.ReconciliationSyncService - Failed to fetch documents from clinic CLINIC_C: I/O error on GET request for "https://opendental-c.example.com/api/v1/patients": opendental-c.example.com
2026-10-02 14:47:00.201 [scheduling-1] INFO  c.c.o.s.I.ReconciliationSyncService - RECON entity=documents clinic=CLINIC_C inserted=0 updated=0 unchanged=0 stale=0 duplicates=0 failed=1
2026-10-02 14:47:00.201 [scheduling-1] ERROR c.c.o.s.I.ReconciliationSyncService - Failed to fetch procedure logs from clinic CLINIC_C: I/O error on GET request for "https://opendental-c.example.com/api/v1/procedurelogs": opendental-c.example.com
2026-10-02 14:47:00.201 [scheduling-1] INFO  c.c.o.s.I.ReconciliationSyncService - RECON entity=procedurelogs clinic=CLINIC_C inserted=0 updated=0 unchanged=0 stale=0 duplicates=0 failed=1
2026-10-02 14:47:00.202 [scheduling-1] ERROR c.c.o.s.I.ReconciliationSyncService - Failed to fetch pat_fields from clinic CLINIC_C: I/O error on GET request for "https://opendental-c.example.com/api/v1/patfields": opendental-c.example.com
2026-10-02 14:47:00.202 [scheduling-1] INFO  c.c.o.s.I.ReconciliationSyncService - RECON entity=patfields clinic=CLINIC_C inserted=0 updated=0 unchanged=0 stale=0 duplicates=0 failed=1
2026-10-02 14:47:00.203 [scheduling-1] ERROR c.c.o.s.I.ReconciliationSyncService - Failed to fetch schedules from clinic CLINIC_C: I/O error on GET request for "https://opendental-c.example.com/api/v1/schedules": opendental-c.example.com
2026-10-02 14:47:00.203 [scheduling-1] INFO  c.c.o.s.I.ReconciliationSyncService - RECON entity=schedules clinic=CLINIC_C inserted=0 updated=0 unchanged=0 stale=0 duplicates=0 failed=1
2026-10-02 14:47:00.203 [scheduling-1] ERROR c.c.o.s.I.ReconciliationSyncService - Failed to fetch tooth initials from clinic CLINIC_C: I/O error on GET request for "https://opendental-c.example.com/api/v1/toothinitial": opendental-c.example.com
2026-10-02 14:47:00.203 [scheduling-1] INFO  c.c.o.s.I.ReconciliationSyncService - RECON entity=toothinitials clinic=CLINIC_C inserted=0 updated=0 unchanged=0 stale=0 duplicates=0 failed=1
2026-10-02 14:47:00.203 [scheduling-1] ERROR c.c.o.s.I.ReconciliationSyncService - Failed to fetch providers from clinic CLINIC_C: I/O error on GET request for "https://opendental-c.example.com/api/v1/providers": opendental-c.example.com
2026-10-02 14:47:00.203 [scheduling-1] INFO  c.c.o.s.I.ReconciliationSyncService - RECON entity=providers clinic=CLINIC_C inserted=0 updated=0 unchanged=0 stale=0 duplicates=0 failed=1
2026-10-02 14:47:00.204 [scheduling-1] ERROR c.c.o.s.I.ReconciliationSyncService - Failed to fetch operatories from clinic CLINIC_C: I/O error on GET request for "https://opendental-c.example.com/api/v1/operatories": opendental-c.example.com
2026-10-02 14:47:00.204 [scheduling-1] INFO  c.c.o.s.I.ReconciliationSyncService - RECON entity=operatories clinic=CLINIC_C inserted=0 updated=0 unchanged=0 stale=0 duplicates=0 failed=1
2026-10-02 14:47:00.204 [scheduling-1] INFO  c.c.o.s.I.ReconciliationSyncService - Reconciliation for clinic CLINIC_C complete: 10 processed, 0 inserted, 0 updated, 0 unchanged, 0 stale, 0 duplicates, 10 failed
2026-10-02 14:47:00.205 [scheduling-1] INFO  c.c.o.s.I.ReconciliationSyncService - Reconciliation for clinic CLINIC_C complete: 0 synced, 10 failed
2026-10-02 14:47:00.205 [scheduling-1] INFO  c.c.o.s.I.ReconciliationSyncService - Reconciliation completed for 3 clinics (30 entities, 0 synced, 30 failed)
2026-10-02 14:47:00.205 [scheduling-1] INFO  c.c.o.s.ReconciliationScheduler - === Scheduled Reconciliation Complete: Reconciliation completed for 3 clinics (30 entities, 0 synced, 30 failed)
2026-10-02 14:47:00.205 [scheduling-1] INFO  c.c.o.s.ReconciliationScheduler - Scheduled reconciliation took 202 ms
2026-10-02 14:47:11.511 [http-nio-8080-exec-6] WARN  c.c.o.s.Impl.PatientServiceImpl - OpenDental API unavailable, falling back to database: 400 Bad Request: ""Malformed API request.""
2026-10-02 14:47:11.516 [http-nio-8080-exec-8] INFO  c.c.o.s.Impl.AppointmentServiceImpl - Fetching appointments with 0 filter(s)
2026-10-02 14:47:11.518 [http-nio-8080-exec-8] WARN  c.c.o.s.Impl.AppointmentServiceImpl - OpenDental API unavailable for appointments, falling back to database: 400 Bad Request: ""Malformed API request.""
2026-10-02 14:48:00.004 [scheduling-1] INFO  c.c.o.s.ReconciliationScheduler - === Scheduled Reconciliation Started ===
2026-10-02 14:48:00.198 [scheduling-1] ERROR c.c.o.s.I.ReconciliationSyncService - Failed to fetch Open Dental clinics from installation CLINIC_A: I/O error on GET request for "https://opendental-a.example.com/api/v1/clinics": opendental-a.example.com
2026-10-02 14:48:00.199 [scheduling-1] INFO  c.c.o.s.I.ReconciliationSyncService - RECON entity=clinics clinic=CLINIC_A inserted=0 updated=0 unchanged=0 stale=0 duplicates=0 failed=1
2026-10-02 14:48:00.199 [scheduling-1] ERROR c.c.o.s.I.ReconciliationSyncService - Failed to fetch patients from clinic CLINIC_A: I/O error on GET request for "https://opendental-a.example.com/api/v1/patients": opendental-a.example.com
2026-10-02 14:48:00.200 [scheduling-1] INFO  c.c.o.s.I.ReconciliationSyncService - RECON entity=patients clinic=CLINIC_A inserted=0 updated=0 unchanged=0 stale=0 duplicates=0 failed=1
2026-10-02 14:48:00.200 [scheduling-1] ERROR c.c.o.s.I.ReconciliationSyncService - Failed to fetch appointments from clinic CLINIC_A: I/O error on GET request for "https://opendental-a.example.com/api/v1/appointments": opendental-a.example.com
2026-10-02 14:48:00.200 [scheduling-1] INFO  c.c.o.s.I.ReconciliationSyncService - RECON entity=appointments clinic=CLINIC_A inserted=0 updated=0 unchanged=0 stale=0 duplicates=0 failed=1
2026-10-02 14:48:00.200 [scheduling-1] ERROR c.c.o.s.I.ReconciliationSyncService - Failed to fetch documents from clinic CLINIC_A: I/O error on GET request for "https://opendental-a.example.com/api/v1/patients": opendental-a.example.com
2026-10-02 14:48:00.200 [scheduling-1] INFO  c.c.o.s.I.ReconciliationSyncService - RECON entity=documents clinic=CLINIC_A inserted=0 updated=0 unchanged=0 stale=0 duplicates=0 failed=1
2026-10-02 14:48:00.200 [scheduling-1] ERROR c.c.o.s.I.ReconciliationSyncService - Failed to fetch procedure logs from clinic CLINIC_A: I/O error on GET request for "https://opendental-a.example.com/api/v1/procedurelogs": opendental-a.example.com
2026-10-02 14:48:00.201 [scheduling-1] INFO  c.c.o.s.I.ReconciliationSyncService - RECON entity=procedurelogs clinic=CLINIC_A inserted=0 updated=0 unchanged=0 stale=0 duplicates=0 failed=1
2026-10-02 14:48:00.201 [scheduling-1] ERROR c.c.o.s.I.ReconciliationSyncService - Failed to fetch pat_fields from clinic CLINIC_A: I/O error on GET request for "https://opendental-a.example.com/api/v1/patfields": opendental-a.example.com
2026-10-02 14:48:00.201 [scheduling-1] INFO  c.c.o.s.I.ReconciliationSyncService - RECON entity=patfields clinic=CLINIC_A inserted=0 updated=0 unchanged=0 stale=0 duplicates=0 failed=1
2026-10-02 14:48:00.202 [scheduling-1] ERROR c.c.o.s.I.ReconciliationSyncService - Failed to fetch schedules from clinic CLINIC_A: I/O error on GET request for "https://opendental-a.example.com/api/v1/schedules": opendental-a.example.com
2026-10-02 14:48:00.202 [scheduling-1] INFO  c.c.o.s.I.ReconciliationSyncService - RECON entity=schedules clinic=CLINIC_A inserted=0 updated=0 unchanged=0 stale=0 duplicates=0 failed=1
2026-10-02 14:48:00.203 [scheduling-1] ERROR c.c.o.s.I.ReconciliationSyncService - Failed to fetch tooth initials from clinic CLINIC_A: I/O error on GET request for "https://opendental-a.example.com/api/v1/toothinitial": opendental-a.example.com
2026-10-02 14:48:00.203 [scheduling-1] INFO  c.c.o.s.I.ReconciliationSyncService - RECON entity=toothinitials clinic=CLINIC_A inserted=0 updated=0 unchanged=0 stale=0 duplicates=0 failed=1
2026-10-02 14:48:00.203 [scheduling-1] ERROR c.c.o.s.I.ReconciliationSyncService - Failed to fetch providers from clinic CLINIC_A: I/O error on GET request for "https://opendental-a.example.com/api/v1/providers": opendental-a.example.com
2026-10-02 14:48:00.203 [scheduling-1] INFO  c.c.o.s.I.ReconciliationSyncService - RECON entity=providers clinic=CLINIC_A inserted=0 updated=0 unchanged=0 stale=0 duplicates=0 failed=1
2026-10-02 14:48:00.204 [scheduling-1] ERROR c.c.o.s.I.ReconciliationSyncService - Failed to fetch operatories from clinic CLINIC_A: I/O error on GET request for "https://opendental-a.example.com/api/v1/operatories": opendental-a.example.com
2026-10-02 14:48:00.204 [scheduling-1] INFO  c.c.o.s.I.ReconciliationSyncService - RECON entity=operatories clinic=CLINIC_A inserted=0 updated=0 unchanged=0 stale=0 duplicates=0 failed=1
2026-10-02 14:48:00.204 [scheduling-1] INFO  c.c.o.s.I.ReconciliationSyncService - Reconciliation for clinic CLINIC_A complete: 10 processed, 0 inserted, 0 updated, 0 unchanged, 0 stale, 0 duplicates, 10 failed
2026-10-02 14:48:00.204 [scheduling-1] INFO  c.c.o.s.I.ReconciliationSyncService - Reconciliation for clinic CLINIC_A complete: 0 synced, 10 failed
2026-10-02 14:48:00.206 [scheduling-1] ERROR c.c.o.s.I.ReconciliationSyncService - Failed to fetch Open Dental clinics from installation CLINIC_B: I/O error on GET request for "https://opendental-b.example.com/api/v1/clinics": opendental-b.example.com
2026-10-02 14:48:00.206 [scheduling-1] INFO  c.c.o.s.I.ReconciliationSyncService - RECON entity=clinics clinic=CLINIC_B inserted=0 updated=0 unchanged=0 stale=0 duplicates=0 failed=1
2026-10-02 14:48:00.206 [scheduling-1] ERROR c.c.o.s.I.ReconciliationSyncService - Failed to fetch patients from clinic CLINIC_B: I/O error on GET request for "https://opendental-b.example.com/api/v1/patients": opendental-b.example.com
2026-10-02 14:48:00.206 [scheduling-1] INFO  c.c.o.s.I.ReconciliationSyncService - RECON entity=patients clinic=CLINIC_B inserted=0 updated=0 unchanged=0 stale=0 duplicates=0 failed=1
2026-10-02 14:48:00.206 [scheduling-1] ERROR c.c.o.s.I.ReconciliationSyncService - Failed to fetch appointments from clinic CLINIC_B: I/O error on GET request for "https://opendental-b.example.com/api/v1/appointments": opendental-b.example.com
2026-10-02 14:48:00.207 [scheduling-1] INFO  c.c.o.s.I.ReconciliationSyncService - RECON entity=appointments clinic=CLINIC_B inserted=0 updated=0 unchanged=0 stale=0 duplicates=0 failed=1
2026-10-02 14:48:00.207 [scheduling-1] ERROR c.c.o.s.I.ReconciliationSyncService - Failed to fetch documents from clinic CLINIC_B: I/O error on GET request for "https://opendental-b.example.com/api/v1/patients": opendental-b.example.com
2026-10-02 14:48:00.207 [scheduling-1] INFO  c.c.o.s.I.ReconciliationSyncService - RECON entity=documents clinic=CLINIC_B inserted=0 updated=0 unchanged=0 stale=0 duplicates=0 failed=1
2026-10-02 14:48:00.207 [scheduling-1] ERROR c.c.o.s.I.ReconciliationSyncService - Failed to fetch procedure logs from clinic CLINIC_B: I/O error on GET request for "https://opendental-b.example.com/api/v1/procedurelogs": opendental-b.example.com
2026-10-02 14:48:00.208 [scheduling-1] INFO  c.c.o.s.I.ReconciliationSyncService - RECON entity=procedurelogs clinic=CLINIC_B inserted=0 updated=0 unchanged=0 stale=0 duplicates=0 failed=1
2026-10-02 14:48:00.208 [scheduling-1] ERROR c.c.o.s.I.ReconciliationSyncService - Failed to fetch pat_fields from clinic CLINIC_B: I/O error on GET request for "https://opendental-b.example.com/api/v1/patfields": opendental-b.example.com
2026-10-02 14:48:00.208 [scheduling-1] INFO  c.c.o.s.I.ReconciliationSyncService - RECON entity=patfields clinic=CLINIC_B inserted=0 updated=0 unchanged=0 stale=0 duplicates=0 failed=1
2026-10-02 14:48:00.208 [scheduling-1] ERROR c.c.o.s.I.ReconciliationSyncService - Failed to fetch schedules from clinic CLINIC_B: I/O error on GET request for "https://opendental-b.example.com/api/v1/schedules": opendental-b.example.com
2026-10-02 14:48:00.208 [scheduling-1] INFO  c.c.o.s.I.ReconciliationSyncService - RECON entity=schedules clinic=CLINIC_B inserted=0 updated=0 unchanged=0 stale=0 duplicates=0 failed=1
2026-10-02 14:48:00.209 [scheduling-1] ERROR c.c.o.s.I.ReconciliationSyncService - Failed to fetch tooth initials from clinic CLINIC_B: I/O error on GET request for "https://opendental-b.example.com/api/v1/toothinitial": opendental-b.example.com
2026-10-02 14:48:00.209 [scheduling-1] INFO  c.c.o.s.I.ReconciliationSyncService - RECON entity=toothinitials clinic=CLINIC_B inserted=0 updated=0 unchanged=0 stale=0 duplicates=0 failed=1
2026-10-02 14:48:00.209 [scheduling-1] ERROR c.c.o.s.I.ReconciliationSyncService - Failed to fetch providers from clinic CLINIC_B: I/O error on GET request for "https://opendental-b.example.com/api/v1/providers": opendental-b.example.com
2026-10-02 14:48:00.209 [scheduling-1] INFO  c.c.o.s.I.ReconciliationSyncService - RECON entity=providers clinic=CLINIC_B inserted=0 updated=0 unchanged=0 stale=0 duplicates=0 failed=1
2026-10-02 14:48:00.209 [scheduling-1] ERROR c.c.o.s.I.ReconciliationSyncService - Failed to fetch operatories from clinic CLINIC_B: I/O error on GET request for "https://opendental-b.example.com/api/v1/operatories": opendental-b.example.com
2026-10-02 14:48:00.209 [scheduling-1] INFO  c.c.o.s.I.ReconciliationSyncService - RECON entity=operatories clinic=CLINIC_B inserted=0 updated=0 unchanged=0 stale=0 duplicates=0 failed=1
2026-10-02 14:48:00.210 [scheduling-1] INFO  c.c.o.s.I.ReconciliationSyncService - Reconciliation for clinic CLINIC_B complete: 10 processed, 0 inserted, 0 updated, 0 unchanged, 0 stale, 0 duplicates, 10 failed
2026-10-02 14:48:00.210 [scheduling-1] INFO  c.c.o.s.I.ReconciliationSyncService - Reconciliation for clinic CLINIC_B complete: 0 synced, 10 failed
2026-10-02 14:48:00.211 [scheduling-1] ERROR c.c.o.s.I.ReconciliationSyncService - Failed to fetch Open Dental clinics from installation CLINIC_C: I/O error on GET request for "https://opendental-c.example.com/api/v1/clinics": opendental-c.example.com
2026-10-02 14:48:00.211 [scheduling-1] INFO  c.c.o.s.I.ReconciliationSyncService - RECON entity=clinics clinic=CLINIC_C inserted=0 updated=0 unchanged=0 stale=0 duplicates=0 failed=1
2026-10-02 14:48:00.212 [scheduling-1] ERROR c.c.o.s.I.ReconciliationSyncService - Failed to fetch patients from clinic CLINIC_C: I/O error on GET request for "https://opendental-c.example.com/api/v1/patients": opendental-c.example.com
2026-10-02 14:48:00.212 [scheduling-1] INFO  c.c.o.s.I.ReconciliationSyncService - RECON entity=patients clinic=CLINIC_C inserted=0 updated=0 unchanged=0 stale=0 duplicates=0 failed=1
2026-10-02 14:48:00.212 [scheduling-1] ERROR c.c.o.s.I.ReconciliationSyncService - Failed to fetch appointments from clinic CLINIC_C: I/O error on GET request for "https://opendental-c.example.com/api/v1/appointments": opendental-c.example.com
2026-10-02 14:48:00.212 [scheduling-1] INFO  c.c.o.s.I.ReconciliationSyncService - RECON entity=appointments clinic=CLINIC_C inserted=0 updated=0 unchanged=0 stale=0 duplicates=0 failed=1
2026-10-02 14:48:00.212 [scheduling-1] ERROR c.c.o.s.I.ReconciliationSyncService - Failed to fetch documents from clinic CLINIC_C: I/O error on GET request for "https://opendental-c.example.com/api/v1/patients": opendental-c.example.com
2026-10-02 14:48:00.212 [scheduling-1] INFO  c.c.o.s.I.ReconciliationSyncService - RECON entity=documents clinic=CLINIC_C inserted=0 updated=0 unchanged=0 stale=0 duplicates=0 failed=1
2026-10-02 14:48:00.213 [scheduling-1] ERROR c.c.o.s.I.ReconciliationSyncService - Failed to fetch procedure logs from clinic CLINIC_C: I/O error on GET request for "https://opendental-c.example.com/api/v1/procedurelogs": opendental-c.example.com
2026-10-02 14:48:00.213 [scheduling-1] INFO  c.c.o.s.I.ReconciliationSyncService - RECON entity=procedurelogs clinic=CLINIC_C inserted=0 updated=0 unchanged=0 stale=0 duplicates=0 failed=1
2026-10-02 14:48:00.213 [scheduling-1] ERROR c.c.o.s.I.ReconciliationSyncService - Failed to fetch pat_fields from clinic CLINIC_C: I/O error on GET request for "https://opendental-c.example.com/api/v1/patfields": opendental-c.example.com
2026-10-02 14:48:00.213 [scheduling-1] INFO  c.c.o.s.I.ReconciliationSyncService - RECON entity=patfields clinic=CLINIC_C inserted=0 updated=0 unchanged=0 stale=0 duplicates=0 failed=1
2026-10-02 14:48:00.214 [scheduling-1] ERROR c.c.o.s.I.ReconciliationSyncService - Failed to fetch schedules from clinic CLINIC_C: I/O error on GET request for "https://opendental-c.example.com/api/v1/schedules": opendental-c.example.com
2026-10-02 14:48:00.214 [scheduling-1] INFO  c.c.o.s.I.ReconciliationSyncService - RECON entity=schedules clinic=CLINIC_C inserted=0 updated=0 unchanged=0 stale=0 duplicates=0 failed=1
2026-10-02 14:48:00.214 [scheduling-1] ERROR c.c.o.s.I.ReconciliationSyncService - Failed to fetch tooth initials from clinic CLINIC_C: I/O error on GET request for "https://opendental-c.example.com/api/v1/toothinitial": opendental-c.example.com
2026-10-02 14:48:00.214 [scheduling-1] INFO  c.c.o.s.I.ReconciliationSyncService - RECON entity=toothinitials clinic=CLINIC_C inserted=0 updated=0 unchanged=0 stale=0 duplicates=0 failed=1
2026-10-02 14:48:00.214 [scheduling-1] ERROR c.c.o.s.I.ReconciliationSyncService - Failed to fetch providers from clinic CLINIC_C: I/O error on GET request for "https://opendental-c.example.com/api/v1/providers": opendental-c.example.com
2026-10-02 14:48:00.214 [scheduling-1] INFO  c.c.o.s.I.ReconciliationSyncService - RECON entity=providers clinic=CLINIC_C inserted=0 updated=0 unchanged=0 stale=0 duplicates=0 failed=1
2026-10-02 14:48:00.215 [scheduling-1] ERROR c.c.o.s.I.ReconciliationSyncService - Failed to fetch operatories from clinic CLINIC_C: I/O error on GET request for "https://opendental-c.example.com/api/v1/operatories": opendental-c.example.com
2026-10-02 14:48:00.215 [scheduling-1] INFO  c.c.o.s.I.ReconciliationSyncService - RECON entity=operatories clinic=CLINIC_C inserted=0 updated=0 unchanged=0 stale=0 duplicates=0 failed=1
2026-10-02 14:48:00.215 [scheduling-1] INFO  c.c.o.s.I.ReconciliationSyncService - Reconciliation for clinic CLINIC_C complete: 10 processed, 0 inserted, 0 updated, 0 unchanged, 0 stale, 0 duplicates, 10 failed
2026-10-02 14:48:00.215 [scheduling-1] INFO  c.c.o.s.I.ReconciliationSyncService - Reconciliation for clinic CLINIC_C complete: 0 synced, 10 failed
2026-10-02 14:48:00.215 [scheduling-1] INFO  c.c.o.s.I.ReconciliationSyncService - Reconciliation completed for 3 clinics (30 entities, 0 synced, 30 failed)
2026-10-02 14:48:00.215 [scheduling-1] INFO  c.c.o.s.ReconciliationScheduler - === Scheduled Reconciliation Complete: Reconciliation completed for 3 clinics (30 entities, 0 synced, 30 failed)
2026-10-02 14:48:00.215 [scheduling-1] INFO  c.c.o.s.ReconciliationScheduler - Scheduled reconciliation took 210 ms
2026-10-02 14:48:11.651 [http-nio-8080-exec-10] WARN  c.c.o.s.Impl.PatientServiceImpl - OpenDental API unavailable, falling back to database: 400 Bad Request: ""Malformed API request.""
2026-10-02 14:48:11.655 [http-nio-8080-exec-9] INFO  c.c.o.s.Impl.AppointmentServiceImpl - Fetching appointments with 0 filter(s)
2026-10-02 14:48:11.656 [http-nio-8080-exec-9] WARN  c.c.o.s.Impl.AppointmentServiceImpl - OpenDental API unavailable for appointments, falling back to database: 400 Bad Request: ""Malformed API request.""
2026-10-02 14:48:51.617 [http-nio-8080-exec-1] WARN  c.c.o.s.Impl.PatientServiceImpl - OpenDental API unavailable, falling back to database: 400 Bad Request: ""Malformed API request.""
2026-10-02 14:48:51.620 [http-nio-8080-exec-2] INFO  c.c.o.s.Impl.AppointmentServiceImpl - Fetching appointments with 0 filter(s)
2026-10-02 14:48:51.625 [http-nio-8080-exec-2] WARN  c.c.o.s.Impl.AppointmentServiceImpl - OpenDental API unavailable for appointments, falling back to database: 400 Bad Request: ""Malformed API request.""
2026-10-02 14:49:00.010 [scheduling-1] INFO  c.c.o.s.ReconciliationScheduler - === Scheduled Reconciliation Started ===
2026-10-02 14:49:00.199 [scheduling-1] ERROR c.c.o.s.I.ReconciliationSyncService - Failed to fetch Open Dental clinics from installation CLINIC_A: I/O error on GET request for "https://opendental-a.example.com/api/v1/clinics": opendental-a.example.com
2026-10-02 14:49:00.199 [scheduling-1] INFO  c.c.o.s.I.ReconciliationSyncService - RECON entity=clinics clinic=CLINIC_A inserted=0 updated=0 unchanged=0 stale=0 duplicates=0 failed=1
2026-10-02 14:49:00.200 [scheduling-1] ERROR c.c.o.s.I.ReconciliationSyncService - Failed to fetch patients from clinic CLINIC_A: I/O error on GET request for "https://opendental-a.example.com/api/v1/patients": opendental-a.example.com
2026-10-02 14:49:00.200 [scheduling-1] INFO  c.c.o.s.I.ReconciliationSyncService - RECON entity=patients clinic=CLINIC_A inserted=0 updated=0 unchanged=0 stale=0 duplicates=0 failed=1
2026-10-02 14:49:00.200 [scheduling-1] ERROR c.c.o.s.I.ReconciliationSyncService - Failed to fetch appointments from clinic CLINIC_A: I/O error on GET request for "https://opendental-a.example.com/api/v1/appointments": opendental-a.example.com
2026-10-02 14:49:00.200 [scheduling-1] INFO  c.c.o.s.I.ReconciliationSyncService - RECON entity=appointments clinic=CLINIC_A inserted=0 updated=0 unchanged=0 stale=0 duplicates=0 failed=1
2026-10-02 14:49:00.200 [scheduling-1] ERROR c.c.o.s.I.ReconciliationSyncService - Failed to fetch documents from clinic CLINIC_A: I/O error on GET request for "https://opendental-a.example.com/api/v1/patients": opendental-a.example.com
2026-10-02 14:49:00.201 [scheduling-1] INFO  c.c.o.s.I.ReconciliationSyncService - RECON entity=documents clinic=CLINIC_A inserted=0 updated=0 unchanged=0 stale=0 duplicates=0 failed=1
2026-10-02 14:49:00.201 [scheduling-1] ERROR c.c.o.s.I.ReconciliationSyncService - Failed to fetch procedure logs from clinic CLINIC_A: I/O error on GET request for "https://opendental-a.example.com/api/v1/procedurelogs": opendental-a.example.com
2026-10-02 14:49:00.201 [scheduling-1] INFO  c.c.o.s.I.ReconciliationSyncService - RECON entity=procedurelogs clinic=CLINIC_A inserted=0 updated=0 unchanged=0 stale=0 duplicates=0 failed=1
2026-10-02 14:49:00.201 [scheduling-1] ERROR c.c.o.s.I.ReconciliationSyncService - Failed to fetch pat_fields from clinic CLINIC_A: I/O error on GET request for "https://opendental-a.example.com/api/v1/patfields": opendental-a.example.com
2026-10-02 14:49:00.202 [scheduling-1] INFO  c.c.o.s.I.ReconciliationSyncService - RECON entity=patfields clinic=CLINIC_A inserted=0 updated=0 unchanged=0 stale=0 duplicates=0 failed=1
2026-10-02 14:49:00.202 [scheduling-1] ERROR c.c.o.s.I.ReconciliationSyncService - Failed to fetch schedules from clinic CLINIC_A: I/O error on GET request for "https://opendental-a.example.com/api/v1/schedules": opendental-a.example.com
2026-10-02 14:49:00.202 [scheduling-1] INFO  c.c.o.s.I.ReconciliationSyncService - RECON entity=schedules clinic=CLINIC_A inserted=0 updated=0 unchanged=0 stale=0 duplicates=0 failed=1
2026-10-02 14:49:00.202 [scheduling-1] ERROR c.c.o.s.I.ReconciliationSyncService - Failed to fetch tooth initials from clinic CLINIC_A: I/O error on GET request for "https://opendental-a.example.com/api/v1/toothinitial": opendental-a.example.com
2026-10-02 14:49:00.202 [scheduling-1] INFO  c.c.o.s.I.ReconciliationSyncService - RECON entity=toothinitials clinic=CLINIC_A inserted=0 updated=0 unchanged=0 stale=0 duplicates=0 failed=1
2026-10-02 14:49:00.203 [scheduling-1] ERROR c.c.o.s.I.ReconciliationSyncService - Failed to fetch providers from clinic CLINIC_A: I/O error on GET request for "https://opendental-a.example.com/api/v1/providers": opendental-a.example.com
2026-10-02 14:49:00.203 [scheduling-1] INFO  c.c.o.s.I.ReconciliationSyncService - RECON entity=providers clinic=CLINIC_A inserted=0 updated=0 unchanged=0 stale=0 duplicates=0 failed=1
2026-10-02 14:49:00.203 [scheduling-1] ERROR c.c.o.s.I.ReconciliationSyncService - Failed to fetch operatories from clinic CLINIC_A: I/O error on GET request for "https://opendental-a.example.com/api/v1/operatories": opendental-a.example.com
2026-10-02 14:49:00.203 [scheduling-1] INFO  c.c.o.s.I.ReconciliationSyncService - RECON entity=operatories clinic=CLINIC_A inserted=0 updated=0 unchanged=0 stale=0 duplicates=0 failed=1
2026-10-02 14:49:00.203 [scheduling-1] INFO  c.c.o.s.I.ReconciliationSyncService - Reconciliation for clinic CLINIC_A complete: 10 processed, 0 inserted, 0 updated, 0 unchanged, 0 stale, 0 duplicates, 10 failed
2026-10-02 14:49:00.203 [scheduling-1] INFO  c.c.o.s.I.ReconciliationSyncService - Reconciliation for clinic CLINIC_A complete: 0 synced, 10 failed
2026-10-02 14:49:00.205 [scheduling-1] ERROR c.c.o.s.I.ReconciliationSyncService - Failed to fetch Open Dental clinics from installation CLINIC_B: I/O error on GET request for "https://opendental-b.example.com/api/v1/clinics": opendental-b.example.com
2026-10-02 14:49:00.205 [scheduling-1] INFO  c.c.o.s.I.ReconciliationSyncService - RECON entity=clinics clinic=CLINIC_B inserted=0 updated=0 unchanged=0 stale=0 duplicates=0 failed=1
2026-10-02 14:49:00.205 [scheduling-1] ERROR c.c.o.s.I.ReconciliationSyncService - Failed to fetch patients from clinic CLINIC_B: I/O error on GET request for "https://opendental-b.example.com/api/v1/patients": opendental-b.example.com
2026-10-02 14:49:00.206 [scheduling-1] INFO  c.c.o.s.I.ReconciliationSyncService - RECON entity=patients clinic=CLINIC_B inserted=0 updated=0 unchanged=0 stale=0 duplicates=0 failed=1
2026-10-02 14:49:00.206 [scheduling-1] ERROR c.c.o.s.I.ReconciliationSyncService - Failed to fetch appointments from clinic CLINIC_B: I/O error on GET request for "https://opendental-b.example.com/api/v1/appointments": opendental-b.example.com
2026-10-02 14:49:00.206 [scheduling-1] INFO  c.c.o.s.I.ReconciliationSyncService - RECON entity=appointments clinic=CLINIC_B inserted=0 updated=0 unchanged=0 stale=0 duplicates=0 failed=1
2026-10-02 14:49:00.206 [scheduling-1] ERROR c.c.o.s.I.ReconciliationSyncService - Failed to fetch documents from clinic CLINIC_B: I/O error on GET request for "https://opendental-b.example.com/api/v1/patients": opendental-b.example.com
2026-10-02 14:49:00.206 [scheduling-1] INFO  c.c.o.s.I.ReconciliationSyncService - RECON entity=documents clinic=CLINIC_B inserted=0 updated=0 unchanged=0 stale=0 duplicates=0 failed=1
2026-10-02 14:49:00.207 [scheduling-1] ERROR c.c.o.s.I.ReconciliationSyncService - Failed to fetch procedure logs from clinic CLINIC_B: I/O error on GET request for "https://opendental-b.example.com/api/v1/procedurelogs": opendental-b.example.com
2026-10-02 14:49:00.207 [scheduling-1] INFO  c.c.o.s.I.ReconciliationSyncService - RECON entity=procedurelogs clinic=CLINIC_B inserted=0 updated=0 unchanged=0 stale=0 duplicates=0 failed=1
2026-10-02 14:49:00.207 [scheduling-1] ERROR c.c.o.s.I.ReconciliationSyncService - Failed to fetch pat_fields from clinic CLINIC_B: I/O error on GET request for "https://opendental-b.example.com/api/v1/patfields": opendental-b.example.com
2026-10-02 14:49:00.207 [scheduling-1] INFO  c.c.o.s.I.ReconciliationSyncService - RECON entity=patfields clinic=CLINIC_B inserted=0 updated=0 unchanged=0 stale=0 duplicates=0 failed=1
2026-10-02 14:49:00.207 [scheduling-1] ERROR c.c.o.s.I.ReconciliationSyncService - Failed to fetch schedules from clinic CLINIC_B: I/O error on GET request for "https://opendental-b.example.com/api/v1/schedules": opendental-b.example.com
2026-10-02 14:49:00.207 [scheduling-1] INFO  c.c.o.s.I.ReconciliationSyncService - RECON entity=schedules clinic=CLINIC_B inserted=0 updated=0 unchanged=0 stale=0 duplicates=0 failed=1
2026-10-02 14:49:00.207 [scheduling-1] ERROR c.c.o.s.I.ReconciliationSyncService - Failed to fetch tooth initials from clinic CLINIC_B: I/O error on GET request for "https://opendental-b.example.com/api/v1/toothinitial": opendental-b.example.com
2026-10-02 14:49:00.207 [scheduling-1] INFO  c.c.o.s.I.ReconciliationSyncService - RECON entity=toothinitials clinic=CLINIC_B inserted=0 updated=0 unchanged=0 stale=0 duplicates=0 failed=1
2026-10-02 14:49:00.208 [scheduling-1] ERROR c.c.o.s.I.ReconciliationSyncService - Failed to fetch providers from clinic CLINIC_B: I/O error on GET request for "https://opendental-b.example.com/api/v1/providers": opendental-b.example.com
2026-10-02 14:49:00.208 [scheduling-1] INFO  c.c.o.s.I.ReconciliationSyncService - RECON entity=providers clinic=CLINIC_B inserted=0 updated=0 unchanged=0 stale=0 duplicates=0 failed=1
2026-10-02 14:49:00.208 [scheduling-1] ERROR c.c.o.s.I.ReconciliationSyncService - Failed to fetch operatories from clinic CLINIC_B: I/O error on GET request for "https://opendental-b.example.com/api/v1/operatories": opendental-b.example.com
2026-10-02 14:49:00.208 [scheduling-1] INFO  c.c.o.s.I.ReconciliationSyncService - RECON entity=operatories clinic=CLINIC_B inserted=0 updated=0 unchanged=0 stale=0 duplicates=0 failed=1
2026-10-02 14:49:00.209 [scheduling-1] INFO  c.c.o.s.I.ReconciliationSyncService - Reconciliation for clinic CLINIC_B complete: 10 processed, 0 inserted, 0 updated, 0 unchanged, 0 stale, 0 duplicates, 10 failed
2026-10-02 14:49:00.209 [scheduling-1] INFO  c.c.o.s.I.ReconciliationSyncService - Reconciliation for clinic CLINIC_B complete: 0 synced, 10 failed
2026-10-02 14:49:00.211 [scheduling-1] ERROR c.c.o.s.I.ReconciliationSyncService - Failed to fetch Open Dental clinics from installation CLINIC_C: I/O error on GET request for "https://opendental-c.example.com/api/v1/clinics": opendental-c.example.com
2026-10-02 14:49:00.212 [scheduling-1] INFO  c.c.o.s.I.ReconciliationSyncService - RECON entity=clinics clinic=CLINIC_C inserted=0 updated=0 unchanged=0 stale=0 duplicates=0 failed=1
2026-10-02 14:49:00.212 [scheduling-1] ERROR c.c.o.s.I.ReconciliationSyncService - Failed to fetch patients from clinic CLINIC_C: I/O error on GET request for "https://opendental-c.example.com/api/v1/patients": opendental-c.example.com
2026-10-02 14:49:00.212 [scheduling-1] INFO  c.c.o.s.I.ReconciliationSyncService - RECON entity=patients clinic=CLINIC_C inserted=0 updated=0 unchanged=0 stale=0 duplicates=0 failed=1
2026-10-02 14:49:00.213 [scheduling-1] ERROR c.c.o.s.I.ReconciliationSyncService - Failed to fetch appointments from clinic CLINIC_C: I/O error on GET request for "https://opendental-c.example.com/api/v1/appointments": opendental-c.example.com
2026-10-02 14:49:00.213 [scheduling-1] INFO  c.c.o.s.I.ReconciliationSyncService - RECON entity=appointments clinic=CLINIC_C inserted=0 updated=0 unchanged=0 stale=0 duplicates=0 failed=1
2026-10-02 14:49:00.213 [scheduling-1] ERROR c.c.o.s.I.ReconciliationSyncService - Failed to fetch documents from clinic CLINIC_C: I/O error on GET request for "https://opendental-c.example.com/api/v1/patients": opendental-c.example.com
2026-10-02 14:49:00.213 [scheduling-1] INFO  c.c.o.s.I.ReconciliationSyncService - RECON entity=documents clinic=CLINIC_C inserted=0 updated=0 unchanged=0 stale=0 duplicates=0 failed=1
2026-10-02 14:49:00.214 [scheduling-1] ERROR c.c.o.s.I.ReconciliationSyncService - Failed to fetch procedure logs from clinic CLINIC_C: I/O error on GET request for "https://opendental-c.example.com/api/v1/procedurelogs": opendental-c.example.com
2026-10-02 14:49:00.214 [scheduling-1] INFO  c.c.o.s.I.ReconciliationSyncService - RECON entity=procedurelogs clinic=CLINIC_C inserted=0 updated=0 unchanged=0 stale=0 duplicates=0 failed=1
2026-10-02 14:49:00.214 [scheduling-1] ERROR c.c.o.s.I.ReconciliationSyncService - Failed to fetch pat_fields from clinic CLINIC_C: I/O error on GET request for "https://opendental-c.example.com/api/v1/patfields": opendental-c.example.com
2026-10-02 14:49:00.214 [scheduling-1] INFO  c.c.o.s.I.ReconciliationSyncService - RECON entity=patfields clinic=CLINIC_C inserted=0 updated=0 unchanged=0 stale=0 duplicates=0 failed=1
2026-10-02 14:49:00.214 [scheduling-1] ERROR c.c.o.s.I.ReconciliationSyncService - Failed to fetch schedules from clinic CLINIC_C: I/O error on GET request for "https://opendental-c.example.com/api/v1/schedules": opendental-c.example.com
2026-10-02 14:49:00.215 [scheduling-1] INFO  c.c.o.s.I.ReconciliationSyncService - RECON entity=schedules clinic=CLINIC_C inserted=0 updated=0 unchanged=0 stale=0 duplicates=0 failed=1
2026-10-02 14:49:00.215 [scheduling-1] ERROR c.c.o.s.I.ReconciliationSyncService - Failed to fetch tooth initials from clinic CLINIC_C: I/O error on GET request for "https://opendental-c.example.com/api/v1/toothinitial": opendental-c.example.com
2026-10-02 14:49:00.215 [scheduling-1] INFO  c.c.o.s.I.ReconciliationSyncService - RECON entity=toothinitials clinic=CLINIC_C inserted=0 updated=0 unchanged=0 stale=0 duplicates=0 failed=1
2026-10-02 14:49:00.215 [scheduling-1] ERROR c.c.o.s.I.ReconciliationSyncService - Failed to fetch providers from clinic CLINIC_C: I/O error on GET request for "https://opendental-c.example.com/api/v1/providers": opendental-c.example.com
2026-10-02 14:49:00.215 [scheduling-1] INFO  c.c.o.s.I.ReconciliationSyncService - RECON entity=providers clinic=CLINIC_C inserted=0 updated=0 unchanged=0 stale=0 duplicates=0 failed=1
2026-10-02 14:49:00.216 [scheduling-1] ERROR c.c.o.s.I.ReconciliationSyncService - Failed to fetch operatories from clinic CLINIC_C: I/O error on GET request for "https://opendental-c.example.com/api/v1/operatories": opendental-c.example.com
2026-10-02 14:49:00.216 [scheduling-1] INFO  c.c.o.s.I.ReconciliationSyncService - RECON entity=operatories clinic=CLINIC_C inserted=0 updated=0 unchanged=0 stale=0 duplicates=0 failed=1
2026-10-02 14:49:00.216 [scheduling-1] INFO  c.c.o.s.I.ReconciliationSyncService - Reconciliation for clinic CLINIC_C complete: 10 processed, 0 inserted, 0 updated, 0 unchanged, 0 stale, 0 duplicates, 10 failed
2026-10-02 14:49:00.216 [scheduling-1] INFO  c.c.o.s.I.ReconciliationSyncService - Reconciliation for clinic CLINIC_C complete: 0 synced, 10 failed
2026-10-02 14:49:00.216 [scheduling-1] INFO  c.c.o.s.I.ReconciliationSyncService - Reconciliation completed for 3 clinics (30 entities, 0 synced, 30 failed)
2026-10-02 14:49:00.216 [scheduling-1] INFO  c.c.o.s.ReconciliationScheduler - === Scheduled Reconciliation Complete: Reconciliation completed for 3 clinics (30 entities, 0 synced, 30 failed)
2026-10-02 14:49:00.216 [scheduling-1] INFO  c.c.o.s.ReconciliationScheduler - Scheduled reconciliation took 205 ms
2026-10-02 14:49:06.358 [http-nio-8080-exec-5] WARN  c.c.o.s.Impl.PatientServiceImpl - OpenDental API unavailable, falling back to database: 400 Bad Request: ""Malformed API request.""
2026-10-02 14:49:06.363 [http-nio-8080-exec-3] INFO  c.c.o.s.Impl.AppointmentServiceImpl - Fetching appointments with 0 filter(s)
2026-10-02 14:49:06.365 [http-nio-8080-exec-3] WARN  c.c.o.s.Impl.AppointmentServiceImpl - OpenDental API unavailable for appointments, falling back to database: 400 Bad Request: ""Malformed API request.""
2026-10-02 14:49:11.557 [http-nio-8080-exec-7] WARN  c.c.o.s.Impl.PatientServiceImpl - OpenDental API unavailable, falling back to database: 400 Bad Request: ""Malformed API request.""
2026-10-02 14:49:11.561 [http-nio-8080-exec-4] INFO  c.c.o.s.Impl.AppointmentServiceImpl - Fetching appointments with 0 filter(s)
2026-10-02 14:49:11.562 [http-nio-8080-exec-4] WARN  c.c.o.s.Impl.AppointmentServiceImpl - OpenDental API unavailable for appointments, falling back to database: 400 Bad Request: ""Malformed API request.""
2026-10-02 14:49:46.402 [http-nio-8080-exec-6] WARN  c.c.o.s.Impl.PatientServiceImpl - OpenDental API unavailable, falling back to database: 400 Bad Request: ""Malformed API request.""
2026-10-02 14:49:46.409 [http-nio-8080-exec-8] INFO  c.c.o.s.Impl.AppointmentServiceImpl - Fetching appointments with 0 filter(s)
2026-10-02 14:49:46.411 [http-nio-8080-exec-8] WARN  c.c.o.s.Impl.AppointmentServiceImpl - OpenDental API unavailable for appointments, falling back to database: 400 Bad Request: ""Malformed API request.""
2026-10-02 14:50:00.012 [scheduling-1] INFO  c.c.o.s.ReconciliationScheduler - === Scheduled Reconciliation Started ===
2026-10-02 14:50:00.205 [scheduling-1] ERROR c.c.o.s.I.ReconciliationSyncService - Failed to fetch Open Dental clinics from installation CLINIC_A: I/O error on GET request for "https://opendental-a.example.com/api/v1/clinics": opendental-a.example.com
2026-10-02 14:50:00.205 [scheduling-1] INFO  c.c.o.s.I.ReconciliationSyncService - RECON entity=clinics clinic=CLINIC_A inserted=0 updated=0 unchanged=0 stale=0 duplicates=0 failed=1
2026-10-02 14:50:00.206 [scheduling-1] ERROR c.c.o.s.I.ReconciliationSyncService - Failed to fetch patients from clinic CLINIC_A: I/O error on GET request for "https://opendental-a.example.com/api/v1/patients": opendental-a.example.com
2026-10-02 14:50:00.206 [scheduling-1] INFO  c.c.o.s.I.ReconciliationSyncService - RECON entity=patients clinic=CLINIC_A inserted=0 updated=0 unchanged=0 stale=0 duplicates=0 failed=1
2026-10-02 14:50:00.206 [scheduling-1] ERROR c.c.o.s.I.ReconciliationSyncService - Failed to fetch appointments from clinic CLINIC_A: I/O error on GET request for "https://opendental-a.example.com/api/v1/appointments": opendental-a.example.com
2026-10-02 14:50:00.206 [scheduling-1] INFO  c.c.o.s.I.ReconciliationSyncService - RECON entity=appointments clinic=CLINIC_A inserted=0 updated=0 unchanged=0 stale=0 duplicates=0 failed=1
2026-10-02 14:50:00.207 [scheduling-1] ERROR c.c.o.s.I.ReconciliationSyncService - Failed to fetch documents from clinic CLINIC_A: I/O error on GET request for "https://opendental-a.example.com/api/v1/patients": opendental-a.example.com
2026-10-02 14:50:00.207 [scheduling-1] INFO  c.c.o.s.I.ReconciliationSyncService - RECON entity=documents clinic=CLINIC_A inserted=0 updated=0 unchanged=0 stale=0 duplicates=0 failed=1
2026-10-02 14:50:00.207 [scheduling-1] ERROR c.c.o.s.I.ReconciliationSyncService - Failed to fetch procedure logs from clinic CLINIC_A: I/O error on GET request for "https://opendental-a.example.com/api/v1/procedurelogs": opendental-a.example.com
2026-10-02 14:50:00.207 [scheduling-1] INFO  c.c.o.s.I.ReconciliationSyncService - RECON entity=procedurelogs clinic=CLINIC_A inserted=0 updated=0 unchanged=0 stale=0 duplicates=0 failed=1
2026-10-02 14:50:00.207 [scheduling-1] ERROR c.c.o.s.I.ReconciliationSyncService - Failed to fetch pat_fields from clinic CLINIC_A: I/O error on GET request for "https://opendental-a.example.com/api/v1/patfields": opendental-a.example.com
2026-10-02 14:50:00.207 [scheduling-1] INFO  c.c.o.s.I.ReconciliationSyncService - RECON entity=patfields clinic=CLINIC_A inserted=0 updated=0 unchanged=0 stale=0 duplicates=0 failed=1
2026-10-02 14:50:00.208 [scheduling-1] ERROR c.c.o.s.I.ReconciliationSyncService - Failed to fetch schedules from clinic CLINIC_A: I/O error on GET request for "https://opendental-a.example.com/api/v1/schedules": opendental-a.example.com
2026-10-02 14:50:00.208 [scheduling-1] INFO  c.c.o.s.I.ReconciliationSyncService - RECON entity=schedules clinic=CLINIC_A inserted=0 updated=0 unchanged=0 stale=0 duplicates=0 failed=1
2026-10-02 14:50:00.208 [scheduling-1] ERROR c.c.o.s.I.ReconciliationSyncService - Failed to fetch tooth initials from clinic CLINIC_A: I/O error on GET request for "https://opendental-a.example.com/api/v1/toothinitial": opendental-a.example.com
2026-10-02 14:50:00.208 [scheduling-1] INFO  c.c.o.s.I.ReconciliationSyncService - RECON entity=toothinitials clinic=CLINIC_A inserted=0 updated=0 unchanged=0 stale=0 duplicates=0 failed=1
2026-10-02 14:50:00.208 [scheduling-1] ERROR c.c.o.s.I.ReconciliationSyncService - Failed to fetch providers from clinic CLINIC_A: I/O error on GET request for "https://opendental-a.example.com/api/v1/providers": opendental-a.example.com
2026-10-02 14:50:00.208 [scheduling-1] INFO  c.c.o.s.I.ReconciliationSyncService - RECON entity=providers clinic=CLINIC_A inserted=0 updated=0 unchanged=0 stale=0 duplicates=0 failed=1
2026-10-02 14:50:00.208 [scheduling-1] ERROR c.c.o.s.I.ReconciliationSyncService - Failed to fetch operatories from clinic CLINIC_A: I/O error on GET request for "https://opendental-a.example.com/api/v1/operatories": opendental-a.example.com
2026-10-02 14:50:00.208 [scheduling-1] INFO  c.c.o.s.I.ReconciliationSyncService - RECON entity=operatories clinic=CLINIC_A inserted=0 updated=0 unchanged=0 stale=0 duplicates=0 failed=1
2026-10-02 14:50:00.210 [scheduling-1] INFO  c.c.o.s.I.ReconciliationSyncService - Reconciliation for clinic CLINIC_A complete: 10 processed, 0 inserted, 0 updated, 0 unchanged, 0 stale, 0 duplicates, 10 failed
2026-10-02 14:50:00.210 [scheduling-1] INFO  c.c.o.s.I.ReconciliationSyncService - Reconciliation for clinic CLINIC_A complete: 0 synced, 10 failed
2026-10-02 14:50:00.211 [scheduling-1] ERROR c.c.o.s.I.ReconciliationSyncService - Failed to fetch Open Dental clinics from installation CLINIC_B: I/O error on GET request for "https://opendental-b.example.com/api/v1/clinics": opendental-b.example.com
2026-10-02 14:50:00.212 [scheduling-1] INFO  c.c.o.s.I.ReconciliationSyncService - RECON entity=clinics clinic=CLINIC_B inserted=0 updated=0 unchanged=0 stale=0 duplicates=0 failed=1
2026-10-02 14:50:00.212 [scheduling-1] ERROR c.c.o.s.I.ReconciliationSyncService - Failed to fetch patients from clinic CLINIC_B: I/O error on GET request for "https://opendental-b.example.com/api/v1/patients": opendental-b.example.com
2026-10-02 14:50:00.212 [scheduling-1] INFO  c.c.o.s.I.ReconciliationSyncService - RECON entity=patients clinic=CLINIC_B inserted=0 updated=0 unchanged=0 stale=0 duplicates=0 failed=1
2026-10-02 14:50:00.212 [scheduling-1] ERROR c.c.o.s.I.ReconciliationSyncService - Failed to fetch appointments from clinic CLINIC_B: I/O error on GET request for "https://opendental-b.example.com/api/v1/appointments": opendental-b.example.com
2026-10-02 14:50:00.212 [scheduling-1] INFO  c.c.o.s.I.ReconciliationSyncService - RECON entity=appointments clinic=CLINIC_B inserted=0 updated=0 unchanged=0 stale=0 duplicates=0 failed=1
2026-10-02 14:50:00.213 [scheduling-1] ERROR c.c.o.s.I.ReconciliationSyncService - Failed to fetch documents from clinic CLINIC_B: I/O error on GET request for "https://opendental-b.example.com/api/v1/patients": opendental-b.example.com
2026-10-02 14:50:00.213 [scheduling-1] INFO  c.c.o.s.I.ReconciliationSyncService - RECON entity=documents clinic=CLINIC_B inserted=0 updated=0 unchanged=0 stale=0 duplicates=0 failed=1
2026-10-02 14:50:00.213 [scheduling-1] ERROR c.c.o.s.I.ReconciliationSyncService - Failed to fetch procedure logs from clinic CLINIC_B: I/O error on GET request for "https://opendental-b.example.com/api/v1/procedurelogs": opendental-b.example.com
2026-10-02 14:50:00.213 [scheduling-1] INFO  c.c.o.s.I.ReconciliationSyncService - RECON entity=procedurelogs clinic=CLINIC_B inserted=0 updated=0 unchanged=0 stale=0 duplicates=0 failed=1
2026-10-02 14:50:00.213 [scheduling-1] ERROR c.c.o.s.I.ReconciliationSyncService - Failed to fetch pat_fields from clinic CLINIC_B: I/O error on GET request for "https://opendental-b.example.com/api/v1/patfields": opendental-b.example.com
2026-10-02 14:50:00.214 [scheduling-1] INFO  c.c.o.s.I.ReconciliationSyncService - RECON entity=patfields clinic=CLINIC_B inserted=0 updated=0 unchanged=0 stale=0 duplicates=0 failed=1
2026-10-02 14:50:00.214 [scheduling-1] ERROR c.c.o.s.I.ReconciliationSyncService - Failed to fetch schedules from clinic CLINIC_B: I/O error on GET request for "https://opendental-b.example.com/api/v1/schedules": opendental-b.example.com
2026-10-02 14:50:00.214 [scheduling-1] INFO  c.c.o.s.I.ReconciliationSyncService - RECON entity=schedules clinic=CLINIC_B inserted=0 updated=0 unchanged=0 stale=0 duplicates=0 failed=1
2026-10-02 14:50:00.214 [scheduling-1] ERROR c.c.o.s.I.ReconciliationSyncService - Failed to fetch tooth initials from clinic CLINIC_B: I/O error on GET request for "https://opendental-b.example.com/api/v1/toothinitial": opendental-b.example.com
2026-10-02 14:50:00.214 [scheduling-1] INFO  c.c.o.s.I.ReconciliationSyncService - RECON entity=toothinitials clinic=CLINIC_B inserted=0 updated=0 unchanged=0 stale=0 duplicates=0 failed=1
2026-10-02 14:50:00.214 [scheduling-1] ERROR c.c.o.s.I.ReconciliationSyncService - Failed to fetch providers from clinic CLINIC_B: I/O error on GET request for "https://opendental-b.example.com/api/v1/providers": opendental-b.example.com
2026-10-02 14:50:00.215 [scheduling-1] INFO  c.c.o.s.I.ReconciliationSyncService - RECON entity=providers clinic=CLINIC_B inserted=0 updated=0 unchanged=0 stale=0 duplicates=0 failed=1
2026-10-02 14:50:00.215 [scheduling-1] ERROR c.c.o.s.I.ReconciliationSyncService - Failed to fetch operatories from clinic CLINIC_B: I/O error on GET request for "https://opendental-b.example.com/api/v1/operatories": opendental-b.example.com
2026-10-02 14:50:00.215 [scheduling-1] INFO  c.c.o.s.I.ReconciliationSyncService - RECON entity=operatories clinic=CLINIC_B inserted=0 updated=0 unchanged=0 stale=0 duplicates=0 failed=1
2026-10-02 14:50:00.215 [scheduling-1] INFO  c.c.o.s.I.ReconciliationSyncService - Reconciliation for clinic CLINIC_B complete: 10 processed, 0 inserted, 0 updated, 0 unchanged, 0 stale, 0 duplicates, 10 failed
2026-10-02 14:50:00.215 [scheduling-1] INFO  c.c.o.s.I.ReconciliationSyncService - Reconciliation for clinic CLINIC_B complete: 0 synced, 10 failed
2026-10-02 14:50:00.218 [scheduling-1] ERROR c.c.o.s.I.ReconciliationSyncService - Failed to fetch Open Dental clinics from installation CLINIC_C: I/O error on GET request for "https://opendental-c.example.com/api/v1/clinics": opendental-c.example.com
2026-10-02 14:50:00.219 [scheduling-1] INFO  c.c.o.s.I.ReconciliationSyncService - RECON entity=clinics clinic=CLINIC_C inserted=0 updated=0 unchanged=0 stale=0 duplicates=0 failed=1
2026-10-02 14:50:00.219 [scheduling-1] ERROR c.c.o.s.I.ReconciliationSyncService - Failed to fetch patients from clinic CLINIC_C: I/O error on GET request for "https://opendental-c.example.com/api/v1/patients": opendental-c.example.com
2026-10-02 14:50:00.219 [scheduling-1] INFO  c.c.o.s.I.ReconciliationSyncService - RECON entity=patients clinic=CLINIC_C inserted=0 updated=0 unchanged=0 stale=0 duplicates=0 failed=1
2026-10-02 14:50:00.219 [scheduling-1] ERROR c.c.o.s.I.ReconciliationSyncService - Failed to fetch appointments from clinic CLINIC_C: I/O error on GET request for "https://opendental-c.example.com/api/v1/appointments": opendental-c.example.com
2026-10-02 14:50:00.219 [scheduling-1] INFO  c.c.o.s.I.ReconciliationSyncService - RECON entity=appointments clinic=CLINIC_C inserted=0 updated=0 unchanged=0 stale=0 duplicates=0 failed=1
2026-10-02 14:50:00.220 [scheduling-1] ERROR c.c.o.s.I.ReconciliationSyncService - Failed to fetch documents from clinic CLINIC_C: I/O error on GET request for "https://opendental-c.example.com/api/v1/patients": opendental-c.example.com
2026-10-02 14:50:00.220 [scheduling-1] INFO  c.c.o.s.I.ReconciliationSyncService - RECON entity=documents clinic=CLINIC_C inserted=0 updated=0 unchanged=0 stale=0 duplicates=0 failed=1
2026-10-02 14:50:00.220 [scheduling-1] ERROR c.c.o.s.I.ReconciliationSyncService - Failed to fetch procedure logs from clinic CLINIC_C: I/O error on GET request for "https://opendental-c.example.com/api/v1/procedurelogs": opendental-c.example.com
2026-10-02 14:50:00.220 [scheduling-1] INFO  c.c.o.s.I.ReconciliationSyncService - RECON entity=procedurelogs clinic=CLINIC_C inserted=0 updated=0 unchanged=0 stale=0 duplicates=0 failed=1
2026-10-02 14:50:00.220 [scheduling-1] ERROR c.c.o.s.I.ReconciliationSyncService - Failed to fetch pat_fields from clinic CLINIC_C: I/O error on GET request for "https://opendental-c.example.com/api/v1/patfields": opendental-c.example.com
2026-10-02 14:50:00.220 [scheduling-1] INFO  c.c.o.s.I.ReconciliationSyncService - RECON entity=patfields clinic=CLINIC_C inserted=0 updated=0 unchanged=0 stale=0 duplicates=0 failed=1
2026-10-02 14:50:00.221 [scheduling-1] ERROR c.c.o.s.I.ReconciliationSyncService - Failed to fetch schedules from clinic CLINIC_C: I/O error on GET request for "https://opendental-c.example.com/api/v1/schedules": opendental-c.example.com
2026-10-02 14:50:00.222 [scheduling-1] INFO  c.c.o.s.I.ReconciliationSyncService - RECON entity=schedules clinic=CLINIC_C inserted=0 updated=0 unchanged=0 stale=0 duplicates=0 failed=1
2026-10-02 14:50:00.222 [scheduling-1] ERROR c.c.o.s.I.ReconciliationSyncService - Failed to fetch tooth initials from clinic CLINIC_C: I/O error on GET request for "https://opendental-c.example.com/api/v1/toothinitial": opendental-c.example.com
2026-10-02 14:50:00.222 [scheduling-1] INFO  c.c.o.s.I.ReconciliationSyncService - RECON entity=toothinitials clinic=CLINIC_C inserted=0 updated=0 unchanged=0 stale=0 duplicates=0 failed=1
2026-10-02 14:50:00.222 [scheduling-1] ERROR c.c.o.s.I.ReconciliationSyncService - Failed to fetch providers from clinic CLINIC_C: I/O error on GET request for "https://opendental-c.example.com/api/v1/providers": opendental-c.example.com
2026-10-02 14:50:00.222 [scheduling-1] INFO  c.c.o.s.I.ReconciliationSyncService - RECON entity=providers clinic=CLINIC_C inserted=0 updated=0 unchanged=0 stale=0 duplicates=0 failed=1
2026-10-02 14:50:00.222 [scheduling-1] ERROR c.c.o.s.I.ReconciliationSyncService - Failed to fetch operatories from clinic CLINIC_C: I/O error on GET request for "https://opendental-c.example.com/api/v1/operatories": opendental-c.example.com
2026-10-02 14:50:00.223 [scheduling-1] INFO  c.c.o.s.I.ReconciliationSyncService - RECON entity=operatories clinic=CLINIC_C inserted=0 updated=0 unchanged=0 stale=0 duplicates=0 failed=1
2026-10-02 14:50:00.223 [scheduling-1] INFO  c.c.o.s.I.ReconciliationSyncService - Reconciliation for clinic CLINIC_C complete: 10 processed, 0 inserted, 0 updated, 0 unchanged, 0 stale, 0 duplicates, 10 failed
2026-10-02 14:50:00.223 [scheduling-1] INFO  c.c.o.s.I.ReconciliationSyncService - Reconciliation for clinic CLINIC_C complete: 0 synced, 10 failed
2026-10-02 14:50:00.223 [scheduling-1] INFO  c.c.o.s.I.ReconciliationSyncService - Reconciliation completed for 3 clinics (30 entities, 0 synced, 30 failed)
2026-10-02 14:50:00.223 [scheduling-1] INFO  c.c.o.s.ReconciliationScheduler - === Scheduled Reconciliation Complete: Reconciliation completed for 3 clinics (30 entities, 0 synced, 30 failed)
2026-10-02 14:50:00.223 [scheduling-1] INFO  c.c.o.s.ReconciliationScheduler - Scheduled reconciliation took 210 ms
2026-10-02 14:50:11.520 [http-nio-8080-exec-10] WARN  c.c.o.s.Impl.PatientServiceImpl - OpenDental API unavailable, falling back to database: 400 Bad Request: ""Malformed API request.""
2026-10-02 14:50:11.525 [http-nio-8080-exec-9] INFO  c.c.o.s.Impl.AppointmentServiceImpl - Fetching appointments with 0 filter(s)
2026-10-02 14:50:11.527 [http-nio-8080-exec-9] WARN  c.c.o.s.Impl.AppointmentServiceImpl - OpenDental API unavailable for appointments, falling back to database: 400 Bad Request: ""Malformed API request.""
2026-10-02 14:50:31.497 [http-nio-8080-exec-2] INFO  c.c.o.s.Impl.AppointmentServiceImpl - Fetching appointments with 0 filter(s)
2026-10-02 14:50:31.499 [http-nio-8080-exec-1] WARN  c.c.o.s.Impl.PatientServiceImpl - OpenDental API unavailable, falling back to database: 400 Bad Request: ""Malformed API request.""
2026-10-02 14:50:31.501 [http-nio-8080-exec-2] WARN  c.c.o.s.Impl.AppointmentServiceImpl - OpenDental API unavailable for appointments, falling back to database: 400 Bad Request: ""Malformed API request.""
2026-10-02 14:50:41.467 [http-nio-8080-exec-5] WARN  c.c.o.s.Impl.PatientServiceImpl - OpenDental API unavailable, falling back to database: 400 Bad Request: ""Malformed API request.""
2026-10-02 14:50:41.469 [http-nio-8080-exec-3] INFO  c.c.o.s.Impl.AppointmentServiceImpl - Fetching appointments with 0 filter(s)
2026-10-02 14:50:41.471 [http-nio-8080-exec-3] WARN  c.c.o.s.Impl.AppointmentServiceImpl - OpenDental API unavailable for appointments, falling back to database: 400 Bad Request: ""Malformed API request.""
2026-10-02 14:51:00.014 [scheduling-1] INFO  c.c.o.s.ReconciliationScheduler - === Scheduled Reconciliation Started ===
2026-10-02 14:51:00.283 [scheduling-1] ERROR c.c.o.s.I.ReconciliationSyncService - Failed to fetch Open Dental clinics from installation CLINIC_A: I/O error on GET request for "https://opendental-a.example.com/api/v1/clinics": opendental-a.example.com
2026-10-02 14:51:00.283 [scheduling-1] INFO  c.c.o.s.I.ReconciliationSyncService - RECON entity=clinics clinic=CLINIC_A inserted=0 updated=0 unchanged=0 stale=0 duplicates=0 failed=1
2026-10-02 14:51:00.284 [scheduling-1] ERROR c.c.o.s.I.ReconciliationSyncService - Failed to fetch patients from clinic CLINIC_A: I/O error on GET request for "https://opendental-a.example.com/api/v1/patients": opendental-a.example.com
2026-10-02 14:51:00.284 [scheduling-1] INFO  c.c.o.s.I.ReconciliationSyncService - RECON entity=patients clinic=CLINIC_A inserted=0 updated=0 unchanged=0 stale=0 duplicates=0 failed=1
2026-10-02 14:51:00.285 [scheduling-1] ERROR c.c.o.s.I.ReconciliationSyncService - Failed to fetch appointments from clinic CLINIC_A: I/O error on GET request for "https://opendental-a.example.com/api/v1/appointments": opendental-a.example.com
2026-10-02 14:51:00.285 [scheduling-1] INFO  c.c.o.s.I.ReconciliationSyncService - RECON entity=appointments clinic=CLINIC_A inserted=0 updated=0 unchanged=0 stale=0 duplicates=0 failed=1
2026-10-02 14:51:00.285 [scheduling-1] ERROR c.c.o.s.I.ReconciliationSyncService - Failed to fetch documents from clinic CLINIC_A: I/O error on GET request for "https://opendental-a.example.com/api/v1/patients": opendental-a.example.com
2026-10-02 14:51:00.285 [scheduling-1] INFO  c.c.o.s.I.ReconciliationSyncService - RECON entity=documents clinic=CLINIC_A inserted=0 updated=0 unchanged=0 stale=0 duplicates=0 failed=1
2026-10-02 14:51:00.286 [scheduling-1] ERROR c.c.o.s.I.ReconciliationSyncService - Failed to fetch procedure logs from clinic CLINIC_A: I/O error on GET request for "https://opendental-a.example.com/api/v1/procedurelogs": opendental-a.example.com
2026-10-02 14:51:00.286 [scheduling-1] INFO  c.c.o.s.I.ReconciliationSyncService - RECON entity=procedurelogs clinic=CLINIC_A inserted=0 updated=0 unchanged=0 stale=0 duplicates=0 failed=1
2026-10-02 14:51:00.286 [scheduling-1] ERROR c.c.o.s.I.ReconciliationSyncService - Failed to fetch pat_fields from clinic CLINIC_A: I/O error on GET request for "https://opendental-a.example.com/api/v1/patfields": opendental-a.example.com
2026-10-02 14:51:00.286 [scheduling-1] INFO  c.c.o.s.I.ReconciliationSyncService - RECON entity=patfields clinic=CLINIC_A inserted=0 updated=0 unchanged=0 stale=0 duplicates=0 failed=1
2026-10-02 14:51:00.286 [scheduling-1] ERROR c.c.o.s.I.ReconciliationSyncService - Failed to fetch schedules from clinic CLINIC_A: I/O error on GET request for "https://opendental-a.example.com/api/v1/schedules": opendental-a.example.com
2026-10-02 14:51:00.287 [scheduling-1] INFO  c.c.o.s.I.ReconciliationSyncService - RECON entity=schedules clinic=CLINIC_A inserted=0 updated=0 unchanged=0 stale=0 duplicates=0 failed=1
2026-10-02 14:51:00.288 [scheduling-1] ERROR c.c.o.s.I.ReconciliationSyncService - Failed to fetch tooth initials from clinic CLINIC_A: I/O error on GET request for "https://opendental-a.example.com/api/v1/toothinitial": opendental-a.example.com
2026-10-02 14:51:00.288 [scheduling-1] INFO  c.c.o.s.I.ReconciliationSyncService - RECON entity=toothinitials clinic=CLINIC_A inserted=0 updated=0 unchanged=0 stale=0 duplicates=0 failed=1
2026-10-02 14:51:00.289 [scheduling-1] ERROR c.c.o.s.I.ReconciliationSyncService - Failed to fetch providers from clinic CLINIC_A: I/O error on GET request for "https://opendental-a.example.com/api/v1/providers": opendental-a.example.com
2026-10-02 14:51:00.289 [scheduling-1] INFO  c.c.o.s.I.ReconciliationSyncService - RECON entity=providers clinic=CLINIC_A inserted=0 updated=0 unchanged=0 stale=0 duplicates=0 failed=1
2026-10-02 14:51:00.291 [scheduling-1] ERROR c.c.o.s.I.ReconciliationSyncService - Failed to fetch operatories from clinic CLINIC_A: I/O error on GET request for "https://opendental-a.example.com/api/v1/operatories": opendental-a.example.com
2026-10-02 14:51:00.291 [scheduling-1] INFO  c.c.o.s.I.ReconciliationSyncService - RECON entity=operatories clinic=CLINIC_A inserted=0 updated=0 unchanged=0 stale=0 duplicates=0 failed=1
2026-10-02 14:51:00.292 [scheduling-1] INFO  c.c.o.s.I.ReconciliationSyncService - Reconciliation for clinic CLINIC_A complete: 10 processed, 0 inserted, 0 updated, 0 unchanged, 0 stale, 0 duplicates, 10 failed
2026-10-02 14:51:00.292 [scheduling-1] INFO  c.c.o.s.I.ReconciliationSyncService - Reconciliation for clinic CLINIC_A complete: 0 synced, 10 failed
2026-10-02 14:51:00.298 [scheduling-1] ERROR c.c.o.s.I.ReconciliationSyncService - Failed to fetch Open Dental clinics from installation CLINIC_B: I/O error on GET request for "https://opendental-b.example.com/api/v1/clinics": opendental-b.example.com
2026-10-02 14:51:00.298 [scheduling-1] INFO  c.c.o.s.I.ReconciliationSyncService - RECON entity=clinics clinic=CLINIC_B inserted=0 updated=0 unchanged=0 stale=0 duplicates=0 failed=1
2026-10-02 14:51:00.299 [scheduling-1] ERROR c.c.o.s.I.ReconciliationSyncService - Failed to fetch patients from clinic CLINIC_B: I/O error on GET request for "https://opendental-b.example.com/api/v1/patients": opendental-b.example.com
2026-10-02 14:51:00.299 [scheduling-1] INFO  c.c.o.s.I.ReconciliationSyncService - RECON entity=patients clinic=CLINIC_B inserted=0 updated=0 unchanged=0 stale=0 duplicates=0 failed=1
2026-10-02 14:51:00.299 [scheduling-1] ERROR c.c.o.s.I.ReconciliationSyncService - Failed to fetch appointments from clinic CLINIC_B: I/O error on GET request for "https://opendental-b.example.com/api/v1/appointments": opendental-b.example.com
2026-10-02 14:51:00.299 [scheduling-1] INFO  c.c.o.s.I.ReconciliationSyncService - RECON entity=appointments clinic=CLINIC_B inserted=0 updated=0 unchanged=0 stale=0 duplicates=0 failed=1
2026-10-02 14:51:00.300 [scheduling-1] ERROR c.c.o.s.I.ReconciliationSyncService - Failed to fetch documents from clinic CLINIC_B: I/O error on GET request for "https://opendental-b.example.com/api/v1/patients": opendental-b.example.com
2026-10-02 14:51:00.300 [scheduling-1] INFO  c.c.o.s.I.ReconciliationSyncService - RECON entity=documents clinic=CLINIC_B inserted=0 updated=0 unchanged=0 stale=0 duplicates=0 failed=1
2026-10-02 14:51:00.300 [scheduling-1] ERROR c.c.o.s.I.ReconciliationSyncService - Failed to fetch procedure logs from clinic CLINIC_B: I/O error on GET request for "https://opendental-b.example.com/api/v1/procedurelogs": opendental-b.example.com
2026-10-02 14:51:00.300 [scheduling-1] INFO  c.c.o.s.I.ReconciliationSyncService - RECON entity=procedurelogs clinic=CLINIC_B inserted=0 updated=0 unchanged=0 stale=0 duplicates=0 failed=1
2026-10-02 14:51:00.300 [scheduling-1] ERROR c.c.o.s.I.ReconciliationSyncService - Failed to fetch pat_fields from clinic CLINIC_B: I/O error on GET request for "https://opendental-b.example.com/api/v1/patfields": opendental-b.example.com
2026-10-02 14:51:00.301 [scheduling-1] INFO  c.c.o.s.I.ReconciliationSyncService - RECON entity=patfields clinic=CLINIC_B inserted=0 updated=0 unchanged=0 stale=0 duplicates=0 failed=1
2026-10-02 14:51:00.301 [scheduling-1] ERROR c.c.o.s.I.ReconciliationSyncService - Failed to fetch schedules from clinic CLINIC_B: I/O error on GET request for "https://opendental-b.example.com/api/v1/schedules": opendental-b.example.com
2026-10-02 14:51:00.301 [scheduling-1] INFO  c.c.o.s.I.ReconciliationSyncService - RECON entity=schedules clinic=CLINIC_B inserted=0 updated=0 unchanged=0 stale=0 duplicates=0 failed=1
2026-10-02 14:51:00.302 [scheduling-1] ERROR c.c.o.s.I.ReconciliationSyncService - Failed to fetch tooth initials from clinic CLINIC_B: I/O error on GET request for "https://opendental-b.example.com/api/v1/toothinitial": opendental-b.example.com
2026-10-02 14:51:00.302 [scheduling-1] INFO  c.c.o.s.I.ReconciliationSyncService - RECON entity=toothinitials clinic=CLINIC_B inserted=0 updated=0 unchanged=0 stale=0 duplicates=0 failed=1
2026-10-02 14:51:00.302 [scheduling-1] ERROR c.c.o.s.I.ReconciliationSyncService - Failed to fetch providers from clinic CLINIC_B: I/O error on GET request for "https://opendental-b.example.com/api/v1/providers": opendental-b.example.com
2026-10-02 14:51:00.303 [scheduling-1] INFO  c.c.o.s.I.ReconciliationSyncService - RECON entity=providers clinic=CLINIC_B inserted=0 updated=0 unchanged=0 stale=0 duplicates=0 failed=1
2026-10-02 14:51:00.303 [scheduling-1] ERROR c.c.o.s.I.ReconciliationSyncService - Failed to fetch operatories from clinic CLINIC_B: I/O error on GET request for "https://opendental-b.example.com/api/v1/operatories": opendental-b.example.com
2026-10-02 14:51:00.303 [scheduling-1] INFO  c.c.o.s.I.ReconciliationSyncService - RECON entity=operatories clinic=CLINIC_B inserted=0 updated=0 unchanged=0 stale=0 duplicates=0 failed=1
2026-10-02 14:51:00.303 [scheduling-1] INFO  c.c.o.s.I.ReconciliationSyncService - Reconciliation for clinic CLINIC_B complete: 10 processed, 0 inserted, 0 updated, 0 unchanged, 0 stale, 0 duplicates, 10 failed
2026-10-02 14:51:00.303 [scheduling-1] INFO  c.c.o.s.I.ReconciliationSyncService - Reconciliation for clinic CLINIC_B complete: 0 synced, 10 failed
2026-10-02 14:51:00.305 [scheduling-1] ERROR c.c.o.s.I.ReconciliationSyncService - Failed to fetch Open Dental clinics from installation CLINIC_C: I/O error on GET request for "https://opendental-c.example.com/api/v1/clinics": opendental-c.example.com
2026-10-02 14:51:00.306 [scheduling-1] INFO  c.c.o.s.I.ReconciliationSyncService - RECON entity=clinics clinic=CLINIC_C inserted=0 updated=0 unchanged=0 stale=0 duplicates=0 failed=1
2026-10-02 14:51:00.306 [scheduling-1] ERROR c.c.o.s.I.ReconciliationSyncService - Failed to fetch patients from clinic CLINIC_C: I/O error on GET request for "https://opendental-c.example.com/api/v1/patients": opendental-c.example.com
2026-10-02 14:51:00.306 [scheduling-1] INFO  c.c.o.s.I.ReconciliationSyncService - RECON entity=patients clinic=CLINIC_C inserted=0 updated=0 unchanged=0 stale=0 duplicates=0 failed=1
2026-10-02 14:51:00.307 [scheduling-1] ERROR c.c.o.s.I.ReconciliationSyncService - Failed to fetch appointments from clinic CLINIC_C: I/O error on GET request for "https://opendental-c.example.com/api/v1/appointments": opendental-c.example.com
2026-10-02 14:51:00.307 [scheduling-1] INFO  c.c.o.s.I.ReconciliationSyncService - RECON entity=appointments clinic=CLINIC_C inserted=0 updated=0 unchanged=0 stale=0 duplicates=0 failed=1
2026-10-02 14:51:00.307 [scheduling-1] ERROR c.c.o.s.I.ReconciliationSyncService - Failed to fetch documents from clinic CLINIC_C: I/O error on GET request for "https://opendental-c.example.com/api/v1/patients": opendental-c.example.com
2026-10-02 14:51:00.307 [scheduling-1] INFO  c.c.o.s.I.ReconciliationSyncService - RECON entity=documents clinic=CLINIC_C inserted=0 updated=0 unchanged=0 stale=0 duplicates=0 failed=1
2026-10-02 14:51:00.308 [scheduling-1] ERROR c.c.o.s.I.ReconciliationSyncService - Failed to fetch procedure logs from clinic CLINIC_C: I/O error on GET request for "https://opendental-c.example.com/api/v1/procedurelogs": opendental-c.example.com
2026-10-02 14:51:00.309 [scheduling-1] INFO  c.c.o.s.I.ReconciliationSyncService - RECON entity=procedurelogs clinic=CLINIC_C inserted=0 updated=0 unchanged=0 stale=0 duplicates=0 failed=1
2026-10-02 14:51:00.310 [scheduling-1] ERROR c.c.o.s.I.ReconciliationSyncService - Failed to fetch pat_fields from clinic CLINIC_C: I/O error on GET request for "https://opendental-c.example.com/api/v1/patfields": opendental-c.example.com
2026-10-02 14:51:00.310 [scheduling-1] INFO  c.c.o.s.I.ReconciliationSyncService - RECON entity=patfields clinic=CLINIC_C inserted=0 updated=0 unchanged=0 stale=0 duplicates=0 failed=1
2026-10-02 14:51:00.311 [scheduling-1] ERROR c.c.o.s.I.ReconciliationSyncService - Failed to fetch schedules from clinic CLINIC_C: I/O error on GET request for "https://opendental-c.example.com/api/v1/schedules": opendental-c.example.com
2026-10-02 14:51:00.311 [scheduling-1] INFO  c.c.o.s.I.ReconciliationSyncService - RECON entity=schedules clinic=CLINIC_C inserted=0 updated=0 unchanged=0 stale=0 duplicates=0 failed=1
2026-10-02 14:51:00.311 [scheduling-1] ERROR c.c.o.s.I.ReconciliationSyncService - Failed to fetch tooth initials from clinic CLINIC_C: I/O error on GET request for "https://opendental-c.example.com/api/v1/toothinitial": opendental-c.example.com
2026-10-02 14:51:00.312 [scheduling-1] INFO  c.c.o.s.I.ReconciliationSyncService - RECON entity=toothinitials clinic=CLINIC_C inserted=0 updated=0 unchanged=0 stale=0 duplicates=0 failed=1
2026-10-02 14:51:00.312 [scheduling-1] ERROR c.c.o.s.I.ReconciliationSyncService - Failed to fetch providers from clinic CLINIC_C: I/O error on GET request for "https://opendental-c.example.com/api/v1/providers": opendental-c.example.com
2026-10-02 14:51:00.312 [scheduling-1] INFO  c.c.o.s.I.ReconciliationSyncService - RECON entity=providers clinic=CLINIC_C inserted=0 updated=0 unchanged=0 stale=0 duplicates=0 failed=1
2026-10-02 14:51:00.313 [scheduling-1] ERROR c.c.o.s.I.ReconciliationSyncService - Failed to fetch operatories from clinic CLINIC_C: I/O error on GET request for "https://opendental-c.example.com/api/v1/operatories": opendental-c.example.com
2026-10-02 14:51:00.313 [scheduling-1] INFO  c.c.o.s.I.ReconciliationSyncService - RECON entity=operatories clinic=CLINIC_C inserted=0 updated=0 unchanged=0 stale=0 duplicates=0 failed=1
2026-10-02 14:51:00.313 [scheduling-1] INFO  c.c.o.s.I.ReconciliationSyncService - Reconciliation for clinic CLINIC_C complete: 10 processed, 0 inserted, 0 updated, 0 unchanged, 0 stale, 0 duplicates, 10 failed
2026-10-02 14:51:00.313 [scheduling-1] INFO  c.c.o.s.I.ReconciliationSyncService - Reconciliation for clinic CLINIC_C complete: 0 synced, 10 failed
2026-10-02 14:51:00.313 [scheduling-1] INFO  c.c.o.s.I.ReconciliationSyncService - Reconciliation completed for 3 clinics (30 entities, 0 synced, 30 failed)
2026-10-02 14:51:00.314 [scheduling-1] INFO  c.c.o.s.ReconciliationScheduler - === Scheduled Reconciliation Complete: Reconciliation completed for 3 clinics (30 entities, 0 synced, 30 failed)
2026-10-02 14:51:00.314 [scheduling-1] INFO  c.c.o.s.ReconciliationScheduler - Scheduled reconciliation took 299 ms
2026-10-02 14:51:11.527 [http-nio-8080-exec-7] WARN  c.c.o.s.Impl.PatientServiceImpl - OpenDental API unavailable, falling back to database: 400 Bad Request: ""Malformed API request.""
2026-10-02 14:51:11.567 [http-nio-8080-exec-4] INFO  c.c.o.s.Impl.AppointmentServiceImpl - Fetching appointments with 0 filter(s)
2026-10-02 14:51:11.571 [http-nio-8080-exec-4] WARN  c.c.o.s.Impl.AppointmentServiceImpl - OpenDental API unavailable for appointments, falling back to database: 400 Bad Request: ""Malformed API request.""
2026-10-02 14:52:00.004 [scheduling-1] INFO  c.c.o.s.ReconciliationScheduler - === Scheduled Reconciliation Started ===
2026-10-02 14:52:00.221 [scheduling-1] ERROR c.c.o.s.I.ReconciliationSyncService - Failed to fetch Open Dental clinics from installation CLINIC_A: I/O error on GET request for "https://opendental-a.example.com/api/v1/clinics": opendental-a.example.com
2026-10-02 14:52:00.221 [scheduling-1] INFO  c.c.o.s.I.ReconciliationSyncService - RECON entity=clinics clinic=CLINIC_A inserted=0 updated=0 unchanged=0 stale=0 duplicates=0 failed=1
2026-10-02 14:52:00.223 [scheduling-1] ERROR c.c.o.s.I.ReconciliationSyncService - Failed to fetch patients from clinic CLINIC_A: I/O error on GET request for "https://opendental-a.example.com/api/v1/patients": opendental-a.example.com
2026-10-02 14:52:00.223 [scheduling-1] INFO  c.c.o.s.I.ReconciliationSyncService - RECON entity=patients clinic=CLINIC_A inserted=0 updated=0 unchanged=0 stale=0 duplicates=0 failed=1
2026-10-02 14:52:00.224 [scheduling-1] ERROR c.c.o.s.I.ReconciliationSyncService - Failed to fetch appointments from clinic CLINIC_A: I/O error on GET request for "https://opendental-a.example.com/api/v1/appointments": opendental-a.example.com
2026-10-02 14:52:00.224 [scheduling-1] INFO  c.c.o.s.I.ReconciliationSyncService - RECON entity=appointments clinic=CLINIC_A inserted=0 updated=0 unchanged=0 stale=0 duplicates=0 failed=1
2026-10-02 14:52:00.224 [scheduling-1] ERROR c.c.o.s.I.ReconciliationSyncService - Failed to fetch documents from clinic CLINIC_A: I/O error on GET request for "https://opendental-a.example.com/api/v1/patients": opendental-a.example.com
2026-10-02 14:52:00.224 [scheduling-1] INFO  c.c.o.s.I.ReconciliationSyncService - RECON entity=documents clinic=CLINIC_A inserted=0 updated=0 unchanged=0 stale=0 duplicates=0 failed=1
2026-10-02 14:52:00.225 [scheduling-1] ERROR c.c.o.s.I.ReconciliationSyncService - Failed to fetch procedure logs from clinic CLINIC_A: I/O error on GET request for "https://opendental-a.example.com/api/v1/procedurelogs": opendental-a.example.com
2026-10-02 14:52:00.225 [scheduling-1] INFO  c.c.o.s.I.ReconciliationSyncService - RECON entity=procedurelogs clinic=CLINIC_A inserted=0 updated=0 unchanged=0 stale=0 duplicates=0 failed=1
2026-10-02 14:52:00.225 [scheduling-1] ERROR c.c.o.s.I.ReconciliationSyncService - Failed to fetch pat_fields from clinic CLINIC_A: I/O error on GET request for "https://opendental-a.example.com/api/v1/patfields": opendental-a.example.com
2026-10-02 14:52:00.225 [scheduling-1] INFO  c.c.o.s.I.ReconciliationSyncService - RECON entity=patfields clinic=CLINIC_A inserted=0 updated=0 unchanged=0 stale=0 duplicates=0 failed=1
2026-10-02 14:52:00.225 [scheduling-1] ERROR c.c.o.s.I.ReconciliationSyncService - Failed to fetch schedules from clinic CLINIC_A: I/O error on GET request for "https://opendental-a.example.com/api/v1/schedules": opendental-a.example.com
2026-10-02 14:52:00.226 [scheduling-1] INFO  c.c.o.s.I.ReconciliationSyncService - RECON entity=schedules clinic=CLINIC_A inserted=0 updated=0 unchanged=0 stale=0 duplicates=0 failed=1
2026-10-02 14:52:00.226 [scheduling-1] ERROR c.c.o.s.I.ReconciliationSyncService - Failed to fetch tooth initials from clinic CLINIC_A: I/O error on GET request for "https://opendental-a.example.com/api/v1/toothinitial": opendental-a.example.com
2026-10-02 14:52:00.226 [scheduling-1] INFO  c.c.o.s.I.ReconciliationSyncService - RECON entity=toothinitials clinic=CLINIC_A inserted=0 updated=0 unchanged=0 stale=0 duplicates=0 failed=1
2026-10-02 14:52:00.226 [scheduling-1] ERROR c.c.o.s.I.ReconciliationSyncService - Failed to fetch providers from clinic CLINIC_A: I/O error on GET request for "https://opendental-a.example.com/api/v1/providers": opendental-a.example.com
2026-10-02 14:52:00.226 [scheduling-1] INFO  c.c.o.s.I.ReconciliationSyncService - RECON entity=providers clinic=CLINIC_A inserted=0 updated=0 unchanged=0 stale=0 duplicates=0 failed=1
2026-10-02 14:52:00.226 [scheduling-1] ERROR c.c.o.s.I.ReconciliationSyncService - Failed to fetch operatories from clinic CLINIC_A: I/O error on GET request for "https://opendental-a.example.com/api/v1/operatories": opendental-a.example.com
2026-10-02 14:52:00.227 [scheduling-1] INFO  c.c.o.s.I.ReconciliationSyncService - RECON entity=operatories clinic=CLINIC_A inserted=0 updated=0 unchanged=0 stale=0 duplicates=0 failed=1
2026-10-02 14:52:00.227 [scheduling-1] INFO  c.c.o.s.I.ReconciliationSyncService - Reconciliation for clinic CLINIC_A complete: 10 processed, 0 inserted, 0 updated, 0 unchanged, 0 stale, 0 duplicates, 10 failed
2026-10-02 14:52:00.227 [scheduling-1] INFO  c.c.o.s.I.ReconciliationSyncService - Reconciliation for clinic CLINIC_A complete: 0 synced, 10 failed
2026-10-02 14:52:00.229 [scheduling-1] ERROR c.c.o.s.I.ReconciliationSyncService - Failed to fetch Open Dental clinics from installation CLINIC_B: I/O error on GET request for "https://opendental-b.example.com/api/v1/clinics": opendental-b.example.com
2026-10-02 14:52:00.229 [scheduling-1] INFO  c.c.o.s.I.ReconciliationSyncService - RECON entity=clinics clinic=CLINIC_B inserted=0 updated=0 unchanged=0 stale=0 duplicates=0 failed=1
2026-10-02 14:52:00.229 [scheduling-1] ERROR c.c.o.s.I.ReconciliationSyncService - Failed to fetch patients from clinic CLINIC_B: I/O error on GET request for "https://opendental-b.example.com/api/v1/patients": opendental-b.example.com
2026-10-02 14:52:00.229 [scheduling-1] INFO  c.c.o.s.I.ReconciliationSyncService - RECON entity=patients clinic=CLINIC_B inserted=0 updated=0 unchanged=0 stale=0 duplicates=0 failed=1
2026-10-02 14:52:00.230 [scheduling-1] ERROR c.c.o.s.I.ReconciliationSyncService - Failed to fetch appointments from clinic CLINIC_B: I/O error on GET request for "https://opendental-b.example.com/api/v1/appointments": opendental-b.example.com
2026-10-02 14:52:00.230 [scheduling-1] INFO  c.c.o.s.I.ReconciliationSyncService - RECON entity=appointments clinic=CLINIC_B inserted=0 updated=0 unchanged=0 stale=0 duplicates=0 failed=1
2026-10-02 14:52:00.230 [scheduling-1] ERROR c.c.o.s.I.ReconciliationSyncService - Failed to fetch documents from clinic CLINIC_B: I/O error on GET request for "https://opendental-b.example.com/api/v1/patients": opendental-b.example.com
2026-10-02 14:52:00.230 [scheduling-1] INFO  c.c.o.s.I.ReconciliationSyncService - RECON entity=documents clinic=CLINIC_B inserted=0 updated=0 unchanged=0 stale=0 duplicates=0 failed=1
2026-10-02 14:52:00.230 [scheduling-1] ERROR c.c.o.s.I.ReconciliationSyncService - Failed to fetch procedure logs from clinic CLINIC_B: I/O error on GET request for "https://opendental-b.example.com/api/v1/procedurelogs": opendental-b.example.com
2026-10-02 14:52:00.230 [scheduling-1] INFO  c.c.o.s.I.ReconciliationSyncService - RECON entity=procedurelogs clinic=CLINIC_B inserted=0 updated=0 unchanged=0 stale=0 duplicates=0 failed=1
2026-10-02 14:52:00.231 [scheduling-1] ERROR c.c.o.s.I.ReconciliationSyncService - Failed to fetch pat_fields from clinic CLINIC_B: I/O error on GET request for "https://opendental-b.example.com/api/v1/patfields": opendental-b.example.com
2026-10-02 14:52:00.231 [scheduling-1] INFO  c.c.o.s.I.ReconciliationSyncService - RECON entity=patfields clinic=CLINIC_B inserted=0 updated=0 unchanged=0 stale=0 duplicates=0 failed=1
2026-10-02 14:52:00.231 [scheduling-1] ERROR c.c.o.s.I.ReconciliationSyncService - Failed to fetch schedules from clinic CLINIC_B: I/O error on GET request for "https://opendental-b.example.com/api/v1/schedules": opendental-b.example.com
2026-10-02 14:52:00.231 [scheduling-1] INFO  c.c.o.s.I.ReconciliationSyncService - RECON entity=schedules clinic=CLINIC_B inserted=0 updated=0 unchanged=0 stale=0 duplicates=0 failed=1
2026-10-02 14:52:00.232 [scheduling-1] ERROR c.c.o.s.I.ReconciliationSyncService - Failed to fetch tooth initials from clinic CLINIC_B: I/O error on GET request for "https://opendental-b.example.com/api/v1/toothinitial": opendental-b.example.com
2026-10-02 14:52:00.233 [scheduling-1] INFO  c.c.o.s.I.ReconciliationSyncService - RECON entity=toothinitials clinic=CLINIC_B inserted=0 updated=0 unchanged=0 stale=0 duplicates=0 failed=1
2026-10-02 14:52:00.233 [scheduling-1] ERROR c.c.o.s.I.ReconciliationSyncService - Failed to fetch providers from clinic CLINIC_B: I/O error on GET request for "https://opendental-b.example.com/api/v1/providers": opendental-b.example.com
2026-10-02 14:52:00.233 [scheduling-1] INFO  c.c.o.s.I.ReconciliationSyncService - RECON entity=providers clinic=CLINIC_B inserted=0 updated=0 unchanged=0 stale=0 duplicates=0 failed=1
2026-10-02 14:52:00.234 [scheduling-1] ERROR c.c.o.s.I.ReconciliationSyncService - Failed to fetch operatories from clinic CLINIC_B: I/O error on GET request for "https://opendental-b.example.com/api/v1/operatories": opendental-b.example.com
2026-10-02 14:52:00.234 [scheduling-1] INFO  c.c.o.s.I.ReconciliationSyncService - RECON entity=operatories clinic=CLINIC_B inserted=0 updated=0 unchanged=0 stale=0 duplicates=0 failed=1
2026-10-02 14:52:00.234 [scheduling-1] INFO  c.c.o.s.I.ReconciliationSyncService - Reconciliation for clinic CLINIC_B complete: 10 processed, 0 inserted, 0 updated, 0 unchanged, 0 stale, 0 duplicates, 10 failed
2026-10-02 14:52:00.234 [scheduling-1] INFO  c.c.o.s.I.ReconciliationSyncService - Reconciliation for clinic CLINIC_B complete: 0 synced, 10 failed
2026-10-02 14:52:00.236 [scheduling-1] ERROR c.c.o.s.I.ReconciliationSyncService - Failed to fetch Open Dental clinics from installation CLINIC_C: I/O error on GET request for "https://opendental-c.example.com/api/v1/clinics": opendental-c.example.com
2026-10-02 14:52:00.237 [scheduling-1] INFO  c.c.o.s.I.ReconciliationSyncService - RECON entity=clinics clinic=CLINIC_C inserted=0 updated=0 unchanged=0 stale=0 duplicates=0 failed=1
2026-10-02 14:52:00.237 [scheduling-1] ERROR c.c.o.s.I.ReconciliationSyncService - Failed to fetch patients from clinic CLINIC_C: I/O error on GET request for "https://opendental-c.example.com/api/v1/patients": opendental-c.example.com
2026-10-02 14:52:00.238 [scheduling-1] INFO  c.c.o.s.I.ReconciliationSyncService - RECON entity=patients clinic=CLINIC_C inserted=0 updated=0 unchanged=0 stale=0 duplicates=0 failed=1
2026-10-02 14:52:00.238 [scheduling-1] ERROR c.c.o.s.I.ReconciliationSyncService - Failed to fetch appointments from clinic CLINIC_C: I/O error on GET request for "https://opendental-c.example.com/api/v1/appointments": opendental-c.example.com
2026-10-02 14:52:00.238 [scheduling-1] INFO  c.c.o.s.I.ReconciliationSyncService - RECON entity=appointments clinic=CLINIC_C inserted=0 updated=0 unchanged=0 stale=0 duplicates=0 failed=1
2026-10-02 14:52:00.239 [scheduling-1] ERROR c.c.o.s.I.ReconciliationSyncService - Failed to fetch documents from clinic CLINIC_C: I/O error on GET request for "https://opendental-c.example.com/api/v1/patients": opendental-c.example.com
2026-10-02 14:52:00.239 [scheduling-1] INFO  c.c.o.s.I.ReconciliationSyncService - RECON entity=documents clinic=CLINIC_C inserted=0 updated=0 unchanged=0 stale=0 duplicates=0 failed=1
2026-10-02 14:52:00.239 [scheduling-1] ERROR c.c.o.s.I.ReconciliationSyncService - Failed to fetch procedure logs from clinic CLINIC_C: I/O error on GET request for "https://opendental-c.example.com/api/v1/procedurelogs": opendental-c.example.com
2026-10-02 14:52:00.240 [scheduling-1] INFO  c.c.o.s.I.ReconciliationSyncService - RECON entity=procedurelogs clinic=CLINIC_C inserted=0 updated=0 unchanged=0 stale=0 duplicates=0 failed=1
2026-10-02 14:52:00.240 [scheduling-1] ERROR c.c.o.s.I.ReconciliationSyncService - Failed to fetch pat_fields from clinic CLINIC_C: I/O error on GET request for "https://opendental-c.example.com/api/v1/patfields": opendental-c.example.com
2026-10-02 14:52:00.241 [scheduling-1] INFO  c.c.o.s.I.ReconciliationSyncService - RECON entity=patfields clinic=CLINIC_C inserted=0 updated=0 unchanged=0 stale=0 duplicates=0 failed=1
2026-10-02 14:52:00.241 [scheduling-1] ERROR c.c.o.s.I.ReconciliationSyncService - Failed to fetch schedules from clinic CLINIC_C: I/O error on GET request for "https://opendental-c.example.com/api/v1/schedules": opendental-c.example.com
2026-10-02 14:52:00.241 [scheduling-1] INFO  c.c.o.s.I.ReconciliationSyncService - RECON entity=schedules clinic=CLINIC_C inserted=0 updated=0 unchanged=0 stale=0 duplicates=0 failed=1
2026-10-02 14:52:00.243 [scheduling-1] ERROR c.c.o.s.I.ReconciliationSyncService - Failed to fetch tooth initials from clinic CLINIC_C: I/O error on GET request for "https://opendental-c.example.com/api/v1/toothinitial": opendental-c.example.com
2026-10-02 14:52:00.243 [scheduling-1] INFO  c.c.o.s.I.ReconciliationSyncService - RECON entity=toothinitials clinic=CLINIC_C inserted=0 updated=0 unchanged=0 stale=0 duplicates=0 failed=1
2026-10-02 14:52:00.244 [scheduling-1] ERROR c.c.o.s.I.ReconciliationSyncService - Failed to fetch providers from clinic CLINIC_C: I/O error on GET request for "https://opendental-c.example.com/api/v1/providers": opendental-c.example.com
2026-10-02 14:52:00.244 [scheduling-1] INFO  c.c.o.s.I.ReconciliationSyncService - RECON entity=providers clinic=CLINIC_C inserted=0 updated=0 unchanged=0 stale=0 duplicates=0 failed=1
2026-10-02 14:52:00.244 [scheduling-1] ERROR c.c.o.s.I.ReconciliationSyncService - Failed to fetch operatories from clinic CLINIC_C: I/O error on GET request for "https://opendental-c.example.com/api/v1/operatories": opendental-c.example.com
2026-10-02 14:52:00.244 [scheduling-1] INFO  c.c.o.s.I.ReconciliationSyncService - RECON entity=operatories clinic=CLINIC_C inserted=0 updated=0 unchanged=0 stale=0 duplicates=0 failed=1
2026-10-02 14:52:00.244 [scheduling-1] INFO  c.c.o.s.I.ReconciliationSyncService - Reconciliation for clinic CLINIC_C complete: 10 processed, 0 inserted, 0 updated, 0 unchanged, 0 stale, 0 duplicates, 10 failed
2026-10-02 14:52:00.244 [scheduling-1] INFO  c.c.o.s.I.ReconciliationSyncService - Reconciliation for clinic CLINIC_C complete: 0 synced, 10 failed
2026-10-02 14:52:00.244 [scheduling-1] INFO  c.c.o.s.I.ReconciliationSyncService - Reconciliation completed for 3 clinics (30 entities, 0 synced, 30 failed)
2026-10-02 14:52:00.244 [scheduling-1] INFO  c.c.o.s.ReconciliationScheduler - === Scheduled Reconciliation Complete: Reconciliation completed for 3 clinics (30 entities, 0 synced, 30 failed)
2026-10-02 14:52:00.245 [scheduling-1] INFO  c.c.o.s.ReconciliationScheduler - Scheduled reconciliation took 240 ms
2026-10-02 14:52:11.524 [http-nio-8080-exec-6] WARN  c.c.o.s.Impl.PatientServiceImpl - OpenDental API unavailable, falling back to database: 400 Bad Request: ""Malformed API request.""
2026-10-02 14:52:11.528 [http-nio-8080-exec-8] INFO  c.c.o.s.Impl.AppointmentServiceImpl - Fetching appointments with 0 filter(s)
2026-10-02 14:52:11.530 [http-nio-8080-exec-8] WARN  c.c.o.s.Impl.AppointmentServiceImpl - OpenDental API unavailable for appointments, falling back to database: 400 Bad Request: ""Malformed API request.""
2026-10-02 14:53:00.006 [scheduling-1] INFO  c.c.o.s.ReconciliationScheduler - === Scheduled Reconciliation Started ===
2026-10-02 14:53:00.203 [scheduling-1] ERROR c.c.o.s.I.ReconciliationSyncService - Failed to fetch Open Dental clinics from installation CLINIC_A: I/O error on GET request for "https://opendental-a.example.com/api/v1/clinics": opendental-a.example.com
2026-10-02 14:53:00.203 [scheduling-1] INFO  c.c.o.s.I.ReconciliationSyncService - RECON entity=clinics clinic=CLINIC_A inserted=0 updated=0 unchanged=0 stale=0 duplicates=0 failed=1
2026-10-02 14:53:00.204 [scheduling-1] ERROR c.c.o.s.I.ReconciliationSyncService - Failed to fetch patients from clinic CLINIC_A: I/O error on GET request for "https://opendental-a.example.com/api/v1/patients": opendental-a.example.com
2026-10-02 14:53:00.204 [scheduling-1] INFO  c.c.o.s.I.ReconciliationSyncService - RECON entity=patients clinic=CLINIC_A inserted=0 updated=0 unchanged=0 stale=0 duplicates=0 failed=1
2026-10-02 14:53:00.205 [scheduling-1] ERROR c.c.o.s.I.ReconciliationSyncService - Failed to fetch appointments from clinic CLINIC_A: I/O error on GET request for "https://opendental-a.example.com/api/v1/appointments": opendental-a.example.com
2026-10-02 14:53:00.205 [scheduling-1] INFO  c.c.o.s.I.ReconciliationSyncService - RECON entity=appointments clinic=CLINIC_A inserted=0 updated=0 unchanged=0 stale=0 duplicates=0 failed=1
2026-10-02 14:53:00.205 [scheduling-1] ERROR c.c.o.s.I.ReconciliationSyncService - Failed to fetch documents from clinic CLINIC_A: I/O error on GET request for "https://opendental-a.example.com/api/v1/patients": opendental-a.example.com
2026-10-02 14:53:00.205 [scheduling-1] INFO  c.c.o.s.I.ReconciliationSyncService - RECON entity=documents clinic=CLINIC_A inserted=0 updated=0 unchanged=0 stale=0 duplicates=0 failed=1
2026-10-02 14:53:00.206 [scheduling-1] ERROR c.c.o.s.I.ReconciliationSyncService - Failed to fetch procedure logs from clinic CLINIC_A: I/O error on GET request for "https://opendental-a.example.com/api/v1/procedurelogs": opendental-a.example.com
2026-10-02 14:53:00.206 [scheduling-1] INFO  c.c.o.s.I.ReconciliationSyncService - RECON entity=procedurelogs clinic=CLINIC_A inserted=0 updated=0 unchanged=0 stale=0 duplicates=0 failed=1
2026-10-02 14:53:00.206 [scheduling-1] ERROR c.c.o.s.I.ReconciliationSyncService - Failed to fetch pat_fields from clinic CLINIC_A: I/O error on GET request for "https://opendental-a.example.com/api/v1/patfields": opendental-a.example.com
2026-10-02 14:53:00.207 [scheduling-1] INFO  c.c.o.s.I.ReconciliationSyncService - RECON entity=patfields clinic=CLINIC_A inserted=0 updated=0 unchanged=0 stale=0 duplicates=0 failed=1
2026-10-02 14:53:00.207 [scheduling-1] ERROR c.c.o.s.I.ReconciliationSyncService - Failed to fetch schedules from clinic CLINIC_A: I/O error on GET request for "https://opendental-a.example.com/api/v1/schedules": opendental-a.example.com
2026-10-02 14:53:00.207 [scheduling-1] INFO  c.c.o.s.I.ReconciliationSyncService - RECON entity=schedules clinic=CLINIC_A inserted=0 updated=0 unchanged=0 stale=0 duplicates=0 failed=1
2026-10-02 14:53:00.207 [scheduling-1] ERROR c.c.o.s.I.ReconciliationSyncService - Failed to fetch tooth initials from clinic CLINIC_A: I/O error on GET request for "https://opendental-a.example.com/api/v1/toothinitial": opendental-a.example.com
2026-10-02 14:53:00.208 [scheduling-1] INFO  c.c.o.s.I.ReconciliationSyncService - RECON entity=toothinitials clinic=CLINIC_A inserted=0 updated=0 unchanged=0 stale=0 duplicates=0 failed=1
2026-10-02 14:53:00.208 [scheduling-1] ERROR c.c.o.s.I.ReconciliationSyncService - Failed to fetch providers from clinic CLINIC_A: I/O error on GET request for "https://opendental-a.example.com/api/v1/providers": opendental-a.example.com
2026-10-02 14:53:00.208 [scheduling-1] INFO  c.c.o.s.I.ReconciliationSyncService - RECON entity=providers clinic=CLINIC_A inserted=0 updated=0 unchanged=0 stale=0 duplicates=0 failed=1
2026-10-02 14:53:00.208 [scheduling-1] ERROR c.c.o.s.I.ReconciliationSyncService - Failed to fetch operatories from clinic CLINIC_A: I/O error on GET request for "https://opendental-a.example.com/api/v1/operatories": opendental-a.example.com
2026-10-02 14:53:00.208 [scheduling-1] INFO  c.c.o.s.I.ReconciliationSyncService - RECON entity=operatories clinic=CLINIC_A inserted=0 updated=0 unchanged=0 stale=0 duplicates=0 failed=1
2026-10-02 14:53:00.208 [scheduling-1] INFO  c.c.o.s.I.ReconciliationSyncService - Reconciliation for clinic CLINIC_A complete: 10 processed, 0 inserted, 0 updated, 0 unchanged, 0 stale, 0 duplicates, 10 failed
2026-10-02 14:53:00.208 [scheduling-1] INFO  c.c.o.s.I.ReconciliationSyncService - Reconciliation for clinic CLINIC_A complete: 0 synced, 10 failed
2026-10-02 14:53:00.211 [scheduling-1] ERROR c.c.o.s.I.ReconciliationSyncService - Failed to fetch Open Dental clinics from installation CLINIC_B: I/O error on GET request for "https://opendental-b.example.com/api/v1/clinics": opendental-b.example.com
2026-10-02 14:53:00.211 [scheduling-1] INFO  c.c.o.s.I.ReconciliationSyncService - RECON entity=clinics clinic=CLINIC_B inserted=0 updated=0 unchanged=0 stale=0 duplicates=0 failed=1
2026-10-02 14:53:00.212 [scheduling-1] ERROR c.c.o.s.I.ReconciliationSyncService - Failed to fetch patients from clinic CLINIC_B: I/O error on GET request for "https://opendental-b.example.com/api/v1/patients": opendental-b.example.com
2026-10-02 14:53:00.212 [scheduling-1] INFO  c.c.o.s.I.ReconciliationSyncService - RECON entity=patients clinic=CLINIC_B inserted=0 updated=0 unchanged=0 stale=0 duplicates=0 failed=1
2026-10-02 14:53:00.212 [scheduling-1] ERROR c.c.o.s.I.ReconciliationSyncService - Failed to fetch appointments from clinic CLINIC_B: I/O error on GET request for "https://opendental-b.example.com/api/v1/appointments": opendental-b.example.com
2026-10-02 14:53:00.212 [scheduling-1] INFO  c.c.o.s.I.ReconciliationSyncService - RECON entity=appointments clinic=CLINIC_B inserted=0 updated=0 unchanged=0 stale=0 duplicates=0 failed=1
2026-10-02 14:53:00.213 [scheduling-1] ERROR c.c.o.s.I.ReconciliationSyncService - Failed to fetch documents from clinic CLINIC_B: I/O error on GET request for "https://opendental-b.example.com/api/v1/patients": opendental-b.example.com
2026-10-02 14:53:00.213 [scheduling-1] INFO  c.c.o.s.I.ReconciliationSyncService - RECON entity=documents clinic=CLINIC_B inserted=0 updated=0 unchanged=0 stale=0 duplicates=0 failed=1
2026-10-02 14:53:00.213 [scheduling-1] ERROR c.c.o.s.I.ReconciliationSyncService - Failed to fetch procedure logs from clinic CLINIC_B: I/O error on GET request for "https://opendental-b.example.com/api/v1/procedurelogs": opendental-b.example.com
2026-10-02 14:53:00.213 [scheduling-1] INFO  c.c.o.s.I.ReconciliationSyncService - RECON entity=procedurelogs clinic=CLINIC_B inserted=0 updated=0 unchanged=0 stale=0 duplicates=0 failed=1
2026-10-02 14:53:00.214 [scheduling-1] ERROR c.c.o.s.I.ReconciliationSyncService - Failed to fetch pat_fields from clinic CLINIC_B: I/O error on GET request for "https://opendental-b.example.com/api/v1/patfields": opendental-b.example.com
2026-10-02 14:53:00.214 [scheduling-1] INFO  c.c.o.s.I.ReconciliationSyncService - RECON entity=patfields clinic=CLINIC_B inserted=0 updated=0 unchanged=0 stale=0 duplicates=0 failed=1
2026-10-02 14:53:00.215 [scheduling-1] ERROR c.c.o.s.I.ReconciliationSyncService - Failed to fetch schedules from clinic CLINIC_B: I/O error on GET request for "https://opendental-b.example.com/api/v1/schedules": opendental-b.example.com
2026-10-02 14:53:00.215 [scheduling-1] INFO  c.c.o.s.I.ReconciliationSyncService - RECON entity=schedules clinic=CLINIC_B inserted=0 updated=0 unchanged=0 stale=0 duplicates=0 failed=1
2026-10-02 14:53:00.215 [scheduling-1] ERROR c.c.o.s.I.ReconciliationSyncService - Failed to fetch tooth initials from clinic CLINIC_B: I/O error on GET request for "https://opendental-b.example.com/api/v1/toothinitial": opendental-b.example.com
2026-10-02 14:53:00.215 [scheduling-1] INFO  c.c.o.s.I.ReconciliationSyncService - RECON entity=toothinitials clinic=CLINIC_B inserted=0 updated=0 unchanged=0 stale=0 duplicates=0 failed=1
2026-10-02 14:53:00.216 [scheduling-1] ERROR c.c.o.s.I.ReconciliationSyncService - Failed to fetch providers from clinic CLINIC_B: I/O error on GET request for "https://opendental-b.example.com/api/v1/providers": opendental-b.example.com
2026-10-02 14:53:00.216 [scheduling-1] INFO  c.c.o.s.I.ReconciliationSyncService - RECON entity=providers clinic=CLINIC_B inserted=0 updated=0 unchanged=0 stale=0 duplicates=0 failed=1
2026-10-02 14:53:00.216 [scheduling-1] ERROR c.c.o.s.I.ReconciliationSyncService - Failed to fetch operatories from clinic CLINIC_B: I/O error on GET request for "https://opendental-b.example.com/api/v1/operatories": opendental-b.example.com
2026-10-02 14:53:00.216 [scheduling-1] INFO  c.c.o.s.I.ReconciliationSyncService - RECON entity=operatories clinic=CLINIC_B inserted=0 updated=0 unchanged=0 stale=0 duplicates=0 failed=1
2026-10-02 14:53:00.217 [scheduling-1] INFO  c.c.o.s.I.ReconciliationSyncService - Reconciliation for clinic CLINIC_B complete: 10 processed, 0 inserted, 0 updated, 0 unchanged, 0 stale, 0 duplicates, 10 failed
2026-10-02 14:53:00.217 [scheduling-1] INFO  c.c.o.s.I.ReconciliationSyncService - Reconciliation for clinic CLINIC_B complete: 0 synced, 10 failed
2026-10-02 14:53:00.219 [scheduling-1] ERROR c.c.o.s.I.ReconciliationSyncService - Failed to fetch Open Dental clinics from installation CLINIC_C: I/O error on GET request for "https://opendental-c.example.com/api/v1/clinics": opendental-c.example.com
2026-10-02 14:53:00.219 [scheduling-1] INFO  c.c.o.s.I.ReconciliationSyncService - RECON entity=clinics clinic=CLINIC_C inserted=0 updated=0 unchanged=0 stale=0 duplicates=0 failed=1
2026-10-02 14:53:00.219 [scheduling-1] ERROR c.c.o.s.I.ReconciliationSyncService - Failed to fetch patients from clinic CLINIC_C: I/O error on GET request for "https://opendental-c.example.com/api/v1/patients": opendental-c.example.com
2026-10-02 14:53:00.219 [scheduling-1] INFO  c.c.o.s.I.ReconciliationSyncService - RECON entity=patients clinic=CLINIC_C inserted=0 updated=0 unchanged=0 stale=0 duplicates=0 failed=1
2026-10-02 14:53:00.220 [scheduling-1] ERROR c.c.o.s.I.ReconciliationSyncService - Failed to fetch appointments from clinic CLINIC_C: I/O error on GET request for "https://opendental-c.example.com/api/v1/appointments": opendental-c.example.com
2026-10-02 14:53:00.221 [scheduling-1] INFO  c.c.o.s.I.ReconciliationSyncService - RECON entity=appointments clinic=CLINIC_C inserted=0 updated=0 unchanged=0 stale=0 duplicates=0 failed=1
2026-10-02 14:53:00.221 [scheduling-1] ERROR c.c.o.s.I.ReconciliationSyncService - Failed to fetch documents from clinic CLINIC_C: I/O error on GET request for "https://opendental-c.example.com/api/v1/patients": opendental-c.example.com
2026-10-02 14:53:00.221 [scheduling-1] INFO  c.c.o.s.I.ReconciliationSyncService - RECON entity=documents clinic=CLINIC_C inserted=0 updated=0 unchanged=0 stale=0 duplicates=0 failed=1
2026-10-02 14:53:00.222 [scheduling-1] ERROR c.c.o.s.I.ReconciliationSyncService - Failed to fetch procedure logs from clinic CLINIC_C: I/O error on GET request for "https://opendental-c.example.com/api/v1/procedurelogs": opendental-c.example.com
2026-10-02 14:53:00.222 [scheduling-1] INFO  c.c.o.s.I.ReconciliationSyncService - RECON entity=procedurelogs clinic=CLINIC_C inserted=0 updated=0 unchanged=0 stale=0 duplicates=0 failed=1
2026-10-02 14:53:00.223 [scheduling-1] ERROR c.c.o.s.I.ReconciliationSyncService - Failed to fetch pat_fields from clinic CLINIC_C: I/O error on GET request for "https://opendental-c.example.com/api/v1/patfields": opendental-c.example.com
2026-10-02 14:53:00.223 [scheduling-1] INFO  c.c.o.s.I.ReconciliationSyncService - RECON entity=patfields clinic=CLINIC_C inserted=0 updated=0 unchanged=0 stale=0 duplicates=0 failed=1
2026-10-02 14:53:00.224 [scheduling-1] ERROR c.c.o.s.I.ReconciliationSyncService - Failed to fetch schedules from clinic CLINIC_C: I/O error on GET request for "https://opendental-c.example.com/api/v1/schedules": opendental-c.example.com
2026-10-02 14:53:00.224 [scheduling-1] INFO  c.c.o.s.I.ReconciliationSyncService - RECON entity=schedules clinic=CLINIC_C inserted=0 updated=0 unchanged=0 stale=0 duplicates=0 failed=1
2026-10-02 14:53:00.224 [scheduling-1] ERROR c.c.o.s.I.ReconciliationSyncService - Failed to fetch tooth initials from clinic CLINIC_C: I/O error on GET request for "https://opendental-c.example.com/api/v1/toothinitial": opendental-c.example.com
2026-10-02 14:53:00.225 [scheduling-1] INFO  c.c.o.s.I.ReconciliationSyncService - RECON entity=toothinitials clinic=CLINIC_C inserted=0 updated=0 unchanged=0 stale=0 duplicates=0 failed=1
2026-10-02 14:53:00.225 [scheduling-1] ERROR c.c.o.s.I.ReconciliationSyncService - Failed to fetch providers from clinic CLINIC_C: I/O error on GET request for "https://opendental-c.example.com/api/v1/providers": opendental-c.example.com
2026-10-02 14:53:00.225 [scheduling-1] INFO  c.c.o.s.I.ReconciliationSyncService - RECON entity=providers clinic=CLINIC_C inserted=0 updated=0 unchanged=0 stale=0 duplicates=0 failed=1
2026-10-02 14:53:00.225 [scheduling-1] ERROR c.c.o.s.I.ReconciliationSyncService - Failed to fetch operatories from clinic CLINIC_C: I/O error on GET request for "https://opendental-c.example.com/api/v1/operatories": opendental-c.example.com
2026-10-02 14:53:00.225 [scheduling-1] INFO  c.c.o.s.I.ReconciliationSyncService - RECON entity=operatories clinic=CLINIC_C inserted=0 updated=0 unchanged=0 stale=0 duplicates=0 failed=1
2026-10-02 14:53:00.225 [scheduling-1] INFO  c.c.o.s.I.ReconciliationSyncService - Reconciliation for clinic CLINIC_C complete: 10 processed, 0 inserted, 0 updated, 0 unchanged, 0 stale, 0 duplicates, 10 failed
2026-10-02 14:53:00.225 [scheduling-1] INFO  c.c.o.s.I.ReconciliationSyncService - Reconciliation for clinic CLINIC_C complete: 0 synced, 10 failed
2026-10-02 14:53:00.226 [scheduling-1] INFO  c.c.o.s.I.ReconciliationSyncService - Reconciliation completed for 3 clinics (30 entities, 0 synced, 30 failed)
2026-10-02 14:53:00.226 [scheduling-1] INFO  c.c.o.s.ReconciliationScheduler - === Scheduled Reconciliation Complete: Reconciliation completed for 3 clinics (30 entities, 0 synced, 30 failed)
2026-10-02 14:53:00.226 [scheduling-1] INFO  c.c.o.s.ReconciliationScheduler - Scheduled reconciliation took 219 ms
2026-10-02 14:53:11.496 [http-nio-8080-exec-10] WARN  c.c.o.s.Impl.PatientServiceImpl - OpenDental API unavailable, falling back to database: 400 Bad Request: ""Malformed API request.""
2026-10-02 14:53:11.502 [http-nio-8080-exec-9] INFO  c.c.o.s.Impl.AppointmentServiceImpl - Fetching appointments with 0 filter(s)
2026-10-02 14:53:11.505 [http-nio-8080-exec-9] WARN  c.c.o.s.Impl.AppointmentServiceImpl - OpenDental API unavailable for appointments, falling back to database: 400 Bad Request: ""Malformed API request.""
2026-10-02 14:54:00.003 [scheduling-1] INFO  c.c.o.s.ReconciliationScheduler - === Scheduled Reconciliation Started ===
2026-10-02 14:54:00.195 [scheduling-1] ERROR c.c.o.s.I.ReconciliationSyncService - Failed to fetch Open Dental clinics from installation CLINIC_A: I/O error on GET request for "https://opendental-a.example.com/api/v1/clinics": opendental-a.example.com
2026-10-02 14:54:00.195 [scheduling-1] INFO  c.c.o.s.I.ReconciliationSyncService - RECON entity=clinics clinic=CLINIC_A inserted=0 updated=0 unchanged=0 stale=0 duplicates=0 failed=1
2026-10-02 14:54:00.195 [scheduling-1] ERROR c.c.o.s.I.ReconciliationSyncService - Failed to fetch patients from clinic CLINIC_A: I/O error on GET request for "https://opendental-a.example.com/api/v1/patients": opendental-a.example.com
2026-10-02 14:54:00.195 [scheduling-1] INFO  c.c.o.s.I.ReconciliationSyncService - RECON entity=patients clinic=CLINIC_A inserted=0 updated=0 unchanged=0 stale=0 duplicates=0 failed=1
2026-10-02 14:54:00.197 [scheduling-1] ERROR c.c.o.s.I.ReconciliationSyncService - Failed to fetch appointments from clinic CLINIC_A: I/O error on GET request for "https://opendental-a.example.com/api/v1/appointments": opendental-a.example.com
2026-10-02 14:54:00.197 [scheduling-1] INFO  c.c.o.s.I.ReconciliationSyncService - RECON entity=appointments clinic=CLINIC_A inserted=0 updated=0 unchanged=0 stale=0 duplicates=0 failed=1
2026-10-02 14:54:00.197 [scheduling-1] ERROR c.c.o.s.I.ReconciliationSyncService - Failed to fetch documents from clinic CLINIC_A: I/O error on GET request for "https://opendental-a.example.com/api/v1/patients": opendental-a.example.com
2026-10-02 14:54:00.198 [scheduling-1] INFO  c.c.o.s.I.ReconciliationSyncService - RECON entity=documents clinic=CLINIC_A inserted=0 updated=0 unchanged=0 stale=0 duplicates=0 failed=1
2026-10-02 14:54:00.198 [scheduling-1] ERROR c.c.o.s.I.ReconciliationSyncService - Failed to fetch procedure logs from clinic CLINIC_A: I/O error on GET request for "https://opendental-a.example.com/api/v1/procedurelogs": opendental-a.example.com
2026-10-02 14:54:00.198 [scheduling-1] INFO  c.c.o.s.I.ReconciliationSyncService - RECON entity=procedurelogs clinic=CLINIC_A inserted=0 updated=0 unchanged=0 stale=0 duplicates=0 failed=1
2026-10-02 14:54:00.198 [scheduling-1] ERROR c.c.o.s.I.ReconciliationSyncService - Failed to fetch pat_fields from clinic CLINIC_A: I/O error on GET request for "https://opendental-a.example.com/api/v1/patfields": opendental-a.example.com
2026-10-02 14:54:00.199 [scheduling-1] INFO  c.c.o.s.I.ReconciliationSyncService - RECON entity=patfields clinic=CLINIC_A inserted=0 updated=0 unchanged=0 stale=0 duplicates=0 failed=1
2026-10-02 14:54:00.199 [scheduling-1] ERROR c.c.o.s.I.ReconciliationSyncService - Failed to fetch schedules from clinic CLINIC_A: I/O error on GET request for "https://opendental-a.example.com/api/v1/schedules": opendental-a.example.com
2026-10-02 14:54:00.199 [scheduling-1] INFO  c.c.o.s.I.ReconciliationSyncService - RECON entity=schedules clinic=CLINIC_A inserted=0 updated=0 unchanged=0 stale=0 duplicates=0 failed=1
2026-10-02 14:54:00.199 [scheduling-1] ERROR c.c.o.s.I.ReconciliationSyncService - Failed to fetch tooth initials from clinic CLINIC_A: I/O error on GET request for "https://opendental-a.example.com/api/v1/toothinitial": opendental-a.example.com
2026-10-02 14:54:00.199 [scheduling-1] INFO  c.c.o.s.I.ReconciliationSyncService - RECON entity=toothinitials clinic=CLINIC_A inserted=0 updated=0 unchanged=0 stale=0 duplicates=0 failed=1
2026-10-02 14:54:00.200 [scheduling-1] ERROR c.c.o.s.I.ReconciliationSyncService - Failed to fetch providers from clinic CLINIC_A: I/O error on GET request for "https://opendental-a.example.com/api/v1/providers": opendental-a.example.com
2026-10-02 14:54:00.200 [scheduling-1] INFO  c.c.o.s.I.ReconciliationSyncService - RECON entity=providers clinic=CLINIC_A inserted=0 updated=0 unchanged=0 stale=0 duplicates=0 failed=1
2026-10-02 14:54:00.200 [scheduling-1] ERROR c.c.o.s.I.ReconciliationSyncService - Failed to fetch operatories from clinic CLINIC_A: I/O error on GET request for "https://opendental-a.example.com/api/v1/operatories": opendental-a.example.com
2026-10-02 14:54:00.200 [scheduling-1] INFO  c.c.o.s.I.ReconciliationSyncService - RECON entity=operatories clinic=CLINIC_A inserted=0 updated=0 unchanged=0 stale=0 duplicates=0 failed=1
2026-10-02 14:54:00.200 [scheduling-1] INFO  c.c.o.s.I.ReconciliationSyncService - Reconciliation for clinic CLINIC_A complete: 10 processed, 0 inserted, 0 updated, 0 unchanged, 0 stale, 0 duplicates, 10 failed
2026-10-02 14:54:00.200 [scheduling-1] INFO  c.c.o.s.I.ReconciliationSyncService - Reconciliation for clinic CLINIC_A complete: 0 synced, 10 failed
2026-10-02 14:54:00.202 [scheduling-1] ERROR c.c.o.s.I.ReconciliationSyncService - Failed to fetch Open Dental clinics from installation CLINIC_B: I/O error on GET request for "https://opendental-b.example.com/api/v1/clinics": opendental-b.example.com
2026-10-02 14:54:00.202 [scheduling-1] INFO  c.c.o.s.I.ReconciliationSyncService - RECON entity=clinics clinic=CLINIC_B inserted=0 updated=0 unchanged=0 stale=0 duplicates=0 failed=1
2026-10-02 14:54:00.202 [scheduling-1] ERROR c.c.o.s.I.ReconciliationSyncService - Failed to fetch patients from clinic CLINIC_B: I/O error on GET request for "https://opendental-b.example.com/api/v1/patients": opendental-b.example.com
2026-10-02 14:54:00.203 [scheduling-1] INFO  c.c.o.s.I.ReconciliationSyncService - RECON entity=patients clinic=CLINIC_B inserted=0 updated=0 unchanged=0 stale=0 duplicates=0 failed=1
2026-10-02 14:54:00.203 [scheduling-1] ERROR c.c.o.s.I.ReconciliationSyncService - Failed to fetch appointments from clinic CLINIC_B: I/O error on GET request for "https://opendental-b.example.com/api/v1/appointments": opendental-b.example.com
2026-10-02 14:54:00.203 [scheduling-1] INFO  c.c.o.s.I.ReconciliationSyncService - RECON entity=appointments clinic=CLINIC_B inserted=0 updated=0 unchanged=0 stale=0 duplicates=0 failed=1
2026-10-02 14:54:00.203 [scheduling-1] ERROR c.c.o.s.I.ReconciliationSyncService - Failed to fetch documents from clinic CLINIC_B: I/O error on GET request for "https://opendental-b.example.com/api/v1/patients": opendental-b.example.com
2026-10-02 14:54:00.203 [scheduling-1] INFO  c.c.o.s.I.ReconciliationSyncService - RECON entity=documents clinic=CLINIC_B inserted=0 updated=0 unchanged=0 stale=0 duplicates=0 failed=1
2026-10-02 14:54:00.203 [scheduling-1] ERROR c.c.o.s.I.ReconciliationSyncService - Failed to fetch procedure logs from clinic CLINIC_B: I/O error on GET request for "https://opendental-b.example.com/api/v1/procedurelogs": opendental-b.example.com
2026-10-02 14:54:00.204 [scheduling-1] INFO  c.c.o.s.I.ReconciliationSyncService - RECON entity=procedurelogs clinic=CLINIC_B inserted=0 updated=0 unchanged=0 stale=0 duplicates=0 failed=1
2026-10-02 14:54:00.204 [scheduling-1] ERROR c.c.o.s.I.ReconciliationSyncService - Failed to fetch pat_fields from clinic CLINIC_B: I/O error on GET request for "https://opendental-b.example.com/api/v1/patfields": opendental-b.example.com
2026-10-02 14:54:00.204 [scheduling-1] INFO  c.c.o.s.I.ReconciliationSyncService - RECON entity=patfields clinic=CLINIC_B inserted=0 updated=0 unchanged=0 stale=0 duplicates=0 failed=1
2026-10-02 14:54:00.204 [scheduling-1] ERROR c.c.o.s.I.ReconciliationSyncService - Failed to fetch schedules from clinic CLINIC_B: I/O error on GET request for "https://opendental-b.example.com/api/v1/schedules": opendental-b.example.com
2026-10-02 14:54:00.204 [scheduling-1] INFO  c.c.o.s.I.ReconciliationSyncService - RECON entity=schedules clinic=CLINIC_B inserted=0 updated=0 unchanged=0 stale=0 duplicates=0 failed=1
2026-10-02 14:54:00.205 [scheduling-1] ERROR c.c.o.s.I.ReconciliationSyncService - Failed to fetch tooth initials from clinic CLINIC_B: I/O error on GET request for "https://opendental-b.example.com/api/v1/toothinitial": opendental-b.example.com
2026-10-02 14:54:00.205 [scheduling-1] INFO  c.c.o.s.I.ReconciliationSyncService - RECON entity=toothinitials clinic=CLINIC_B inserted=0 updated=0 unchanged=0 stale=0 duplicates=0 failed=1
2026-10-02 14:54:00.205 [scheduling-1] ERROR c.c.o.s.I.ReconciliationSyncService - Failed to fetch providers from clinic CLINIC_B: I/O error on GET request for "https://opendental-b.example.com/api/v1/providers": opendental-b.example.com
2026-10-02 14:54:00.205 [scheduling-1] INFO  c.c.o.s.I.ReconciliationSyncService - RECON entity=providers clinic=CLINIC_B inserted=0 updated=0 unchanged=0 stale=0 duplicates=0 failed=1
2026-10-02 14:54:00.205 [scheduling-1] ERROR c.c.o.s.I.ReconciliationSyncService - Failed to fetch operatories from clinic CLINIC_B: I/O error on GET request for "https://opendental-b.example.com/api/v1/operatories": opendental-b.example.com
2026-10-02 14:54:00.206 [scheduling-1] INFO  c.c.o.s.I.ReconciliationSyncService - RECON entity=operatories clinic=CLINIC_B inserted=0 updated=0 unchanged=0 stale=0 duplicates=0 failed=1
2026-10-02 14:54:00.206 [scheduling-1] INFO  c.c.o.s.I.ReconciliationSyncService - Reconciliation for clinic CLINIC_B complete: 10 processed, 0 inserted, 0 updated, 0 unchanged, 0 stale, 0 duplicates, 10 failed
2026-10-02 14:54:00.206 [scheduling-1] INFO  c.c.o.s.I.ReconciliationSyncService - Reconciliation for clinic CLINIC_B complete: 0 synced, 10 failed
2026-10-02 14:54:00.207 [scheduling-1] ERROR c.c.o.s.I.ReconciliationSyncService - Failed to fetch Open Dental clinics from installation CLINIC_C: I/O error on GET request for "https://opendental-c.example.com/api/v1/clinics": opendental-c.example.com
2026-10-02 14:54:00.207 [scheduling-1] INFO  c.c.o.s.I.ReconciliationSyncService - RECON entity=clinics clinic=CLINIC_C inserted=0 updated=0 unchanged=0 stale=0 duplicates=0 failed=1
2026-10-02 14:54:00.207 [scheduling-1] ERROR c.c.o.s.I.ReconciliationSyncService - Failed to fetch patients from clinic CLINIC_C: I/O error on GET request for "https://opendental-c.example.com/api/v1/patients": opendental-c.example.com
2026-10-02 14:54:00.207 [scheduling-1] INFO  c.c.o.s.I.ReconciliationSyncService - RECON entity=patients clinic=CLINIC_C inserted=0 updated=0 unchanged=0 stale=0 duplicates=0 failed=1
2026-10-02 14:54:00.208 [scheduling-1] ERROR c.c.o.s.I.ReconciliationSyncService - Failed to fetch appointments from clinic CLINIC_C: I/O error on GET request for "https://opendental-c.example.com/api/v1/appointments": opendental-c.example.com
2026-10-02 14:54:00.208 [scheduling-1] INFO  c.c.o.s.I.ReconciliationSyncService - RECON entity=appointments clinic=CLINIC_C inserted=0 updated=0 unchanged=0 stale=0 duplicates=0 failed=1
2026-10-02 14:54:00.208 [scheduling-1] ERROR c.c.o.s.I.ReconciliationSyncService - Failed to fetch documents from clinic CLINIC_C: I/O error on GET request for "https://opendental-c.example.com/api/v1/patients": opendental-c.example.com
2026-10-02 14:54:00.208 [scheduling-1] INFO  c.c.o.s.I.ReconciliationSyncService - RECON entity=documents clinic=CLINIC_C inserted=0 updated=0 unchanged=0 stale=0 duplicates=0 failed=1
2026-10-02 14:54:00.208 [scheduling-1] ERROR c.c.o.s.I.ReconciliationSyncService - Failed to fetch procedure logs from clinic CLINIC_C: I/O error on GET request for "https://opendental-c.example.com/api/v1/procedurelogs": opendental-c.example.com
2026-10-02 14:54:00.208 [scheduling-1] INFO  c.c.o.s.I.ReconciliationSyncService - RECON entity=procedurelogs clinic=CLINIC_C inserted=0 updated=0 unchanged=0 stale=0 duplicates=0 failed=1
2026-10-02 14:54:00.209 [scheduling-1] ERROR c.c.o.s.I.ReconciliationSyncService - Failed to fetch pat_fields from clinic CLINIC_C: I/O error on GET request for "https://opendental-c.example.com/api/v1/patfields": opendental-c.example.com
2026-10-02 14:54:00.209 [scheduling-1] INFO  c.c.o.s.I.ReconciliationSyncService - RECON entity=patfields clinic=CLINIC_C inserted=0 updated=0 unchanged=0 stale=0 duplicates=0 failed=1
2026-10-02 14:54:00.209 [scheduling-1] ERROR c.c.o.s.I.ReconciliationSyncService - Failed to fetch schedules from clinic CLINIC_C: I/O error on GET request for "https://opendental-c.example.com/api/v1/schedules": opendental-c.example.com
2026-10-02 14:54:00.209 [scheduling-1] INFO  c.c.o.s.I.ReconciliationSyncService - RECON entity=schedules clinic=CLINIC_C inserted=0 updated=0 unchanged=0 stale=0 duplicates=0 failed=1
2026-10-02 14:54:00.209 [scheduling-1] ERROR c.c.o.s.I.ReconciliationSyncService - Failed to fetch tooth initials from clinic CLINIC_C: I/O error on GET request for "https://opendental-c.example.com/api/v1/toothinitial": opendental-c.example.com
2026-10-02 14:54:00.209 [scheduling-1] INFO  c.c.o.s.I.ReconciliationSyncService - RECON entity=toothinitials clinic=CLINIC_C inserted=0 updated=0 unchanged=0 stale=0 duplicates=0 failed=1
2026-10-02 14:54:00.210 [scheduling-1] ERROR c.c.o.s.I.ReconciliationSyncService - Failed to fetch providers from clinic CLINIC_C: I/O error on GET request for "https://opendental-c.example.com/api/v1/providers": opendental-c.example.com
2026-10-02 14:54:00.210 [scheduling-1] INFO  c.c.o.s.I.ReconciliationSyncService - RECON entity=providers clinic=CLINIC_C inserted=0 updated=0 unchanged=0 stale=0 duplicates=0 failed=1
2026-10-02 14:54:00.210 [scheduling-1] ERROR c.c.o.s.I.ReconciliationSyncService - Failed to fetch operatories from clinic CLINIC_C: I/O error on GET request for "https://opendental-c.example.com/api/v1/operatories": opendental-c.example.com
2026-10-02 14:54:00.210 [scheduling-1] INFO  c.c.o.s.I.ReconciliationSyncService - RECON entity=operatories clinic=CLINIC_C inserted=0 updated=0 unchanged=0 stale=0 duplicates=0 failed=1
2026-10-02 14:54:00.210 [scheduling-1] INFO  c.c.o.s.I.ReconciliationSyncService - Reconciliation for clinic CLINIC_C complete: 10 processed, 0 inserted, 0 updated, 0 unchanged, 0 stale, 0 duplicates, 10 failed
2026-10-02 14:54:00.210 [scheduling-1] INFO  c.c.o.s.I.ReconciliationSyncService - Reconciliation for clinic CLINIC_C complete: 0 synced, 10 failed
2026-10-02 14:54:00.210 [scheduling-1] INFO  c.c.o.s.I.ReconciliationSyncService - Reconciliation completed for 3 clinics (30 entities, 0 synced, 30 failed)
2026-10-02 14:54:00.210 [scheduling-1] INFO  c.c.o.s.ReconciliationScheduler - === Scheduled Reconciliation Complete: Reconciliation completed for 3 clinics (30 entities, 0 synced, 30 failed)
2026-10-02 14:54:00.211 [scheduling-1] INFO  c.c.o.s.ReconciliationScheduler - Scheduled reconciliation took 207 ms
2026-10-02 14:54:11.519 [http-nio-8080-exec-1] WARN  c.c.o.s.Impl.PatientServiceImpl - OpenDental API unavailable, falling back to database: 400 Bad Request: ""Malformed API request.""
2026-10-02 14:54:11.523 [http-nio-8080-exec-2] INFO  c.c.o.s.Impl.AppointmentServiceImpl - Fetching appointments with 0 filter(s)
2026-10-02 14:54:11.525 [http-nio-8080-exec-2] WARN  c.c.o.s.Impl.AppointmentServiceImpl - OpenDental API unavailable for appointments, falling back to database: 400 Bad Request: ""Malformed API request.""
2026-10-02 14:55:00.001 [scheduling-1] INFO  c.c.o.s.ReconciliationScheduler - === Scheduled Reconciliation Started ===
2026-10-02 14:55:00.195 [scheduling-1] ERROR c.c.o.s.I.ReconciliationSyncService - Failed to fetch Open Dental clinics from installation CLINIC_A: I/O error on GET request for "https://opendental-a.example.com/api/v1/clinics": opendental-a.example.com
2026-10-02 14:55:00.195 [scheduling-1] INFO  c.c.o.s.I.ReconciliationSyncService - RECON entity=clinics clinic=CLINIC_A inserted=0 updated=0 unchanged=0 stale=0 duplicates=0 failed=1
2026-10-02 14:55:00.195 [scheduling-1] ERROR c.c.o.s.I.ReconciliationSyncService - Failed to fetch patients from clinic CLINIC_A: I/O error on GET request for "https://opendental-a.example.com/api/v1/patients": opendental-a.example.com
2026-10-02 14:55:00.196 [scheduling-1] INFO  c.c.o.s.I.ReconciliationSyncService - RECON entity=patients clinic=CLINIC_A inserted=0 updated=0 unchanged=0 stale=0 duplicates=0 failed=1
2026-10-02 14:55:00.196 [scheduling-1] ERROR c.c.o.s.I.ReconciliationSyncService - Failed to fetch appointments from clinic CLINIC_A: I/O error on GET request for "https://opendental-a.example.com/api/v1/appointments": opendental-a.example.com
2026-10-02 14:55:00.196 [scheduling-1] INFO  c.c.o.s.I.ReconciliationSyncService - RECON entity=appointments clinic=CLINIC_A inserted=0 updated=0 unchanged=0 stale=0 duplicates=0 failed=1
2026-10-02 14:55:00.197 [scheduling-1] ERROR c.c.o.s.I.ReconciliationSyncService - Failed to fetch documents from clinic CLINIC_A: I/O error on GET request for "https://opendental-a.example.com/api/v1/patients": opendental-a.example.com
2026-10-02 14:55:00.197 [scheduling-1] INFO  c.c.o.s.I.ReconciliationSyncService - RECON entity=documents clinic=CLINIC_A inserted=0 updated=0 unchanged=0 stale=0 duplicates=0 failed=1
2026-10-02 14:55:00.197 [scheduling-1] ERROR c.c.o.s.I.ReconciliationSyncService - Failed to fetch procedure logs from clinic CLINIC_A: I/O error on GET request for "https://opendental-a.example.com/api/v1/procedurelogs": opendental-a.example.com
2026-10-02 14:55:00.197 [scheduling-1] INFO  c.c.o.s.I.ReconciliationSyncService - RECON entity=procedurelogs clinic=CLINIC_A inserted=0 updated=0 unchanged=0 stale=0 duplicates=0 failed=1
2026-10-02 14:55:00.197 [scheduling-1] ERROR c.c.o.s.I.ReconciliationSyncService - Failed to fetch pat_fields from clinic CLINIC_A: I/O error on GET request for "https://opendental-a.example.com/api/v1/patfields": opendental-a.example.com
2026-10-02 14:55:00.197 [scheduling-1] INFO  c.c.o.s.I.ReconciliationSyncService - RECON entity=patfields clinic=CLINIC_A inserted=0 updated=0 unchanged=0 stale=0 duplicates=0 failed=1
2026-10-02 14:55:00.197 [scheduling-1] ERROR c.c.o.s.I.ReconciliationSyncService - Failed to fetch schedules from clinic CLINIC_A: I/O error on GET request for "https://opendental-a.example.com/api/v1/schedules": opendental-a.example.com
2026-10-02 14:55:00.197 [scheduling-1] INFO  c.c.o.s.I.ReconciliationSyncService - RECON entity=schedules clinic=CLINIC_A inserted=0 updated=0 unchanged=0 stale=0 duplicates=0 failed=1
2026-10-02 14:55:00.198 [scheduling-1] ERROR c.c.o.s.I.ReconciliationSyncService - Failed to fetch tooth initials from clinic CLINIC_A: I/O error on GET request for "https://opendental-a.example.com/api/v1/toothinitial": opendental-a.example.com
2026-10-02 14:55:00.198 [scheduling-1] INFO  c.c.o.s.I.ReconciliationSyncService - RECON entity=toothinitials clinic=CLINIC_A inserted=0 updated=0 unchanged=0 stale=0 duplicates=0 failed=1
2026-10-02 14:55:00.198 [scheduling-1] ERROR c.c.o.s.I.ReconciliationSyncService - Failed to fetch providers from clinic CLINIC_A: I/O error on GET request for "https://opendental-a.example.com/api/v1/providers": opendental-a.example.com
2026-10-02 14:55:00.198 [scheduling-1] INFO  c.c.o.s.I.ReconciliationSyncService - RECON entity=providers clinic=CLINIC_A inserted=0 updated=0 unchanged=0 stale=0 duplicates=0 failed=1
2026-10-02 14:55:00.198 [scheduling-1] ERROR c.c.o.s.I.ReconciliationSyncService - Failed to fetch operatories from clinic CLINIC_A: I/O error on GET request for "https://opendental-a.example.com/api/v1/operatories": opendental-a.example.com
2026-10-02 14:55:00.198 [scheduling-1] INFO  c.c.o.s.I.ReconciliationSyncService - RECON entity=operatories clinic=CLINIC_A inserted=0 updated=0 unchanged=0 stale=0 duplicates=0 failed=1
2026-10-02 14:55:00.199 [scheduling-1] INFO  c.c.o.s.I.ReconciliationSyncService - Reconciliation for clinic CLINIC_A complete: 10 processed, 0 inserted, 0 updated, 0 unchanged, 0 stale, 0 duplicates, 10 failed
2026-10-02 14:55:00.199 [scheduling-1] INFO  c.c.o.s.I.ReconciliationSyncService - Reconciliation for clinic CLINIC_A complete: 0 synced, 10 failed
2026-10-02 14:55:00.200 [scheduling-1] ERROR c.c.o.s.I.ReconciliationSyncService - Failed to fetch Open Dental clinics from installation CLINIC_B: I/O error on GET request for "https://opendental-b.example.com/api/v1/clinics": opendental-b.example.com
2026-10-02 14:55:00.200 [scheduling-1] INFO  c.c.o.s.I.ReconciliationSyncService - RECON entity=clinics clinic=CLINIC_B inserted=0 updated=0 unchanged=0 stale=0 duplicates=0 failed=1
2026-10-02 14:55:00.201 [scheduling-1] ERROR c.c.o.s.I.ReconciliationSyncService - Failed to fetch patients from clinic CLINIC_B: I/O error on GET request for "https://opendental-b.example.com/api/v1/patients": opendental-b.example.com
2026-10-02 14:55:00.201 [scheduling-1] INFO  c.c.o.s.I.ReconciliationSyncService - RECON entity=patients clinic=CLINIC_B inserted=0 updated=0 unchanged=0 stale=0 duplicates=0 failed=1
2026-10-02 14:55:00.201 [scheduling-1] ERROR c.c.o.s.I.ReconciliationSyncService - Failed to fetch appointments from clinic CLINIC_B: I/O error on GET request for "https://opendental-b.example.com/api/v1/appointments": opendental-b.example.com
2026-10-02 14:55:00.201 [scheduling-1] INFO  c.c.o.s.I.ReconciliationSyncService - RECON entity=appointments clinic=CLINIC_B inserted=0 updated=0 unchanged=0 stale=0 duplicates=0 failed=1
2026-10-02 14:55:00.201 [scheduling-1] ERROR c.c.o.s.I.ReconciliationSyncService - Failed to fetch documents from clinic CLINIC_B: I/O error on GET request for "https://opendental-b.example.com/api/v1/patients": opendental-b.example.com
2026-10-02 14:55:00.202 [scheduling-1] INFO  c.c.o.s.I.ReconciliationSyncService - RECON entity=documents clinic=CLINIC_B inserted=0 updated=0 unchanged=0 stale=0 duplicates=0 failed=1
2026-10-02 14:55:00.202 [scheduling-1] ERROR c.c.o.s.I.ReconciliationSyncService - Failed to fetch procedure logs from clinic CLINIC_B: I/O error on GET request for "https://opendental-b.example.com/api/v1/procedurelogs": opendental-b.example.com
2026-10-02 14:55:00.202 [scheduling-1] INFO  c.c.o.s.I.ReconciliationSyncService - RECON entity=procedurelogs clinic=CLINIC_B inserted=0 updated=0 unchanged=0 stale=0 duplicates=0 failed=1
2026-10-02 14:55:00.202 [scheduling-1] ERROR c.c.o.s.I.ReconciliationSyncService - Failed to fetch pat_fields from clinic CLINIC_B: I/O error on GET request for "https://opendental-b.example.com/api/v1/patfields": opendental-b.example.com
2026-10-02 14:55:00.202 [scheduling-1] INFO  c.c.o.s.I.ReconciliationSyncService - RECON entity=patfields clinic=CLINIC_B inserted=0 updated=0 unchanged=0 stale=0 duplicates=0 failed=1
2026-10-02 14:55:00.202 [scheduling-1] ERROR c.c.o.s.I.ReconciliationSyncService - Failed to fetch schedules from clinic CLINIC_B: I/O error on GET request for "https://opendental-b.example.com/api/v1/schedules": opendental-b.example.com
2026-10-02 14:55:00.203 [scheduling-1] INFO  c.c.o.s.I.ReconciliationSyncService - RECON entity=schedules clinic=CLINIC_B inserted=0 updated=0 unchanged=0 stale=0 duplicates=0 failed=1
2026-10-02 14:55:00.203 [scheduling-1] ERROR c.c.o.s.I.ReconciliationSyncService - Failed to fetch tooth initials from clinic CLINIC_B: I/O error on GET request for "https://opendental-b.example.com/api/v1/toothinitial": opendental-b.example.com
2026-10-02 14:55:00.203 [scheduling-1] INFO  c.c.o.s.I.ReconciliationSyncService - RECON entity=toothinitials clinic=CLINIC_B inserted=0 updated=0 unchanged=0 stale=0 duplicates=0 failed=1
2026-10-02 14:55:00.203 [scheduling-1] ERROR c.c.o.s.I.ReconciliationSyncService - Failed to fetch providers from clinic CLINIC_B: I/O error on GET request for "https://opendental-b.example.com/api/v1/providers": opendental-b.example.com
2026-10-02 14:55:00.203 [scheduling-1] INFO  c.c.o.s.I.ReconciliationSyncService - RECON entity=providers clinic=CLINIC_B inserted=0 updated=0 unchanged=0 stale=0 duplicates=0 failed=1
2026-10-02 14:55:00.204 [scheduling-1] ERROR c.c.o.s.I.ReconciliationSyncService - Failed to fetch operatories from clinic CLINIC_B: I/O error on GET request for "https://opendental-b.example.com/api/v1/operatories": opendental-b.example.com
2026-10-02 14:55:00.204 [scheduling-1] INFO  c.c.o.s.I.ReconciliationSyncService - RECON entity=operatories clinic=CLINIC_B inserted=0 updated=0 unchanged=0 stale=0 duplicates=0 failed=1
2026-10-02 14:55:00.204 [scheduling-1] INFO  c.c.o.s.I.ReconciliationSyncService - Reconciliation for clinic CLINIC_B complete: 10 processed, 0 inserted, 0 updated, 0 unchanged, 0 stale, 0 duplicates, 10 failed
2026-10-02 14:55:00.204 [scheduling-1] INFO  c.c.o.s.I.ReconciliationSyncService - Reconciliation for clinic CLINIC_B complete: 0 synced, 10 failed
2026-10-02 14:55:00.206 [scheduling-1] ERROR c.c.o.s.I.ReconciliationSyncService - Failed to fetch Open Dental clinics from installation CLINIC_C: I/O error on GET request for "https://opendental-c.example.com/api/v1/clinics": opendental-c.example.com
2026-10-02 14:55:00.206 [scheduling-1] INFO  c.c.o.s.I.ReconciliationSyncService - RECON entity=clinics clinic=CLINIC_C inserted=0 updated=0 unchanged=0 stale=0 duplicates=0 failed=1
2026-10-02 14:55:00.206 [scheduling-1] ERROR c.c.o.s.I.ReconciliationSyncService - Failed to fetch patients from clinic CLINIC_C: I/O error on GET request for "https://opendental-c.example.com/api/v1/patients": opendental-c.example.com
2026-10-02 14:55:00.206 [scheduling-1] INFO  c.c.o.s.I.ReconciliationSyncService - RECON entity=patients clinic=CLINIC_C inserted=0 updated=0 unchanged=0 stale=0 duplicates=0 failed=1
2026-10-02 14:55:00.207 [scheduling-1] ERROR c.c.o.s.I.ReconciliationSyncService - Failed to fetch appointments from clinic CLINIC_C: I/O error on GET request for "https://opendental-c.example.com/api/v1/appointments": opendental-c.example.com
2026-10-02 14:55:00.207 [scheduling-1] INFO  c.c.o.s.I.ReconciliationSyncService - RECON entity=appointments clinic=CLINIC_C inserted=0 updated=0 unchanged=0 stale=0 duplicates=0 failed=1
2026-10-02 14:55:00.207 [scheduling-1] ERROR c.c.o.s.I.ReconciliationSyncService - Failed to fetch documents from clinic CLINIC_C: I/O error on GET request for "https://opendental-c.example.com/api/v1/patients": opendental-c.example.com
2026-10-02 14:55:00.207 [scheduling-1] INFO  c.c.o.s.I.ReconciliationSyncService - RECON entity=documents clinic=CLINIC_C inserted=0 updated=0 unchanged=0 stale=0 duplicates=0 failed=1
2026-10-02 14:55:00.207 [scheduling-1] ERROR c.c.o.s.I.ReconciliationSyncService - Failed to fetch procedure logs from clinic CLINIC_C: I/O error on GET request for "https://opendental-c.example.com/api/v1/procedurelogs": opendental-c.example.com
2026-10-02 14:55:00.207 [scheduling-1] INFO  c.c.o.s.I.ReconciliationSyncService - RECON entity=procedurelogs clinic=CLINIC_C inserted=0 updated=0 unchanged=0 stale=0 duplicates=0 failed=1
2026-10-02 14:55:00.208 [scheduling-1] ERROR c.c.o.s.I.ReconciliationSyncService - Failed to fetch pat_fields from clinic CLINIC_C: I/O error on GET request for "https://opendental-c.example.com/api/v1/patfields": opendental-c.example.com
2026-10-02 14:55:00.208 [scheduling-1] INFO  c.c.o.s.I.ReconciliationSyncService - RECON entity=patfields clinic=CLINIC_C inserted=0 updated=0 unchanged=0 stale=0 duplicates=0 failed=1
2026-10-02 14:55:00.208 [scheduling-1] ERROR c.c.o.s.I.ReconciliationSyncService - Failed to fetch schedules from clinic CLINIC_C: I/O error on GET request for "https://opendental-c.example.com/api/v1/schedules": opendental-c.example.com
2026-10-02 14:55:00.208 [scheduling-1] INFO  c.c.o.s.I.ReconciliationSyncService - RECON entity=schedules clinic=CLINIC_C inserted=0 updated=0 unchanged=0 stale=0 duplicates=0 failed=1
2026-10-02 14:55:00.208 [scheduling-1] ERROR c.c.o.s.I.ReconciliationSyncService - Failed to fetch tooth initials from clinic CLINIC_C: I/O error on GET request for "https://opendental-c.example.com/api/v1/toothinitial": opendental-c.example.com
2026-10-02 14:55:00.208 [scheduling-1] INFO  c.c.o.s.I.ReconciliationSyncService - RECON entity=toothinitials clinic=CLINIC_C inserted=0 updated=0 unchanged=0 stale=0 duplicates=0 failed=1
2026-10-02 14:55:00.209 [scheduling-1] ERROR c.c.o.s.I.ReconciliationSyncService - Failed to fetch providers from clinic CLINIC_C: I/O error on GET request for "https://opendental-c.example.com/api/v1/providers": opendental-c.example.com
2026-10-02 14:55:00.209 [scheduling-1] INFO  c.c.o.s.I.ReconciliationSyncService - RECON entity=providers clinic=CLINIC_C inserted=0 updated=0 unchanged=0 stale=0 duplicates=0 failed=1
2026-10-02 14:55:00.209 [scheduling-1] ERROR c.c.o.s.I.ReconciliationSyncService - Failed to fetch operatories from clinic CLINIC_C: I/O error on GET request for "https://opendental-c.example.com/api/v1/operatories": opendental-c.example.com
2026-10-02 14:55:00.209 [scheduling-1] INFO  c.c.o.s.I.ReconciliationSyncService - RECON entity=operatories clinic=CLINIC_C inserted=0 updated=0 unchanged=0 stale=0 duplicates=0 failed=1
2026-10-02 14:55:00.209 [scheduling-1] INFO  c.c.o.s.I.ReconciliationSyncService - Reconciliation for clinic CLINIC_C complete: 10 processed, 0 inserted, 0 updated, 0 unchanged, 0 stale, 0 duplicates, 10 failed
2026-10-02 14:55:00.209 [scheduling-1] INFO  c.c.o.s.I.ReconciliationSyncService - Reconciliation for clinic CLINIC_C complete: 0 synced, 10 failed
2026-10-02 14:55:00.209 [scheduling-1] INFO  c.c.o.s.I.ReconciliationSyncService - Reconciliation completed for 3 clinics (30 entities, 0 synced, 30 failed)
2026-10-02 14:55:00.209 [scheduling-1] INFO  c.c.o.s.ReconciliationScheduler - === Scheduled Reconciliation Complete: Reconciliation completed for 3 clinics (30 entities, 0 synced, 30 failed)
2026-10-02 14:55:00.209 [scheduling-1] INFO  c.c.o.s.ReconciliationScheduler - Scheduled reconciliation took 207 ms
2026-10-02 14:55:11.520 [http-nio-8080-exec-5] WARN  c.c.o.s.Impl.PatientServiceImpl - OpenDental API unavailable, falling back to database: 400 Bad Request: ""Malformed API request.""
2026-10-02 14:55:11.528 [http-nio-8080-exec-3] INFO  c.c.o.s.Impl.AppointmentServiceImpl - Fetching appointments with 0 filter(s)
2026-10-02 14:55:11.529 [http-nio-8080-exec-3] WARN  c.c.o.s.Impl.AppointmentServiceImpl - OpenDental API unavailable for appointments, falling back to database: 400 Bad Request: ""Malformed API request.""
2026-10-02 14:55:52.602 [http-nio-8080-exec-4] INFO  c.c.o.s.Impl.AppointmentServiceImpl - Creating new appointment for patient 1001
2026-10-02 14:55:52.609 [http-nio-8080-exec-7] ERROR c.c.o.s.Impl.PatientServiceImpl - Failed to create patient via OpenDental API: 400 Bad Request: ""Malformed API request.""
2026-10-02 14:55:52.627 [http-nio-8080-exec-4] ERROR c.c.o.s.Impl.AppointmentServiceImpl - Failed to create appointment via OpenDental API: 400 Bad Request: ""Malformed API request.""
2026-10-02 14:56:00.006 [scheduling-1] INFO  c.c.o.s.ReconciliationScheduler - === Scheduled Reconciliation Started ===
2026-10-02 14:56:00.201 [scheduling-1] ERROR c.c.o.s.I.ReconciliationSyncService - Failed to fetch Open Dental clinics from installation CLINIC_A: I/O error on GET request for "https://opendental-a.example.com/api/v1/clinics": opendental-a.example.com
2026-10-02 14:56:00.202 [scheduling-1] INFO  c.c.o.s.I.ReconciliationSyncService - RECON entity=clinics clinic=CLINIC_A inserted=0 updated=0 unchanged=0 stale=0 duplicates=0 failed=1
2026-10-02 14:56:00.203 [scheduling-1] ERROR c.c.o.s.I.ReconciliationSyncService - Failed to fetch patients from clinic CLINIC_A: I/O error on GET request for "https://opendental-a.example.com/api/v1/patients": opendental-a.example.com
2026-10-02 14:56:00.203 [scheduling-1] INFO  c.c.o.s.I.ReconciliationSyncService - RECON entity=patients clinic=CLINIC_A inserted=0 updated=0 unchanged=0 stale=0 duplicates=0 failed=1
2026-10-02 14:56:00.204 [scheduling-1] ERROR c.c.o.s.I.ReconciliationSyncService - Failed to fetch appointments from clinic CLINIC_A: I/O error on GET request for "https://opendental-a.example.com/api/v1/appointments": opendental-a.example.com
2026-10-02 14:56:00.204 [scheduling-1] INFO  c.c.o.s.I.ReconciliationSyncService - RECON entity=appointments clinic=CLINIC_A inserted=0 updated=0 unchanged=0 stale=0 duplicates=0 failed=1
2026-10-02 14:56:00.204 [scheduling-1] ERROR c.c.o.s.I.ReconciliationSyncService - Failed to fetch documents from clinic CLINIC_A: I/O error on GET request for "https://opendental-a.example.com/api/v1/patients": opendental-a.example.com
2026-10-02 14:56:00.205 [scheduling-1] INFO  c.c.o.s.I.ReconciliationSyncService - RECON entity=documents clinic=CLINIC_A inserted=0 updated=0 unchanged=0 stale=0 duplicates=0 failed=1
2026-10-02 14:56:00.205 [scheduling-1] ERROR c.c.o.s.I.ReconciliationSyncService - Failed to fetch procedure logs from clinic CLINIC_A: I/O error on GET request for "https://opendental-a.example.com/api/v1/procedurelogs": opendental-a.example.com
2026-10-02 14:56:00.205 [scheduling-1] INFO  c.c.o.s.I.ReconciliationSyncService - RECON entity=procedurelogs clinic=CLINIC_A inserted=0 updated=0 unchanged=0 stale=0 duplicates=0 failed=1
2026-10-02 14:56:00.206 [scheduling-1] ERROR c.c.o.s.I.ReconciliationSyncService - Failed to fetch pat_fields from clinic CLINIC_A: I/O error on GET request for "https://opendental-a.example.com/api/v1/patfields": opendental-a.example.com
2026-10-02 14:56:00.206 [scheduling-1] INFO  c.c.o.s.I.ReconciliationSyncService - RECON entity=patfields clinic=CLINIC_A inserted=0 updated=0 unchanged=0 stale=0 duplicates=0 failed=1
2026-10-02 14:56:00.206 [scheduling-1] ERROR c.c.o.s.I.ReconciliationSyncService - Failed to fetch schedules from clinic CLINIC_A: I/O error on GET request for "https://opendental-a.example.com/api/v1/schedules": opendental-a.example.com
2026-10-02 14:56:00.206 [scheduling-1] INFO  c.c.o.s.I.ReconciliationSyncService - RECON entity=schedules clinic=CLINIC_A inserted=0 updated=0 unchanged=0 stale=0 duplicates=0 failed=1
2026-10-02 14:56:00.207 [scheduling-1] ERROR c.c.o.s.I.ReconciliationSyncService - Failed to fetch tooth initials from clinic CLINIC_A: I/O error on GET request for "https://opendental-a.example.com/api/v1/toothinitial": opendental-a.example.com
2026-10-02 14:56:00.207 [scheduling-1] INFO  c.c.o.s.I.ReconciliationSyncService - RECON entity=toothinitials clinic=CLINIC_A inserted=0 updated=0 unchanged=0 stale=0 duplicates=0 failed=1
2026-10-02 14:56:00.207 [scheduling-1] ERROR c.c.o.s.I.ReconciliationSyncService - Failed to fetch providers from clinic CLINIC_A: I/O error on GET request for "https://opendental-a.example.com/api/v1/providers": opendental-a.example.com
2026-10-02 14:56:00.207 [scheduling-1] INFO  c.c.o.s.I.ReconciliationSyncService - RECON entity=providers clinic=CLINIC_A inserted=0 updated=0 unchanged=0 stale=0 duplicates=0 failed=1
2026-10-02 14:56:00.207 [scheduling-1] ERROR c.c.o.s.I.ReconciliationSyncService - Failed to fetch operatories from clinic CLINIC_A: I/O error on GET request for "https://opendental-a.example.com/api/v1/operatories": opendental-a.example.com
2026-10-02 14:56:00.208 [scheduling-1] INFO  c.c.o.s.I.ReconciliationSyncService - RECON entity=operatories clinic=CLINIC_A inserted=0 updated=0 unchanged=0 stale=0 duplicates=0 failed=1
2026-10-02 14:56:00.208 [scheduling-1] INFO  c.c.o.s.I.ReconciliationSyncService - Reconciliation for clinic CLINIC_A complete: 10 processed, 0 inserted, 0 updated, 0 unchanged, 0 stale, 0 duplicates, 10 failed
2026-10-02 14:56:00.208 [scheduling-1] INFO  c.c.o.s.I.ReconciliationSyncService - Reconciliation for clinic CLINIC_A complete: 0 synced, 10 failed
2026-10-02 14:56:00.210 [scheduling-1] ERROR c.c.o.s.I.ReconciliationSyncService - Failed to fetch Open Dental clinics from installation CLINIC_B: I/O error on GET request for "https://opendental-b.example.com/api/v1/clinics": opendental-b.example.com
2026-10-02 14:56:00.210 [scheduling-1] INFO  c.c.o.s.I.ReconciliationSyncService - RECON entity=clinics clinic=CLINIC_B inserted=0 updated=0 unchanged=0 stale=0 duplicates=0 failed=1
2026-10-02 14:56:00.210 [scheduling-1] ERROR c.c.o.s.I.ReconciliationSyncService - Failed to fetch patients from clinic CLINIC_B: I/O error on GET request for "https://opendental-b.example.com/api/v1/patients": opendental-b.example.com
2026-10-02 14:56:00.211 [scheduling-1] INFO  c.c.o.s.I.ReconciliationSyncService - RECON entity=patients clinic=CLINIC_B inserted=0 updated=0 unchanged=0 stale=0 duplicates=0 failed=1
2026-10-02 14:56:00.211 [scheduling-1] ERROR c.c.o.s.I.ReconciliationSyncService - Failed to fetch appointments from clinic CLINIC_B: I/O error on GET request for "https://opendental-b.example.com/api/v1/appointments": opendental-b.example.com
2026-10-02 14:56:00.212 [scheduling-1] INFO  c.c.o.s.I.ReconciliationSyncService - RECON entity=appointments clinic=CLINIC_B inserted=0 updated=0 unchanged=0 stale=0 duplicates=0 failed=1
2026-10-02 14:56:00.215 [scheduling-1] ERROR c.c.o.s.I.ReconciliationSyncService - Failed to fetch documents from clinic CLINIC_B: I/O error on GET request for "https://opendental-b.example.com/api/v1/patients": opendental-b.example.com
2026-10-02 14:56:00.215 [scheduling-1] INFO  c.c.o.s.I.ReconciliationSyncService - RECON entity=documents clinic=CLINIC_B inserted=0 updated=0 unchanged=0 stale=0 duplicates=0 failed=1
2026-10-02 14:56:00.216 [scheduling-1] ERROR c.c.o.s.I.ReconciliationSyncService - Failed to fetch procedure logs from clinic CLINIC_B: I/O error on GET request for "https://opendental-b.example.com/api/v1/procedurelogs": opendental-b.example.com
2026-10-02 14:56:00.217 [scheduling-1] INFO  c.c.o.s.I.ReconciliationSyncService - RECON entity=procedurelogs clinic=CLINIC_B inserted=0 updated=0 unchanged=0 stale=0 duplicates=0 failed=1
2026-10-02 14:56:00.218 [scheduling-1] ERROR c.c.o.s.I.ReconciliationSyncService - Failed to fetch pat_fields from clinic CLINIC_B: I/O error on GET request for "https://opendental-b.example.com/api/v1/patfields": opendental-b.example.com
2026-10-02 14:56:00.218 [scheduling-1] INFO  c.c.o.s.I.ReconciliationSyncService - RECON entity=patfields clinic=CLINIC_B inserted=0 updated=0 unchanged=0 stale=0 duplicates=0 failed=1
2026-10-02 14:56:00.218 [scheduling-1] ERROR c.c.o.s.I.ReconciliationSyncService - Failed to fetch schedules from clinic CLINIC_B: I/O error on GET request for "https://opendental-b.example.com/api/v1/schedules": opendental-b.example.com
2026-10-02 14:56:00.218 [scheduling-1] INFO  c.c.o.s.I.ReconciliationSyncService - RECON entity=schedules clinic=CLINIC_B inserted=0 updated=0 unchanged=0 stale=0 duplicates=0 failed=1
2026-10-02 14:56:00.219 [scheduling-1] ERROR c.c.o.s.I.ReconciliationSyncService - Failed to fetch tooth initials from clinic CLINIC_B: I/O error on GET request for "https://opendental-b.example.com/api/v1/toothinitial": opendental-b.example.com
2026-10-02 14:56:00.219 [scheduling-1] INFO  c.c.o.s.I.ReconciliationSyncService - RECON entity=toothinitials clinic=CLINIC_B inserted=0 updated=0 unchanged=0 stale=0 duplicates=0 failed=1
2026-10-02 14:56:00.219 [scheduling-1] ERROR c.c.o.s.I.ReconciliationSyncService - Failed to fetch providers from clinic CLINIC_B: I/O error on GET request for "https://opendental-b.example.com/api/v1/providers": opendental-b.example.com
2026-10-02 14:56:00.219 [scheduling-1] INFO  c.c.o.s.I.ReconciliationSyncService - RECON entity=providers clinic=CLINIC_B inserted=0 updated=0 unchanged=0 stale=0 duplicates=0 failed=1
2026-10-02 14:56:00.219 [scheduling-1] ERROR c.c.o.s.I.ReconciliationSyncService - Failed to fetch operatories from clinic CLINIC_B: I/O error on GET request for "https://opendental-b.example.com/api/v1/operatories": opendental-b.example.com
2026-10-02 14:56:00.219 [scheduling-1] INFO  c.c.o.s.I.ReconciliationSyncService - RECON entity=operatories clinic=CLINIC_B inserted=0 updated=0 unchanged=0 stale=0 duplicates=0 failed=1
2026-10-02 14:56:00.220 [scheduling-1] INFO  c.c.o.s.I.ReconciliationSyncService - Reconciliation for clinic CLINIC_B complete: 10 processed, 0 inserted, 0 updated, 0 unchanged, 0 stale, 0 duplicates, 10 failed
2026-10-02 14:56:00.220 [scheduling-1] INFO  c.c.o.s.I.ReconciliationSyncService - Reconciliation for clinic CLINIC_B complete: 0 synced, 10 failed
2026-10-02 14:56:00.222 [scheduling-1] ERROR c.c.o.s.I.ReconciliationSyncService - Failed to fetch Open Dental clinics from installation CLINIC_C: I/O error on GET request for "https://opendental-c.example.com/api/v1/clinics": opendental-c.example.com
2026-10-02 14:56:00.222 [scheduling-1] INFO  c.c.o.s.I.ReconciliationSyncService - RECON entity=clinics clinic=CLINIC_C inserted=0 updated=0 unchanged=0 stale=0 duplicates=0 failed=1
2026-10-02 14:56:00.222 [scheduling-1] ERROR c.c.o.s.I.ReconciliationSyncService - Failed to fetch patients from clinic CLINIC_C: I/O error on GET request for "https://opendental-c.example.com/api/v1/patients": opendental-c.example.com
2026-10-02 14:56:00.222 [scheduling-1] INFO  c.c.o.s.I.ReconciliationSyncService - RECON entity=patients clinic=CLINIC_C inserted=0 updated=0 unchanged=0 stale=0 duplicates=0 failed=1
2026-10-02 14:56:00.222 [scheduling-1] ERROR c.c.o.s.I.ReconciliationSyncService - Failed to fetch appointments from clinic CLINIC_C: I/O error on GET request for "https://opendental-c.example.com/api/v1/appointments": opendental-c.example.com
2026-10-02 14:56:00.222 [scheduling-1] INFO  c.c.o.s.I.ReconciliationSyncService - RECON entity=appointments clinic=CLINIC_C inserted=0 updated=0 unchanged=0 stale=0 duplicates=0 failed=1
2026-10-02 14:56:00.223 [scheduling-1] ERROR c.c.o.s.I.ReconciliationSyncService - Failed to fetch documents from clinic CLINIC_C: I/O error on GET request for "https://opendental-c.example.com/api/v1/patients": opendental-c.example.com
2026-10-02 14:56:00.223 [scheduling-1] INFO  c.c.o.s.I.ReconciliationSyncService - RECON entity=documents clinic=CLINIC_C inserted=0 updated=0 unchanged=0 stale=0 duplicates=0 failed=1
2026-10-02 14:56:00.223 [scheduling-1] ERROR c.c.o.s.I.ReconciliationSyncService - Failed to fetch procedure logs from clinic CLINIC_C: I/O error on GET request for "https://opendental-c.example.com/api/v1/procedurelogs": opendental-c.example.com
2026-10-02 14:56:00.223 [scheduling-1] INFO  c.c.o.s.I.ReconciliationSyncService - RECON entity=procedurelogs clinic=CLINIC_C inserted=0 updated=0 unchanged=0 stale=0 duplicates=0 failed=1
2026-10-02 14:56:00.223 [scheduling-1] ERROR c.c.o.s.I.ReconciliationSyncService - Failed to fetch pat_fields from clinic CLINIC_C: I/O error on GET request for "https://opendental-c.example.com/api/v1/patfields": opendental-c.example.com
2026-10-02 14:56:00.223 [scheduling-1] INFO  c.c.o.s.I.ReconciliationSyncService - RECON entity=patfields clinic=CLINIC_C inserted=0 updated=0 unchanged=0 stale=0 duplicates=0 failed=1
2026-10-02 14:56:00.223 [scheduling-1] ERROR c.c.o.s.I.ReconciliationSyncService - Failed to fetch schedules from clinic CLINIC_C: I/O error on GET request for "https://opendental-c.example.com/api/v1/schedules": opendental-c.example.com
2026-10-02 14:56:00.223 [scheduling-1] INFO  c.c.o.s.I.ReconciliationSyncService - RECON entity=schedules clinic=CLINIC_C inserted=0 updated=0 unchanged=0 stale=0 duplicates=0 failed=1
2026-10-02 14:56:00.223 [scheduling-1] ERROR c.c.o.s.I.ReconciliationSyncService - Failed to fetch tooth initials from clinic CLINIC_C: I/O error on GET request for "https://opendental-c.example.com/api/v1/toothinitial": opendental-c.example.com
2026-10-02 14:56:00.224 [scheduling-1] INFO  c.c.o.s.I.ReconciliationSyncService - RECON entity=toothinitials clinic=CLINIC_C inserted=0 updated=0 unchanged=0 stale=0 duplicates=0 failed=1
2026-10-02 14:56:00.224 [scheduling-1] ERROR c.c.o.s.I.ReconciliationSyncService - Failed to fetch providers from clinic CLINIC_C: I/O error on GET request for "https://opendental-c.example.com/api/v1/providers": opendental-c.example.com
2026-10-02 14:56:00.224 [scheduling-1] INFO  c.c.o.s.I.ReconciliationSyncService - RECON entity=providers clinic=CLINIC_C inserted=0 updated=0 unchanged=0 stale=0 duplicates=0 failed=1
2026-10-02 14:56:00.224 [scheduling-1] ERROR c.c.o.s.I.ReconciliationSyncService - Failed to fetch operatories from clinic CLINIC_C: I/O error on GET request for "https://opendental-c.example.com/api/v1/operatories": opendental-c.example.com
2026-10-02 14:56:00.224 [scheduling-1] INFO  c.c.o.s.I.ReconciliationSyncService - RECON entity=operatories clinic=CLINIC_C inserted=0 updated=0 unchanged=0 stale=0 duplicates=0 failed=1
2026-10-02 14:56:00.224 [scheduling-1] INFO  c.c.o.s.I.ReconciliationSyncService - Reconciliation for clinic CLINIC_C complete: 10 processed, 0 inserted, 0 updated, 0 unchanged, 0 stale, 0 duplicates, 10 failed
2026-10-02 14:56:00.224 [scheduling-1] INFO  c.c.o.s.I.ReconciliationSyncService - Reconciliation for clinic CLINIC_C complete: 0 synced, 10 failed
2026-10-02 14:56:00.224 [scheduling-1] INFO  c.c.o.s.I.ReconciliationSyncService - Reconciliation completed for 3 clinics (30 entities, 0 synced, 30 failed)
2026-10-02 14:56:00.225 [scheduling-1] INFO  c.c.o.s.ReconciliationScheduler - === Scheduled Reconciliation Complete: Reconciliation completed for 3 clinics (30 entities, 0 synced, 30 failed)
2026-10-02 14:56:00.225 [scheduling-1] INFO  c.c.o.s.ReconciliationScheduler - Scheduled reconciliation took 218 ms
2026-10-02 14:56:11.609 [http-nio-8080-exec-6] WARN  c.c.o.s.Impl.PatientServiceImpl - OpenDental API unavailable, falling back to database: 400 Bad Request: ""Malformed API request.""
2026-10-02 14:56:11.613 [http-nio-8080-exec-8] INFO  c.c.o.s.Impl.AppointmentServiceImpl - Fetching appointments with 0 filter(s)
2026-10-02 14:56:11.615 [http-nio-8080-exec-8] WARN  c.c.o.s.Impl.AppointmentServiceImpl - OpenDental API unavailable for appointments, falling back to database: 400 Bad Request: ""Malformed API request.""
2026-10-02 14:57:00.011 [scheduling-1] INFO  c.c.o.s.ReconciliationScheduler - === Scheduled Reconciliation Started ===
2026-10-02 14:57:00.194 [scheduling-1] ERROR c.c.o.s.I.ReconciliationSyncService - Failed to fetch Open Dental clinics from installation CLINIC_A: I/O error on GET request for "https://opendental-a.example.com/api/v1/clinics": opendental-a.example.com
2026-10-02 14:57:00.195 [scheduling-1] INFO  c.c.o.s.I.ReconciliationSyncService - RECON entity=clinics clinic=CLINIC_A inserted=0 updated=0 unchanged=0 stale=0 duplicates=0 failed=1
2026-10-02 14:57:00.195 [scheduling-1] ERROR c.c.o.s.I.ReconciliationSyncService - Failed to fetch patients from clinic CLINIC_A: I/O error on GET request for "https://opendental-a.example.com/api/v1/patients": opendental-a.example.com
2026-10-02 14:57:00.195 [scheduling-1] INFO  c.c.o.s.I.ReconciliationSyncService - RECON entity=patients clinic=CLINIC_A inserted=0 updated=0 unchanged=0 stale=0 duplicates=0 failed=1
2026-10-02 14:57:00.195 [scheduling-1] ERROR c.c.o.s.I.ReconciliationSyncService - Failed to fetch appointments from clinic CLINIC_A: I/O error on GET request for "https://opendental-a.example.com/api/v1/appointments": opendental-a.example.com
2026-10-02 14:57:00.196 [scheduling-1] INFO  c.c.o.s.I.ReconciliationSyncService - RECON entity=appointments clinic=CLINIC_A inserted=0 updated=0 unchanged=0 stale=0 duplicates=0 failed=1
2026-10-02 14:57:00.196 [scheduling-1] ERROR c.c.o.s.I.ReconciliationSyncService - Failed to fetch documents from clinic CLINIC_A: I/O error on GET request for "https://opendental-a.example.com/api/v1/patients": opendental-a.example.com
2026-10-02 14:57:00.196 [scheduling-1] INFO  c.c.o.s.I.ReconciliationSyncService - RECON entity=documents clinic=CLINIC_A inserted=0 updated=0 unchanged=0 stale=0 duplicates=0 failed=1
2026-10-02 14:57:00.196 [scheduling-1] ERROR c.c.o.s.I.ReconciliationSyncService - Failed to fetch procedure logs from clinic CLINIC_A: I/O error on GET request for "https://opendental-a.example.com/api/v1/procedurelogs": opendental-a.example.com
2026-10-02 14:57:00.197 [scheduling-1] INFO  c.c.o.s.I.ReconciliationSyncService - RECON entity=procedurelogs clinic=CLINIC_A inserted=0 updated=0 unchanged=0 stale=0 duplicates=0 failed=1
2026-10-02 14:57:00.197 [scheduling-1] ERROR c.c.o.s.I.ReconciliationSyncService - Failed to fetch pat_fields from clinic CLINIC_A: I/O error on GET request for "https://opendental-a.example.com/api/v1/patfields": opendental-a.example.com
2026-10-02 14:57:00.197 [scheduling-1] INFO  c.c.o.s.I.ReconciliationSyncService - RECON entity=patfields clinic=CLINIC_A inserted=0 updated=0 unchanged=0 stale=0 duplicates=0 failed=1
2026-10-02 14:57:00.197 [scheduling-1] ERROR c.c.o.s.I.ReconciliationSyncService - Failed to fetch schedules from clinic CLINIC_A: I/O error on GET request for "https://opendental-a.example.com/api/v1/schedules": opendental-a.example.com
2026-10-02 14:57:00.197 [scheduling-1] INFO  c.c.o.s.I.ReconciliationSyncService - RECON entity=schedules clinic=CLINIC_A inserted=0 updated=0 unchanged=0 stale=0 duplicates=0 failed=1
2026-10-02 14:57:00.197 [scheduling-1] ERROR c.c.o.s.I.ReconciliationSyncService - Failed to fetch tooth initials from clinic CLINIC_A: I/O error on GET request for "https://opendental-a.example.com/api/v1/toothinitial": opendental-a.example.com
2026-10-02 14:57:00.198 [scheduling-1] INFO  c.c.o.s.I.ReconciliationSyncService - RECON entity=toothinitials clinic=CLINIC_A inserted=0 updated=0 unchanged=0 stale=0 duplicates=0 failed=1
2026-10-02 14:57:00.198 [scheduling-1] ERROR c.c.o.s.I.ReconciliationSyncService - Failed to fetch providers from clinic CLINIC_A: I/O error on GET request for "https://opendental-a.example.com/api/v1/providers": opendental-a.example.com
2026-10-02 14:57:00.198 [scheduling-1] INFO  c.c.o.s.I.ReconciliationSyncService - RECON entity=providers clinic=CLINIC_A inserted=0 updated=0 unchanged=0 stale=0 duplicates=0 failed=1
2026-10-02 14:57:00.198 [scheduling-1] ERROR c.c.o.s.I.ReconciliationSyncService - Failed to fetch operatories from clinic CLINIC_A: I/O error on GET request for "https://opendental-a.example.com/api/v1/operatories": opendental-a.example.com
2026-10-02 14:57:00.198 [scheduling-1] INFO  c.c.o.s.I.ReconciliationSyncService - RECON entity=operatories clinic=CLINIC_A inserted=0 updated=0 unchanged=0 stale=0 duplicates=0 failed=1
2026-10-02 14:57:00.198 [scheduling-1] INFO  c.c.o.s.I.ReconciliationSyncService - Reconciliation for clinic CLINIC_A complete: 10 processed, 0 inserted, 0 updated, 0 unchanged, 0 stale, 0 duplicates, 10 failed
2026-10-02 14:57:00.198 [scheduling-1] INFO  c.c.o.s.I.ReconciliationSyncService - Reconciliation for clinic CLINIC_A complete: 0 synced, 10 failed
2026-10-02 14:57:00.200 [scheduling-1] ERROR c.c.o.s.I.ReconciliationSyncService - Failed to fetch Open Dental clinics from installation CLINIC_B: I/O error on GET request for "https://opendental-b.example.com/api/v1/clinics": opendental-b.example.com
2026-10-02 14:57:00.200 [scheduling-1] INFO  c.c.o.s.I.ReconciliationSyncService - RECON entity=clinics clinic=CLINIC_B inserted=0 updated=0 unchanged=0 stale=0 duplicates=0 failed=1
2026-10-02 14:57:00.200 [scheduling-1] ERROR c.c.o.s.I.ReconciliationSyncService - Failed to fetch patients from clinic CLINIC_B: I/O error on GET request for "https://opendental-b.example.com/api/v1/patients": opendental-b.example.com
2026-10-02 14:57:00.200 [scheduling-1] INFO  c.c.o.s.I.ReconciliationSyncService - RECON entity=patients clinic=CLINIC_B inserted=0 updated=0 unchanged=0 stale=0 duplicates=0 failed=1
2026-10-02 14:57:00.201 [scheduling-1] ERROR c.c.o.s.I.ReconciliationSyncService - Failed to fetch appointments from clinic CLINIC_B: I/O error on GET request for "https://opendental-b.example.com/api/v1/appointments": opendental-b.example.com
2026-10-02 14:57:00.201 [scheduling-1] INFO  c.c.o.s.I.ReconciliationSyncService - RECON entity=appointments clinic=CLINIC_B inserted=0 updated=0 unchanged=0 stale=0 duplicates=0 failed=1
2026-10-02 14:57:00.201 [scheduling-1] ERROR c.c.o.s.I.ReconciliationSyncService - Failed to fetch documents from clinic CLINIC_B: I/O error on GET request for "https://opendental-b.example.com/api/v1/patients": opendental-b.example.com
2026-10-02 14:57:00.201 [scheduling-1] INFO  c.c.o.s.I.ReconciliationSyncService - RECON entity=documents clinic=CLINIC_B inserted=0 updated=0 unchanged=0 stale=0 duplicates=0 failed=1
2026-10-02 14:57:00.201 [scheduling-1] ERROR c.c.o.s.I.ReconciliationSyncService - Failed to fetch procedure logs from clinic CLINIC_B: I/O error on GET request for "https://opendental-b.example.com/api/v1/procedurelogs": opendental-b.example.com
2026-10-02 14:57:00.201 [scheduling-1] INFO  c.c.o.s.I.ReconciliationSyncService - RECON entity=procedurelogs clinic=CLINIC_B inserted=0 updated=0 unchanged=0 stale=0 duplicates=0 failed=1
2026-10-02 14:57:00.201 [scheduling-1] ERROR c.c.o.s.I.ReconciliationSyncService - Failed to fetch pat_fields from clinic CLINIC_B: I/O error on GET request for "https://opendental-b.example.com/api/v1/patfields": opendental-b.example.com
2026-10-02 14:57:00.201 [scheduling-1] INFO  c.c.o.s.I.ReconciliationSyncService - RECON entity=patfields clinic=CLINIC_B inserted=0 updated=0 unchanged=0 stale=0 duplicates=0 failed=1
2026-10-02 14:57:00.201 [scheduling-1] ERROR c.c.o.s.I.ReconciliationSyncService - Failed to fetch schedules from clinic CLINIC_B: I/O error on GET request for "https://opendental-b.example.com/api/v1/schedules": opendental-b.example.com
2026-10-02 14:57:00.201 [scheduling-1] INFO  c.c.o.s.I.ReconciliationSyncService - RECON entity=schedules clinic=CLINIC_B inserted=0 updated=0 unchanged=0 stale=0 duplicates=0 failed=1
2026-10-02 14:57:00.203 [scheduling-1] ERROR c.c.o.s.I.ReconciliationSyncService - Failed to fetch tooth initials from clinic CLINIC_B: I/O error on GET request for "https://opendental-b.example.com/api/v1/toothinitial": opendental-b.example.com
2026-10-02 14:57:00.203 [scheduling-1] INFO  c.c.o.s.I.ReconciliationSyncService - RECON entity=toothinitials clinic=CLINIC_B inserted=0 updated=0 unchanged=0 stale=0 duplicates=0 failed=1
2026-10-02 14:57:00.203 [scheduling-1] ERROR c.c.o.s.I.ReconciliationSyncService - Failed to fetch providers from clinic CLINIC_B: I/O error on GET request for "https://opendental-b.example.com/api/v1/providers": opendental-b.example.com
2026-10-02 14:57:00.203 [scheduling-1] INFO  c.c.o.s.I.ReconciliationSyncService - RECON entity=providers clinic=CLINIC_B inserted=0 updated=0 unchanged=0 stale=0 duplicates=0 failed=1
2026-10-02 14:57:00.203 [scheduling-1] ERROR c.c.o.s.I.ReconciliationSyncService - Failed to fetch operatories from clinic CLINIC_B: I/O error on GET request for "https://opendental-b.example.com/api/v1/operatories": opendental-b.example.com
2026-10-02 14:57:00.203 [scheduling-1] INFO  c.c.o.s.I.ReconciliationSyncService - RECON entity=operatories clinic=CLINIC_B inserted=0 updated=0 unchanged=0 stale=0 duplicates=0 failed=1
2026-10-02 14:57:00.204 [scheduling-1] INFO  c.c.o.s.I.ReconciliationSyncService - Reconciliation for clinic CLINIC_B complete: 10 processed, 0 inserted, 0 updated, 0 unchanged, 0 stale, 0 duplicates, 10 failed
2026-10-02 14:57:00.204 [scheduling-1] INFO  c.c.o.s.I.ReconciliationSyncService - Reconciliation for clinic CLINIC_B complete: 0 synced, 10 failed
2026-10-02 14:57:00.205 [scheduling-1] ERROR c.c.o.s.I.ReconciliationSyncService - Failed to fetch Open Dental clinics from installation CLINIC_C: I/O error on GET request for "https://opendental-c.example.com/api/v1/clinics": opendental-c.example.com
2026-10-02 14:57:00.206 [scheduling-1] INFO  c.c.o.s.I.ReconciliationSyncService - RECON entity=clinics clinic=CLINIC_C inserted=0 updated=0 unchanged=0 stale=0 duplicates=0 failed=1
2026-10-02 14:57:00.206 [scheduling-1] ERROR c.c.o.s.I.ReconciliationSyncService - Failed to fetch patients from clinic CLINIC_C: I/O error on GET request for "https://opendental-c.example.com/api/v1/patients": opendental-c.example.com
2026-10-02 14:57:00.206 [scheduling-1] INFO  c.c.o.s.I.ReconciliationSyncService - RECON entity=patients clinic=CLINIC_C inserted=0 updated=0 unchanged=0 stale=0 duplicates=0 failed=1
2026-10-02 14:57:00.206 [scheduling-1] ERROR c.c.o.s.I.ReconciliationSyncService - Failed to fetch appointments from clinic CLINIC_C: I/O error on GET request for "https://opendental-c.example.com/api/v1/appointments": opendental-c.example.com
2026-10-02 14:57:00.206 [scheduling-1] INFO  c.c.o.s.I.ReconciliationSyncService - RECON entity=appointments clinic=CLINIC_C inserted=0 updated=0 unchanged=0 stale=0 duplicates=0 failed=1
2026-10-02 14:57:00.206 [scheduling-1] ERROR c.c.o.s.I.ReconciliationSyncService - Failed to fetch documents from clinic CLINIC_C: I/O error on GET request for "https://opendental-c.example.com/api/v1/patients": opendental-c.example.com
2026-10-02 14:57:00.206 [scheduling-1] INFO  c.c.o.s.I.ReconciliationSyncService - RECON entity=documents clinic=CLINIC_C inserted=0 updated=0 unchanged=0 stale=0 duplicates=0 failed=1
2026-10-02 14:57:00.207 [scheduling-1] ERROR c.c.o.s.I.ReconciliationSyncService - Failed to fetch procedure logs from clinic CLINIC_C: I/O error on GET request for "https://opendental-c.example.com/api/v1/procedurelogs": opendental-c.example.com
2026-10-02 14:57:00.207 [scheduling-1] INFO  c.c.o.s.I.ReconciliationSyncService - RECON entity=procedurelogs clinic=CLINIC_C inserted=0 updated=0 unchanged=0 stale=0 duplicates=0 failed=1
2026-10-02 14:57:00.207 [scheduling-1] ERROR c.c.o.s.I.ReconciliationSyncService - Failed to fetch pat_fields from clinic CLINIC_C: I/O error on GET request for "https://opendental-c.example.com/api/v1/patfields": opendental-c.example.com
2026-10-02 14:57:00.207 [scheduling-1] INFO  c.c.o.s.I.ReconciliationSyncService - RECON entity=patfields clinic=CLINIC_C inserted=0 updated=0 unchanged=0 stale=0 duplicates=0 failed=1
2026-10-02 14:57:00.207 [scheduling-1] ERROR c.c.o.s.I.ReconciliationSyncService - Failed to fetch schedules from clinic CLINIC_C: I/O error on GET request for "https://opendental-c.example.com/api/v1/schedules": opendental-c.example.com
2026-10-02 14:57:00.207 [scheduling-1] INFO  c.c.o.s.I.ReconciliationSyncService - RECON entity=schedules clinic=CLINIC_C inserted=0 updated=0 unchanged=0 stale=0 duplicates=0 failed=1
2026-10-02 14:57:00.207 [scheduling-1] ERROR c.c.o.s.I.ReconciliationSyncService - Failed to fetch tooth initials from clinic CLINIC_C: I/O error on GET request for "https://opendental-c.example.com/api/v1/toothinitial": opendental-c.example.com
2026-10-02 14:57:00.208 [scheduling-1] INFO  c.c.o.s.I.ReconciliationSyncService - RECON entity=toothinitials clinic=CLINIC_C inserted=0 updated=0 unchanged=0 stale=0 duplicates=0 failed=1
2026-10-02 14:57:00.208 [scheduling-1] ERROR c.c.o.s.I.ReconciliationSyncService - Failed to fetch providers from clinic CLINIC_C: I/O error on GET request for "https://opendental-c.example.com/api/v1/providers": opendental-c.example.com
2026-10-02 14:57:00.208 [scheduling-1] INFO  c.c.o.s.I.ReconciliationSyncService - RECON entity=providers clinic=CLINIC_C inserted=0 updated=0 unchanged=0 stale=0 duplicates=0 failed=1
2026-10-02 14:57:00.208 [scheduling-1] ERROR c.c.o.s.I.ReconciliationSyncService - Failed to fetch operatories from clinic CLINIC_C: I/O error on GET request for "https://opendental-c.example.com/api/v1/operatories": opendental-c.example.com
2026-10-02 14:57:00.208 [scheduling-1] INFO  c.c.o.s.I.ReconciliationSyncService - RECON entity=operatories clinic=CLINIC_C inserted=0 updated=0 unchanged=0 stale=0 duplicates=0 failed=1
2026-10-02 14:57:00.208 [scheduling-1] INFO  c.c.o.s.I.ReconciliationSyncService - Reconciliation for clinic CLINIC_C complete: 10 processed, 0 inserted, 0 updated, 0 unchanged, 0 stale, 0 duplicates, 10 failed
2026-10-02 14:57:00.209 [scheduling-1] INFO  c.c.o.s.I.ReconciliationSyncService - Reconciliation for clinic CLINIC_C complete: 0 synced, 10 failed
2026-10-02 14:57:00.209 [scheduling-1] INFO  c.c.o.s.I.ReconciliationSyncService - Reconciliation completed for 3 clinics (30 entities, 0 synced, 30 failed)
2026-10-02 14:57:00.209 [scheduling-1] INFO  c.c.o.s.ReconciliationScheduler - === Scheduled Reconciliation Complete: Reconciliation completed for 3 clinics (30 entities, 0 synced, 30 failed)
2026-10-02 14:57:00.209 [scheduling-1] INFO  c.c.o.s.ReconciliationScheduler - Scheduled reconciliation took 197 ms
2026-10-02 14:57:11.536 [http-nio-8080-exec-10] WARN  c.c.o.s.Impl.PatientServiceImpl - OpenDental API unavailable, falling back to database: 400 Bad Request: ""Malformed API request.""
2026-10-02 14:57:11.540 [http-nio-8080-exec-9] INFO  c.c.o.s.Impl.AppointmentServiceImpl - Fetching appointments with 0 filter(s)
2026-10-02 14:57:11.541 [http-nio-8080-exec-9] WARN  c.c.o.s.Impl.AppointmentServiceImpl - OpenDental API unavailable for appointments, falling back to database: 400 Bad Request: ""Malformed API request.""
2026-10-02 14:58:00.008 [scheduling-1] INFO  c.c.o.s.ReconciliationScheduler - === Scheduled Reconciliation Started ===
2026-10-02 14:58:00.199 [scheduling-1] ERROR c.c.o.s.I.ReconciliationSyncService - Failed to fetch Open Dental clinics from installation CLINIC_A: I/O error on GET request for "https://opendental-a.example.com/api/v1/clinics": opendental-a.example.com
2026-10-02 14:58:00.199 [scheduling-1] INFO  c.c.o.s.I.ReconciliationSyncService - RECON entity=clinics clinic=CLINIC_A inserted=0 updated=0 unchanged=0 stale=0 duplicates=0 failed=1
2026-10-02 14:58:00.201 [scheduling-1] ERROR c.c.o.s.I.ReconciliationSyncService - Failed to fetch patients from clinic CLINIC_A: I/O error on GET request for "https://opendental-a.example.com/api/v1/patients": opendental-a.example.com
2026-10-02 14:58:00.201 [scheduling-1] INFO  c.c.o.s.I.ReconciliationSyncService - RECON entity=patients clinic=CLINIC_A inserted=0 updated=0 unchanged=0 stale=0 duplicates=0 failed=1
2026-10-02 14:58:00.201 [scheduling-1] ERROR c.c.o.s.I.ReconciliationSyncService - Failed to fetch appointments from clinic CLINIC_A: I/O error on GET request for "https://opendental-a.example.com/api/v1/appointments": opendental-a.example.com
2026-10-02 14:58:00.201 [scheduling-1] INFO  c.c.o.s.I.ReconciliationSyncService - RECON entity=appointments clinic=CLINIC_A inserted=0 updated=0 unchanged=0 stale=0 duplicates=0 failed=1
2026-10-02 14:58:00.202 [scheduling-1] ERROR c.c.o.s.I.ReconciliationSyncService - Failed to fetch documents from clinic CLINIC_A: I/O error on GET request for "https://opendental-a.example.com/api/v1/patients": opendental-a.example.com
2026-10-02 14:58:00.202 [scheduling-1] INFO  c.c.o.s.I.ReconciliationSyncService - RECON entity=documents clinic=CLINIC_A inserted=0 updated=0 unchanged=0 stale=0 duplicates=0 failed=1
2026-10-02 14:58:00.202 [scheduling-1] ERROR c.c.o.s.I.ReconciliationSyncService - Failed to fetch procedure logs from clinic CLINIC_A: I/O error on GET request for "https://opendental-a.example.com/api/v1/procedurelogs": opendental-a.example.com
2026-10-02 14:58:00.202 [scheduling-1] INFO  c.c.o.s.I.ReconciliationSyncService - RECON entity=procedurelogs clinic=CLINIC_A inserted=0 updated=0 unchanged=0 stale=0 duplicates=0 failed=1
2026-10-02 14:58:00.202 [scheduling-1] ERROR c.c.o.s.I.ReconciliationSyncService - Failed to fetch pat_fields from clinic CLINIC_A: I/O error on GET request for "https://opendental-a.example.com/api/v1/patfields": opendental-a.example.com
2026-10-02 14:58:00.202 [scheduling-1] INFO  c.c.o.s.I.ReconciliationSyncService - RECON entity=patfields clinic=CLINIC_A inserted=0 updated=0 unchanged=0 stale=0 duplicates=0 failed=1
2026-10-02 14:58:00.202 [scheduling-1] ERROR c.c.o.s.I.ReconciliationSyncService - Failed to fetch schedules from clinic CLINIC_A: I/O error on GET request for "https://opendental-a.example.com/api/v1/schedules": opendental-a.example.com
2026-10-02 14:58:00.203 [scheduling-1] INFO  c.c.o.s.I.ReconciliationSyncService - RECON entity=schedules clinic=CLINIC_A inserted=0 updated=0 unchanged=0 stale=0 duplicates=0 failed=1
2026-10-02 14:58:00.203 [scheduling-1] ERROR c.c.o.s.I.ReconciliationSyncService - Failed to fetch tooth initials from clinic CLINIC_A: I/O error on GET request for "https://opendental-a.example.com/api/v1/toothinitial": opendental-a.example.com
2026-10-02 14:58:00.203 [scheduling-1] INFO  c.c.o.s.I.ReconciliationSyncService - RECON entity=toothinitials clinic=CLINIC_A inserted=0 updated=0 unchanged=0 stale=0 duplicates=0 failed=1
2026-10-02 14:58:00.203 [scheduling-1] ERROR c.c.o.s.I.ReconciliationSyncService - Failed to fetch providers from clinic CLINIC_A: I/O error on GET request for "https://opendental-a.example.com/api/v1/providers": opendental-a.example.com
2026-10-02 14:58:00.203 [scheduling-1] INFO  c.c.o.s.I.ReconciliationSyncService - RECON entity=providers clinic=CLINIC_A inserted=0 updated=0 unchanged=0 stale=0 duplicates=0 failed=1
2026-10-02 14:58:00.203 [scheduling-1] ERROR c.c.o.s.I.ReconciliationSyncService - Failed to fetch operatories from clinic CLINIC_A: I/O error on GET request for "https://opendental-a.example.com/api/v1/operatories": opendental-a.example.com
2026-10-02 14:58:00.203 [scheduling-1] INFO  c.c.o.s.I.ReconciliationSyncService - RECON entity=operatories clinic=CLINIC_A inserted=0 updated=0 unchanged=0 stale=0 duplicates=0 failed=1
2026-10-02 14:58:00.204 [scheduling-1] INFO  c.c.o.s.I.ReconciliationSyncService - Reconciliation for clinic CLINIC_A complete: 10 processed, 0 inserted, 0 updated, 0 unchanged, 0 stale, 0 duplicates, 10 failed
2026-10-02 14:58:00.204 [scheduling-1] INFO  c.c.o.s.I.ReconciliationSyncService - Reconciliation for clinic CLINIC_A complete: 0 synced, 10 failed
2026-10-02 14:58:00.205 [scheduling-1] ERROR c.c.o.s.I.ReconciliationSyncService - Failed to fetch Open Dental clinics from installation CLINIC_B: I/O error on GET request for "https://opendental-b.example.com/api/v1/clinics": opendental-b.example.com
2026-10-02 14:58:00.205 [scheduling-1] INFO  c.c.o.s.I.ReconciliationSyncService - RECON entity=clinics clinic=CLINIC_B inserted=0 updated=0 unchanged=0 stale=0 duplicates=0 failed=1
2026-10-02 14:58:00.206 [scheduling-1] ERROR c.c.o.s.I.ReconciliationSyncService - Failed to fetch patients from clinic CLINIC_B: I/O error on GET request for "https://opendental-b.example.com/api/v1/patients": opendental-b.example.com
2026-10-02 14:58:00.206 [scheduling-1] INFO  c.c.o.s.I.ReconciliationSyncService - RECON entity=patients clinic=CLINIC_B inserted=0 updated=0 unchanged=0 stale=0 duplicates=0 failed=1
2026-10-02 14:58:00.206 [scheduling-1] ERROR c.c.o.s.I.ReconciliationSyncService - Failed to fetch appointments from clinic CLINIC_B: I/O error on GET request for "https://opendental-b.example.com/api/v1/appointments": opendental-b.example.com
2026-10-02 14:58:00.206 [scheduling-1] INFO  c.c.o.s.I.ReconciliationSyncService - RECON entity=appointments clinic=CLINIC_B inserted=0 updated=0 unchanged=0 stale=0 duplicates=0 failed=1
2026-10-02 14:58:00.206 [scheduling-1] ERROR c.c.o.s.I.ReconciliationSyncService - Failed to fetch documents from clinic CLINIC_B: I/O error on GET request for "https://opendental-b.example.com/api/v1/patients": opendental-b.example.com
2026-10-02 14:58:00.206 [scheduling-1] INFO  c.c.o.s.I.ReconciliationSyncService - RECON entity=documents clinic=CLINIC_B inserted=0 updated=0 unchanged=0 stale=0 duplicates=0 failed=1
2026-10-02 14:58:00.206 [scheduling-1] ERROR c.c.o.s.I.ReconciliationSyncService - Failed to fetch procedure logs from clinic CLINIC_B: I/O error on GET request for "https://opendental-b.example.com/api/v1/procedurelogs": opendental-b.example.com
2026-10-02 14:58:00.206 [scheduling-1] INFO  c.c.o.s.I.ReconciliationSyncService - RECON entity=procedurelogs clinic=CLINIC_B inserted=0 updated=0 unchanged=0 stale=0 duplicates=0 failed=1
2026-10-02 14:58:00.207 [scheduling-1] ERROR c.c.o.s.I.ReconciliationSyncService - Failed to fetch pat_fields from clinic CLINIC_B: I/O error on GET request for "https://opendental-b.example.com/api/v1/patfields": opendental-b.example.com
2026-10-02 14:58:00.207 [scheduling-1] INFO  c.c.o.s.I.ReconciliationSyncService - RECON entity=patfields clinic=CLINIC_B inserted=0 updated=0 unchanged=0 stale=0 duplicates=0 failed=1
2026-10-02 14:58:00.207 [scheduling-1] ERROR c.c.o.s.I.ReconciliationSyncService - Failed to fetch schedules from clinic CLINIC_B: I/O error on GET request for "https://opendental-b.example.com/api/v1/schedules": opendental-b.example.com
2026-10-02 14:58:00.207 [scheduling-1] INFO  c.c.o.s.I.ReconciliationSyncService - RECON entity=schedules clinic=CLINIC_B inserted=0 updated=0 unchanged=0 stale=0 duplicates=0 failed=1
2026-10-02 14:58:00.207 [scheduling-1] ERROR c.c.o.s.I.ReconciliationSyncService - Failed to fetch tooth initials from clinic CLINIC_B: I/O error on GET request for "https://opendental-b.example.com/api/v1/toothinitial": opendental-b.example.com
2026-10-02 14:58:00.207 [scheduling-1] INFO  c.c.o.s.I.ReconciliationSyncService - RECON entity=toothinitials clinic=CLINIC_B inserted=0 updated=0 unchanged=0 stale=0 duplicates=0 failed=1
2026-10-02 14:58:00.208 [scheduling-1] ERROR c.c.o.s.I.ReconciliationSyncService - Failed to fetch providers from clinic CLINIC_B: I/O error on GET request for "https://opendental-b.example.com/api/v1/providers": opendental-b.example.com
2026-10-02 14:58:00.208 [scheduling-1] INFO  c.c.o.s.I.ReconciliationSyncService - RECON entity=providers clinic=CLINIC_B inserted=0 updated=0 unchanged=0 stale=0 duplicates=0 failed=1
2026-10-02 14:58:00.208 [scheduling-1] ERROR c.c.o.s.I.ReconciliationSyncService - Failed to fetch operatories from clinic CLINIC_B: I/O error on GET request for "https://opendental-b.example.com/api/v1/operatories": opendental-b.example.com
2026-10-02 14:58:00.208 [scheduling-1] INFO  c.c.o.s.I.ReconciliationSyncService - RECON entity=operatories clinic=CLINIC_B inserted=0 updated=0 unchanged=0 stale=0 duplicates=0 failed=1
2026-10-02 14:58:00.208 [scheduling-1] INFO  c.c.o.s.I.ReconciliationSyncService - Reconciliation for clinic CLINIC_B complete: 10 processed, 0 inserted, 0 updated, 0 unchanged, 0 stale, 0 duplicates, 10 failed
2026-10-02 14:58:00.208 [scheduling-1] INFO  c.c.o.s.I.ReconciliationSyncService - Reconciliation for clinic CLINIC_B complete: 0 synced, 10 failed
2026-10-02 14:58:00.210 [scheduling-1] ERROR c.c.o.s.I.ReconciliationSyncService - Failed to fetch Open Dental clinics from installation CLINIC_C: I/O error on GET request for "https://opendental-c.example.com/api/v1/clinics": opendental-c.example.com
2026-10-02 14:58:00.210 [scheduling-1] INFO  c.c.o.s.I.ReconciliationSyncService - RECON entity=clinics clinic=CLINIC_C inserted=0 updated=0 unchanged=0 stale=0 duplicates=0 failed=1
2026-10-02 14:58:00.210 [scheduling-1] ERROR c.c.o.s.I.ReconciliationSyncService - Failed to fetch patients from clinic CLINIC_C: I/O error on GET request for "https://opendental-c.example.com/api/v1/patients": opendental-c.example.com
2026-10-02 14:58:00.210 [scheduling-1] INFO  c.c.o.s.I.ReconciliationSyncService - RECON entity=patients clinic=CLINIC_C inserted=0 updated=0 unchanged=0 stale=0 duplicates=0 failed=1
2026-10-02 14:58:00.210 [scheduling-1] ERROR c.c.o.s.I.ReconciliationSyncService - Failed to fetch appointments from clinic CLINIC_C: I/O error on GET request for "https://opendental-c.example.com/api/v1/appointments": opendental-c.example.com
2026-10-02 14:58:00.210 [scheduling-1] INFO  c.c.o.s.I.ReconciliationSyncService - RECON entity=appointments clinic=CLINIC_C inserted=0 updated=0 unchanged=0 stale=0 duplicates=0 failed=1
2026-10-02 14:58:00.211 [scheduling-1] ERROR c.c.o.s.I.ReconciliationSyncService - Failed to fetch documents from clinic CLINIC_C: I/O error on GET request for "https://opendental-c.example.com/api/v1/patients": opendental-c.example.com
2026-10-02 14:58:00.211 [scheduling-1] INFO  c.c.o.s.I.ReconciliationSyncService - RECON entity=documents clinic=CLINIC_C inserted=0 updated=0 unchanged=0 stale=0 duplicates=0 failed=1
2026-10-02 14:58:00.211 [scheduling-1] ERROR c.c.o.s.I.ReconciliationSyncService - Failed to fetch procedure logs from clinic CLINIC_C: I/O error on GET request for "https://opendental-c.example.com/api/v1/procedurelogs": opendental-c.example.com
2026-10-02 14:58:00.211 [scheduling-1] INFO  c.c.o.s.I.ReconciliationSyncService - RECON entity=procedurelogs clinic=CLINIC_C inserted=0 updated=0 unchanged=0 stale=0 duplicates=0 failed=1
2026-10-02 14:58:00.211 [scheduling-1] ERROR c.c.o.s.I.ReconciliationSyncService - Failed to fetch pat_fields from clinic CLINIC_C: I/O error on GET request for "https://opendental-c.example.com/api/v1/patfields": opendental-c.example.com
2026-10-02 14:58:00.212 [scheduling-1] INFO  c.c.o.s.I.ReconciliationSyncService - RECON entity=patfields clinic=CLINIC_C inserted=0 updated=0 unchanged=0 stale=0 duplicates=0 failed=1
2026-10-02 14:58:00.212 [scheduling-1] ERROR c.c.o.s.I.ReconciliationSyncService - Failed to fetch schedules from clinic CLINIC_C: I/O error on GET request for "https://opendental-c.example.com/api/v1/schedules": opendental-c.example.com
2026-10-02 14:58:00.212 [scheduling-1] INFO  c.c.o.s.I.ReconciliationSyncService - RECON entity=schedules clinic=CLINIC_C inserted=0 updated=0 unchanged=0 stale=0 duplicates=0 failed=1
2026-10-02 14:58:00.212 [scheduling-1] ERROR c.c.o.s.I.ReconciliationSyncService - Failed to fetch tooth initials from clinic CLINIC_C: I/O error on GET request for "https://opendental-c.example.com/api/v1/toothinitial": opendental-c.example.com
2026-10-02 14:58:00.212 [scheduling-1] INFO  c.c.o.s.I.ReconciliationSyncService - RECON entity=toothinitials clinic=CLINIC_C inserted=0 updated=0 unchanged=0 stale=0 duplicates=0 failed=1
2026-10-02 14:58:00.213 [scheduling-1] ERROR c.c.o.s.I.ReconciliationSyncService - Failed to fetch providers from clinic CLINIC_C: I/O error on GET request for "https://opendental-c.example.com/api/v1/providers": opendental-c.example.com
2026-10-02 14:58:00.213 [scheduling-1] INFO  c.c.o.s.I.ReconciliationSyncService - RECON entity=providers clinic=CLINIC_C inserted=0 updated=0 unchanged=0 stale=0 duplicates=0 failed=1
2026-10-02 14:58:00.213 [scheduling-1] ERROR c.c.o.s.I.ReconciliationSyncService - Failed to fetch operatories from clinic CLINIC_C: I/O error on GET request for "https://opendental-c.example.com/api/v1/operatories": opendental-c.example.com
2026-10-02 14:58:00.213 [scheduling-1] INFO  c.c.o.s.I.ReconciliationSyncService - RECON entity=operatories clinic=CLINIC_C inserted=0 updated=0 unchanged=0 stale=0 duplicates=0 failed=1
2026-10-02 14:58:00.213 [scheduling-1] INFO  c.c.o.s.I.ReconciliationSyncService - Reconciliation for clinic CLINIC_C complete: 10 processed, 0 inserted, 0 updated, 0 unchanged, 0 stale, 0 duplicates, 10 failed
2026-10-02 14:58:00.213 [scheduling-1] INFO  c.c.o.s.I.ReconciliationSyncService - Reconciliation for clinic CLINIC_C complete: 0 synced, 10 failed
2026-10-02 14:58:00.213 [scheduling-1] INFO  c.c.o.s.I.ReconciliationSyncService - Reconciliation completed for 3 clinics (30 entities, 0 synced, 30 failed)
2026-10-02 14:58:00.213 [scheduling-1] INFO  c.c.o.s.ReconciliationScheduler - === Scheduled Reconciliation Complete: Reconciliation completed for 3 clinics (30 entities, 0 synced, 30 failed)
2026-10-02 14:58:00.214 [scheduling-1] INFO  c.c.o.s.ReconciliationScheduler - Scheduled reconciliation took 205 ms
2026-10-02 14:58:11.507 [http-nio-8080-exec-1] WARN  c.c.o.s.Impl.PatientServiceImpl - OpenDental API unavailable, falling back to database: 400 Bad Request: ""Malformed API request.""
2026-10-02 14:58:11.510 [http-nio-8080-exec-2] INFO  c.c.o.s.Impl.AppointmentServiceImpl - Fetching appointments with 0 filter(s)
2026-10-02 14:58:11.510 [http-nio-8080-exec-2] WARN  c.c.o.s.Impl.AppointmentServiceImpl - OpenDental API unavailable for appointments, falling back to database: 400 Bad Request: ""Malformed API request.""
2026-10-02 14:58:29.003 [http-nio-8080-exec-5] WARN  c.c.o.s.Impl.PatientServiceImpl - OpenDental API unavailable, falling back to database: 400 Bad Request: ""Malformed API request.""
2026-10-02 14:59:00.012 [scheduling-1] INFO  c.c.o.s.ReconciliationScheduler - === Scheduled Reconciliation Started ===
2026-10-02 14:59:00.202 [scheduling-1] ERROR c.c.o.s.I.ReconciliationSyncService - Failed to fetch Open Dental clinics from installation CLINIC_A: I/O error on GET request for "https://opendental-a.example.com/api/v1/clinics": opendental-a.example.com
2026-10-02 14:59:00.202 [scheduling-1] INFO  c.c.o.s.I.ReconciliationSyncService - RECON entity=clinics clinic=CLINIC_A inserted=0 updated=0 unchanged=0 stale=0 duplicates=0 failed=1
2026-10-02 14:59:00.203 [scheduling-1] ERROR c.c.o.s.I.ReconciliationSyncService - Failed to fetch patients from clinic CLINIC_A: I/O error on GET request for "https://opendental-a.example.com/api/v1/patients": opendental-a.example.com
2026-10-02 14:59:00.203 [scheduling-1] INFO  c.c.o.s.I.ReconciliationSyncService - RECON entity=patients clinic=CLINIC_A inserted=0 updated=0 unchanged=0 stale=0 duplicates=0 failed=1
2026-10-02 14:59:00.203 [scheduling-1] ERROR c.c.o.s.I.ReconciliationSyncService - Failed to fetch appointments from clinic CLINIC_A: I/O error on GET request for "https://opendental-a.example.com/api/v1/appointments": opendental-a.example.com
2026-10-02 14:59:00.203 [scheduling-1] INFO  c.c.o.s.I.ReconciliationSyncService - RECON entity=appointments clinic=CLINIC_A inserted=0 updated=0 unchanged=0 stale=0 duplicates=0 failed=1
2026-10-02 14:59:00.204 [scheduling-1] ERROR c.c.o.s.I.ReconciliationSyncService - Failed to fetch documents from clinic CLINIC_A: I/O error on GET request for "https://opendental-a.example.com/api/v1/patients": opendental-a.example.com
2026-10-02 14:59:00.204 [scheduling-1] INFO  c.c.o.s.I.ReconciliationSyncService - RECON entity=documents clinic=CLINIC_A inserted=0 updated=0 unchanged=0 stale=0 duplicates=0 failed=1
2026-10-02 14:59:00.204 [scheduling-1] ERROR c.c.o.s.I.ReconciliationSyncService - Failed to fetch procedure logs from clinic CLINIC_A: I/O error on GET request for "https://opendental-a.example.com/api/v1/procedurelogs": opendental-a.example.com
2026-10-02 14:59:00.204 [scheduling-1] INFO  c.c.o.s.I.ReconciliationSyncService - RECON entity=procedurelogs clinic=CLINIC_A inserted=0 updated=0 unchanged=0 stale=0 duplicates=0 failed=1
2026-10-02 14:59:00.204 [scheduling-1] ERROR c.c.o.s.I.ReconciliationSyncService - Failed to fetch pat_fields from clinic CLINIC_A: I/O error on GET request for "https://opendental-a.example.com/api/v1/patfields": opendental-a.example.com
2026-10-02 14:59:00.205 [scheduling-1] INFO  c.c.o.s.I.ReconciliationSyncService - RECON entity=patfields clinic=CLINIC_A inserted=0 updated=0 unchanged=0 stale=0 duplicates=0 failed=1
2026-10-02 14:59:00.205 [scheduling-1] ERROR c.c.o.s.I.ReconciliationSyncService - Failed to fetch schedules from clinic CLINIC_A: I/O error on GET request for "https://opendental-a.example.com/api/v1/schedules": opendental-a.example.com
2026-10-02 14:59:00.205 [scheduling-1] INFO  c.c.o.s.I.ReconciliationSyncService - RECON entity=schedules clinic=CLINIC_A inserted=0 updated=0 unchanged=0 stale=0 duplicates=0 failed=1
2026-10-02 14:59:00.205 [scheduling-1] ERROR c.c.o.s.I.ReconciliationSyncService - Failed to fetch tooth initials from clinic CLINIC_A: I/O error on GET request for "https://opendental-a.example.com/api/v1/toothinitial": opendental-a.example.com
2026-10-02 14:59:00.206 [scheduling-1] INFO  c.c.o.s.I.ReconciliationSyncService - RECON entity=toothinitials clinic=CLINIC_A inserted=0 updated=0 unchanged=0 stale=0 duplicates=0 failed=1
2026-10-02 14:59:00.206 [scheduling-1] ERROR c.c.o.s.I.ReconciliationSyncService - Failed to fetch providers from clinic CLINIC_A: I/O error on GET request for "https://opendental-a.example.com/api/v1/providers": opendental-a.example.com
2026-10-02 14:59:00.206 [scheduling-1] INFO  c.c.o.s.I.ReconciliationSyncService - RECON entity=providers clinic=CLINIC_A inserted=0 updated=0 unchanged=0 stale=0 duplicates=0 failed=1
2026-10-02 14:59:00.206 [scheduling-1] ERROR c.c.o.s.I.ReconciliationSyncService - Failed to fetch operatories from clinic CLINIC_A: I/O error on GET request for "https://opendental-a.example.com/api/v1/operatories": opendental-a.example.com
2026-10-02 14:59:00.206 [scheduling-1] INFO  c.c.o.s.I.ReconciliationSyncService - RECON entity=operatories clinic=CLINIC_A inserted=0 updated=0 unchanged=0 stale=0 duplicates=0 failed=1
2026-10-02 14:59:00.206 [scheduling-1] INFO  c.c.o.s.I.ReconciliationSyncService - Reconciliation for clinic CLINIC_A complete: 10 processed, 0 inserted, 0 updated, 0 unchanged, 0 stale, 0 duplicates, 10 failed
2026-10-02 14:59:00.207 [scheduling-1] INFO  c.c.o.s.I.ReconciliationSyncService - Reconciliation for clinic CLINIC_A complete: 0 synced, 10 failed
2026-10-02 14:59:00.210 [scheduling-1] ERROR c.c.o.s.I.ReconciliationSyncService - Failed to fetch Open Dental clinics from installation CLINIC_B: I/O error on GET request for "https://opendental-b.example.com/api/v1/clinics": opendental-b.example.com
2026-10-02 14:59:00.211 [scheduling-1] INFO  c.c.o.s.I.ReconciliationSyncService - RECON entity=clinics clinic=CLINIC_B inserted=0 updated=0 unchanged=0 stale=0 duplicates=0 failed=1
2026-10-02 14:59:00.211 [scheduling-1] ERROR c.c.o.s.I.ReconciliationSyncService - Failed to fetch patients from clinic CLINIC_B: I/O error on GET request for "https://opendental-b.example.com/api/v1/patients": opendental-b.example.com
2026-10-02 14:59:00.211 [scheduling-1] INFO  c.c.o.s.I.ReconciliationSyncService - RECON entity=patients clinic=CLINIC_B inserted=0 updated=0 unchanged=0 stale=0 duplicates=0 failed=1
2026-10-02 14:59:00.211 [scheduling-1] ERROR c.c.o.s.I.ReconciliationSyncService - Failed to fetch appointments from clinic CLINIC_B: I/O error on GET request for "https://opendental-b.example.com/api/v1/appointments": opendental-b.example.com
2026-10-02 14:59:00.212 [scheduling-1] INFO  c.c.o.s.I.ReconciliationSyncService - RECON entity=appointments clinic=CLINIC_B inserted=0 updated=0 unchanged=0 stale=0 duplicates=0 failed=1
2026-10-02 14:59:00.212 [scheduling-1] ERROR c.c.o.s.I.ReconciliationSyncService - Failed to fetch documents from clinic CLINIC_B: I/O error on GET request for "https://opendental-b.example.com/api/v1/patients": opendental-b.example.com
2026-10-02 14:59:00.212 [scheduling-1] INFO  c.c.o.s.I.ReconciliationSyncService - RECON entity=documents clinic=CLINIC_B inserted=0 updated=0 unchanged=0 stale=0 duplicates=0 failed=1
2026-10-02 14:59:00.212 [scheduling-1] ERROR c.c.o.s.I.ReconciliationSyncService - Failed to fetch procedure logs from clinic CLINIC_B: I/O error on GET request for "https://opendental-b.example.com/api/v1/procedurelogs": opendental-b.example.com
2026-10-02 14:59:00.213 [scheduling-1] INFO  c.c.o.s.I.ReconciliationSyncService - RECON entity=procedurelogs clinic=CLINIC_B inserted=0 updated=0 unchanged=0 stale=0 duplicates=0 failed=1
2026-10-02 14:59:00.213 [scheduling-1] ERROR c.c.o.s.I.ReconciliationSyncService - Failed to fetch pat_fields from clinic CLINIC_B: I/O error on GET request for "https://opendental-b.example.com/api/v1/patfields": opendental-b.example.com
2026-10-02 14:59:00.213 [scheduling-1] INFO  c.c.o.s.I.ReconciliationSyncService - RECON entity=patfields clinic=CLINIC_B inserted=0 updated=0 unchanged=0 stale=0 duplicates=0 failed=1
2026-10-02 14:59:00.213 [scheduling-1] ERROR c.c.o.s.I.ReconciliationSyncService - Failed to fetch schedules from clinic CLINIC_B: I/O error on GET request for "https://opendental-b.example.com/api/v1/schedules": opendental-b.example.com
2026-10-02 14:59:00.213 [scheduling-1] INFO  c.c.o.s.I.ReconciliationSyncService - RECON entity=schedules clinic=CLINIC_B inserted=0 updated=0 unchanged=0 stale=0 duplicates=0 failed=1
2026-10-02 14:59:00.214 [scheduling-1] ERROR c.c.o.s.I.ReconciliationSyncService - Failed to fetch tooth initials from clinic CLINIC_B: I/O error on GET request for "https://opendental-b.example.com/api/v1/toothinitial": opendental-b.example.com
2026-10-02 14:59:00.214 [scheduling-1] INFO  c.c.o.s.I.ReconciliationSyncService - RECON entity=toothinitials clinic=CLINIC_B inserted=0 updated=0 unchanged=0 stale=0 duplicates=0 failed=1
2026-10-02 14:59:00.214 [scheduling-1] ERROR c.c.o.s.I.ReconciliationSyncService - Failed to fetch providers from clinic CLINIC_B: I/O error on GET request for "https://opendental-b.example.com/api/v1/providers": opendental-b.example.com
2026-10-02 14:59:00.214 [scheduling-1] INFO  c.c.o.s.I.ReconciliationSyncService - RECON entity=providers clinic=CLINIC_B inserted=0 updated=0 unchanged=0 stale=0 duplicates=0 failed=1
2026-10-02 14:59:00.215 [scheduling-1] ERROR c.c.o.s.I.ReconciliationSyncService - Failed to fetch operatories from clinic CLINIC_B: I/O error on GET request for "https://opendental-b.example.com/api/v1/operatories": opendental-b.example.com
2026-10-02 14:59:00.215 [scheduling-1] INFO  c.c.o.s.I.ReconciliationSyncService - RECON entity=operatories clinic=CLINIC_B inserted=0 updated=0 unchanged=0 stale=0 duplicates=0 failed=1
2026-10-02 14:59:00.215 [scheduling-1] INFO  c.c.o.s.I.ReconciliationSyncService - Reconciliation for clinic CLINIC_B complete: 10 processed, 0 inserted, 0 updated, 0 unchanged, 0 stale, 0 duplicates, 10 failed
2026-10-02 14:59:00.215 [scheduling-1] INFO  c.c.o.s.I.ReconciliationSyncService - Reconciliation for clinic CLINIC_B complete: 0 synced, 10 failed
2026-10-02 14:59:00.217 [scheduling-1] ERROR c.c.o.s.I.ReconciliationSyncService - Failed to fetch Open Dental clinics from installation CLINIC_C: I/O error on GET request for "https://opendental-c.example.com/api/v1/clinics": opendental-c.example.com
2026-10-02 14:59:00.218 [scheduling-1] INFO  c.c.o.s.I.ReconciliationSyncService - RECON entity=clinics clinic=CLINIC_C inserted=0 updated=0 unchanged=0 stale=0 duplicates=0 failed=1
2026-10-02 14:59:00.218 [scheduling-1] ERROR c.c.o.s.I.ReconciliationSyncService - Failed to fetch patients from clinic CLINIC_C: I/O error on GET request for "https://opendental-c.example.com/api/v1/patients": opendental-c.example.com
2026-10-02 14:59:00.218 [scheduling-1] INFO  c.c.o.s.I.ReconciliationSyncService - RECON entity=patients clinic=CLINIC_C inserted=0 updated=0 unchanged=0 stale=0 duplicates=0 failed=1
2026-10-02 14:59:00.219 [scheduling-1] ERROR c.c.o.s.I.ReconciliationSyncService - Failed to fetch appointments from clinic CLINIC_C: I/O error on GET request for "https://opendental-c.example.com/api/v1/appointments": opendental-c.example.com
2026-10-02 14:59:00.219 [scheduling-1] INFO  c.c.o.s.I.ReconciliationSyncService - RECON entity=appointments clinic=CLINIC_C inserted=0 updated=0 unchanged=0 stale=0 duplicates=0 failed=1
2026-10-02 14:59:00.219 [scheduling-1] ERROR c.c.o.s.I.ReconciliationSyncService - Failed to fetch documents from clinic CLINIC_C: I/O error on GET request for "https://opendental-c.example.com/api/v1/patients": opendental-c.example.com
2026-10-02 14:59:00.219 [scheduling-1] INFO  c.c.o.s.I.ReconciliationSyncService - RECON entity=documents clinic=CLINIC_C inserted=0 updated=0 unchanged=0 stale=0 duplicates=0 failed=1
2026-10-02 14:59:00.220 [scheduling-1] ERROR c.c.o.s.I.ReconciliationSyncService - Failed to fetch procedure logs from clinic CLINIC_C: I/O error on GET request for "https://opendental-c.example.com/api/v1/procedurelogs": opendental-c.example.com
2026-10-02 14:59:00.220 [scheduling-1] INFO  c.c.o.s.I.ReconciliationSyncService - RECON entity=procedurelogs clinic=CLINIC_C inserted=0 updated=0 unchanged=0 stale=0 duplicates=0 failed=1
2026-10-02 14:59:00.220 [scheduling-1] ERROR c.c.o.s.I.ReconciliationSyncService - Failed to fetch pat_fields from clinic CLINIC_C: I/O error on GET request for "https://opendental-c.example.com/api/v1/patfields": opendental-c.example.com
2026-10-02 14:59:00.220 [scheduling-1] INFO  c.c.o.s.I.ReconciliationSyncService - RECON entity=patfields clinic=CLINIC_C inserted=0 updated=0 unchanged=0 stale=0 duplicates=0 failed=1
2026-10-02 14:59:00.220 [scheduling-1] ERROR c.c.o.s.I.ReconciliationSyncService - Failed to fetch schedules from clinic CLINIC_C: I/O error on GET request for "https://opendental-c.example.com/api/v1/schedules": opendental-c.example.com
2026-10-02 14:59:00.220 [scheduling-1] INFO  c.c.o.s.I.ReconciliationSyncService - RECON entity=schedules clinic=CLINIC_C inserted=0 updated=0 unchanged=0 stale=0 duplicates=0 failed=1
2026-10-02 14:59:00.221 [scheduling-1] ERROR c.c.o.s.I.ReconciliationSyncService - Failed to fetch tooth initials from clinic CLINIC_C: I/O error on GET request for "https://opendental-c.example.com/api/v1/toothinitial": opendental-c.example.com
2026-10-02 14:59:00.221 [scheduling-1] INFO  c.c.o.s.I.ReconciliationSyncService - RECON entity=toothinitials clinic=CLINIC_C inserted=0 updated=0 unchanged=0 stale=0 duplicates=0 failed=1
2026-10-02 14:59:00.221 [scheduling-1] ERROR c.c.o.s.I.ReconciliationSyncService - Failed to fetch providers from clinic CLINIC_C: I/O error on GET request for "https://opendental-c.example.com/api/v1/providers": opendental-c.example.com
2026-10-02 14:59:00.221 [scheduling-1] INFO  c.c.o.s.I.ReconciliationSyncService - RECON entity=providers clinic=CLINIC_C inserted=0 updated=0 unchanged=0 stale=0 duplicates=0 failed=1
2026-10-02 14:59:00.221 [scheduling-1] ERROR c.c.o.s.I.ReconciliationSyncService - Failed to fetch operatories from clinic CLINIC_C: I/O error on GET request for "https://opendental-c.example.com/api/v1/operatories": opendental-c.example.com
2026-10-02 14:59:00.222 [scheduling-1] INFO  c.c.o.s.I.ReconciliationSyncService - RECON entity=operatories clinic=CLINIC_C inserted=0 updated=0 unchanged=0 stale=0 duplicates=0 failed=1
2026-10-02 14:59:00.222 [scheduling-1] INFO  c.c.o.s.I.ReconciliationSyncService - Reconciliation for clinic CLINIC_C complete: 10 processed, 0 inserted, 0 updated, 0 unchanged, 0 stale, 0 duplicates, 10 failed
2026-10-02 14:59:00.222 [scheduling-1] INFO  c.c.o.s.I.ReconciliationSyncService - Reconciliation for clinic CLINIC_C complete: 0 synced, 10 failed
2026-10-02 14:59:00.222 [scheduling-1] INFO  c.c.o.s.I.ReconciliationSyncService - Reconciliation completed for 3 clinics (30 entities, 0 synced, 30 failed)
2026-10-02 14:59:00.222 [scheduling-1] INFO  c.c.o.s.ReconciliationScheduler - === Scheduled Reconciliation Complete: Reconciliation completed for 3 clinics (30 entities, 0 synced, 30 failed)
2026-10-02 14:59:00.222 [scheduling-1] INFO  c.c.o.s.ReconciliationScheduler - Scheduled reconciliation took 209 ms
2026-10-02 14:59:11.516 [http-nio-8080-exec-7] INFO  c.c.o.s.Impl.AppointmentServiceImpl - Fetching appointments with 0 filter(s)
2026-10-02 14:59:11.522 [http-nio-8080-exec-7] WARN  c.c.o.s.Impl.AppointmentServiceImpl - OpenDental API unavailable for appointments, falling back to database: 400 Bad Request: ""Malformed API request.""
2026-10-02 14:59:11.523 [http-nio-8080-exec-3] WARN  c.c.o.s.Impl.PatientServiceImpl - OpenDental API unavailable, falling back to database: 400 Bad Request: ""Malformed API request.""
2026-10-02 15:00:00.003 [scheduling-1] INFO  c.c.o.s.ReconciliationScheduler - === Scheduled Reconciliation Started ===
2026-10-02 15:00:00.193 [scheduling-1] ERROR c.c.o.s.I.ReconciliationSyncService - Failed to fetch Open Dental clinics from installation CLINIC_A: I/O error on GET request for "https://opendental-a.example.com/api/v1/clinics": opendental-a.example.com
2026-10-02 15:00:00.193 [scheduling-1] INFO  c.c.o.s.I.ReconciliationSyncService - RECON entity=clinics clinic=CLINIC_A inserted=0 updated=0 unchanged=0 stale=0 duplicates=0 failed=1
2026-10-02 15:00:00.193 [scheduling-1] ERROR c.c.o.s.I.ReconciliationSyncService - Failed to fetch patients from clinic CLINIC_A: I/O error on GET request for "https://opendental-a.example.com/api/v1/patients": opendental-a.example.com
2026-10-02 15:00:00.193 [scheduling-1] INFO  c.c.o.s.I.ReconciliationSyncService - RECON entity=patients clinic=CLINIC_A inserted=0 updated=0 unchanged=0 stale=0 duplicates=0 failed=1
2026-10-02 15:00:00.193 [scheduling-1] ERROR c.c.o.s.I.ReconciliationSyncService - Failed to fetch appointments from clinic CLINIC_A: I/O error on GET request for "https://opendental-a.example.com/api/v1/appointments": opendental-a.example.com
2026-10-02 15:00:00.194 [scheduling-1] INFO  c.c.o.s.I.ReconciliationSyncService - RECON entity=appointments clinic=CLINIC_A inserted=0 updated=0 unchanged=0 stale=0 duplicates=0 failed=1
2026-10-02 15:00:00.194 [scheduling-1] ERROR c.c.o.s.I.ReconciliationSyncService - Failed to fetch documents from clinic CLINIC_A: I/O error on GET request for "https://opendental-a.example.com/api/v1/patients": opendental-a.example.com
2026-10-02 15:00:00.194 [scheduling-1] INFO  c.c.o.s.I.ReconciliationSyncService - RECON entity=documents clinic=CLINIC_A inserted=0 updated=0 unchanged=0 stale=0 duplicates=0 failed=1
2026-10-02 15:00:00.194 [scheduling-1] ERROR c.c.o.s.I.ReconciliationSyncService - Failed to fetch procedure logs from clinic CLINIC_A: I/O error on GET request for "https://opendental-a.example.com/api/v1/procedurelogs": opendental-a.example.com
2026-10-02 15:00:00.194 [scheduling-1] INFO  c.c.o.s.I.ReconciliationSyncService - RECON entity=procedurelogs clinic=CLINIC_A inserted=0 updated=0 unchanged=0 stale=0 duplicates=0 failed=1
2026-10-02 15:00:00.194 [scheduling-1] ERROR c.c.o.s.I.ReconciliationSyncService - Failed to fetch pat_fields from clinic CLINIC_A: I/O error on GET request for "https://opendental-a.example.com/api/v1/patfields": opendental-a.example.com
2026-10-02 15:00:00.195 [scheduling-1] INFO  c.c.o.s.I.ReconciliationSyncService - RECON entity=patfields clinic=CLINIC_A inserted=0 updated=0 unchanged=0 stale=0 duplicates=0 failed=1
2026-10-02 15:00:00.195 [scheduling-1] ERROR c.c.o.s.I.ReconciliationSyncService - Failed to fetch schedules from clinic CLINIC_A: I/O error on GET request for "https://opendental-a.example.com/api/v1/schedules": opendental-a.example.com
2026-10-02 15:00:00.195 [scheduling-1] INFO  c.c.o.s.I.ReconciliationSyncService - RECON entity=schedules clinic=CLINIC_A inserted=0 updated=0 unchanged=0 stale=0 duplicates=0 failed=1
2026-10-02 15:00:00.195 [scheduling-1] ERROR c.c.o.s.I.ReconciliationSyncService - Failed to fetch tooth initials from clinic CLINIC_A: I/O error on GET request for "https://opendental-a.example.com/api/v1/toothinitial": opendental-a.example.com
2026-10-02 15:00:00.195 [scheduling-1] INFO  c.c.o.s.I.ReconciliationSyncService - RECON entity=toothinitials clinic=CLINIC_A inserted=0 updated=0 unchanged=0 stale=0 duplicates=0 failed=1
2026-10-02 15:00:00.196 [scheduling-1] ERROR c.c.o.s.I.ReconciliationSyncService - Failed to fetch providers from clinic CLINIC_A: I/O error on GET request for "https://opendental-a.example.com/api/v1/providers": opendental-a.example.com
2026-10-02 15:00:00.196 [scheduling-1] INFO  c.c.o.s.I.ReconciliationSyncService - RECON entity=providers clinic=CLINIC_A inserted=0 updated=0 unchanged=0 stale=0 duplicates=0 failed=1
2026-10-02 15:00:00.196 [scheduling-1] ERROR c.c.o.s.I.ReconciliationSyncService - Failed to fetch operatories from clinic CLINIC_A: I/O error on GET request for "https://opendental-a.example.com/api/v1/operatories": opendental-a.example.com
2026-10-02 15:00:00.196 [scheduling-1] INFO  c.c.o.s.I.ReconciliationSyncService - RECON entity=operatories clinic=CLINIC_A inserted=0 updated=0 unchanged=0 stale=0 duplicates=0 failed=1
2026-10-02 15:00:00.196 [scheduling-1] INFO  c.c.o.s.I.ReconciliationSyncService - Reconciliation for clinic CLINIC_A complete: 10 processed, 0 inserted, 0 updated, 0 unchanged, 0 stale, 0 duplicates, 10 failed
2026-10-02 15:00:00.196 [scheduling-1] INFO  c.c.o.s.I.ReconciliationSyncService - Reconciliation for clinic CLINIC_A complete: 0 synced, 10 failed
2026-10-02 15:00:00.198 [scheduling-1] ERROR c.c.o.s.I.ReconciliationSyncService - Failed to fetch Open Dental clinics from installation CLINIC_B: I/O error on GET request for "https://opendental-b.example.com/api/v1/clinics": opendental-b.example.com
2026-10-02 15:00:00.198 [scheduling-1] INFO  c.c.o.s.I.ReconciliationSyncService - RECON entity=clinics clinic=CLINIC_B inserted=0 updated=0 unchanged=0 stale=0 duplicates=0 failed=1
2026-10-02 15:00:00.198 [scheduling-1] ERROR c.c.o.s.I.ReconciliationSyncService - Failed to fetch patients from clinic CLINIC_B: I/O error on GET request for "https://opendental-b.example.com/api/v1/patients": opendental-b.example.com
2026-10-02 15:00:00.199 [scheduling-1] INFO  c.c.o.s.I.ReconciliationSyncService - RECON entity=patients clinic=CLINIC_B inserted=0 updated=0 unchanged=0 stale=0 duplicates=0 failed=1
2026-10-02 15:00:00.199 [scheduling-1] ERROR c.c.o.s.I.ReconciliationSyncService - Failed to fetch appointments from clinic CLINIC_B: I/O error on GET request for "https://opendental-b.example.com/api/v1/appointments": opendental-b.example.com
2026-10-02 15:00:00.199 [scheduling-1] INFO  c.c.o.s.I.ReconciliationSyncService - RECON entity=appointments clinic=CLINIC_B inserted=0 updated=0 unchanged=0 stale=0 duplicates=0 failed=1
2026-10-02 15:00:00.199 [scheduling-1] ERROR c.c.o.s.I.ReconciliationSyncService - Failed to fetch documents from clinic CLINIC_B: I/O error on GET request for "https://opendental-b.example.com/api/v1/patients": opendental-b.example.com
2026-10-02 15:00:00.199 [scheduling-1] INFO  c.c.o.s.I.ReconciliationSyncService - RECON entity=documents clinic=CLINIC_B inserted=0 updated=0 unchanged=0 stale=0 duplicates=0 failed=1
2026-10-02 15:00:00.200 [scheduling-1] ERROR c.c.o.s.I.ReconciliationSyncService - Failed to fetch procedure logs from clinic CLINIC_B: I/O error on GET request for "https://opendental-b.example.com/api/v1/procedurelogs": opendental-b.example.com
2026-10-02 15:00:00.200 [scheduling-1] INFO  c.c.o.s.I.ReconciliationSyncService - RECON entity=procedurelogs clinic=CLINIC_B inserted=0 updated=0 unchanged=0 stale=0 duplicates=0 failed=1
2026-10-02 15:00:00.200 [scheduling-1] ERROR c.c.o.s.I.ReconciliationSyncService - Failed to fetch pat_fields from clinic CLINIC_B: I/O error on GET request for "https://opendental-b.example.com/api/v1/patfields": opendental-b.example.com
2026-10-02 15:00:00.200 [scheduling-1] INFO  c.c.o.s.I.ReconciliationSyncService - RECON entity=patfields clinic=CLINIC_B inserted=0 updated=0 unchanged=0 stale=0 duplicates=0 failed=1
2026-10-02 15:00:00.201 [scheduling-1] ERROR c.c.o.s.I.ReconciliationSyncService - Failed to fetch schedules from clinic CLINIC_B: I/O error on GET request for "https://opendental-b.example.com/api/v1/schedules": opendental-b.example.com
2026-10-02 15:00:00.201 [scheduling-1] INFO  c.c.o.s.I.ReconciliationSyncService - RECON entity=schedules clinic=CLINIC_B inserted=0 updated=0 unchanged=0 stale=0 duplicates=0 failed=1
2026-10-02 15:00:00.201 [scheduling-1] ERROR c.c.o.s.I.ReconciliationSyncService - Failed to fetch tooth initials from clinic CLINIC_B: I/O error on GET request for "https://opendental-b.example.com/api/v1/toothinitial": opendental-b.example.com
2026-10-02 15:00:00.201 [scheduling-1] INFO  c.c.o.s.I.ReconciliationSyncService - RECON entity=toothinitials clinic=CLINIC_B inserted=0 updated=0 unchanged=0 stale=0 duplicates=0 failed=1
2026-10-02 15:00:00.201 [scheduling-1] ERROR c.c.o.s.I.ReconciliationSyncService - Failed to fetch providers from clinic CLINIC_B: I/O error on GET request for "https://opendental-b.example.com/api/v1/providers": opendental-b.example.com
2026-10-02 15:00:00.201 [scheduling-1] INFO  c.c.o.s.I.ReconciliationSyncService - RECON entity=providers clinic=CLINIC_B inserted=0 updated=0 unchanged=0 stale=0 duplicates=0 failed=1
2026-10-02 15:00:00.201 [scheduling-1] ERROR c.c.o.s.I.ReconciliationSyncService - Failed to fetch operatories from clinic CLINIC_B: I/O error on GET request for "https://opendental-b.example.com/api/v1/operatories": opendental-b.example.com
2026-10-02 15:00:00.202 [scheduling-1] INFO  c.c.o.s.I.ReconciliationSyncService - RECON entity=operatories clinic=CLINIC_B inserted=0 updated=0 unchanged=0 stale=0 duplicates=0 failed=1
2026-10-02 15:00:00.202 [scheduling-1] INFO  c.c.o.s.I.ReconciliationSyncService - Reconciliation for clinic CLINIC_B complete: 10 processed, 0 inserted, 0 updated, 0 unchanged, 0 stale, 0 duplicates, 10 failed
2026-10-02 15:00:00.202 [scheduling-1] INFO  c.c.o.s.I.ReconciliationSyncService - Reconciliation for clinic CLINIC_B complete: 0 synced, 10 failed
2026-10-02 15:00:00.205 [scheduling-1] ERROR c.c.o.s.I.ReconciliationSyncService - Failed to fetch Open Dental clinics from installation CLINIC_C: I/O error on GET request for "https://opendental-c.example.com/api/v1/clinics": opendental-c.example.com
2026-10-02 15:00:00.205 [scheduling-1] INFO  c.c.o.s.I.ReconciliationSyncService - RECON entity=clinics clinic=CLINIC_C inserted=0 updated=0 unchanged=0 stale=0 duplicates=0 failed=1
2026-10-02 15:00:00.205 [scheduling-1] ERROR c.c.o.s.I.ReconciliationSyncService - Failed to fetch patients from clinic CLINIC_C: I/O error on GET request for "https://opendental-c.example.com/api/v1/patients": opendental-c.example.com
2026-10-02 15:00:00.205 [scheduling-1] INFO  c.c.o.s.I.ReconciliationSyncService - RECON entity=patients clinic=CLINIC_C inserted=0 updated=0 unchanged=0 stale=0 duplicates=0 failed=1
2026-10-02 15:00:00.205 [scheduling-1] ERROR c.c.o.s.I.ReconciliationSyncService - Failed to fetch appointments from clinic CLINIC_C: I/O error on GET request for "https://opendental-c.example.com/api/v1/appointments": opendental-c.example.com
2026-10-02 15:00:00.205 [scheduling-1] INFO  c.c.o.s.I.ReconciliationSyncService - RECON entity=appointments clinic=CLINIC_C inserted=0 updated=0 unchanged=0 stale=0 duplicates=0 failed=1
2026-10-02 15:00:00.206 [scheduling-1] ERROR c.c.o.s.I.ReconciliationSyncService - Failed to fetch documents from clinic CLINIC_C: I/O error on GET request for "https://opendental-c.example.com/api/v1/patients": opendental-c.example.com
2026-10-02 15:00:00.206 [scheduling-1] INFO  c.c.o.s.I.ReconciliationSyncService - RECON entity=documents clinic=CLINIC_C inserted=0 updated=0 unchanged=0 stale=0 duplicates=0 failed=1
2026-10-02 15:00:00.206 [scheduling-1] ERROR c.c.o.s.I.ReconciliationSyncService - Failed to fetch procedure logs from clinic CLINIC_C: I/O error on GET request for "https://opendental-c.example.com/api/v1/procedurelogs": opendental-c.example.com
2026-10-02 15:00:00.206 [scheduling-1] INFO  c.c.o.s.I.ReconciliationSyncService - RECON entity=procedurelogs clinic=CLINIC_C inserted=0 updated=0 unchanged=0 stale=0 duplicates=0 failed=1
2026-10-02 15:00:00.206 [scheduling-1] ERROR c.c.o.s.I.ReconciliationSyncService - Failed to fetch pat_fields from clinic CLINIC_C: I/O error on GET request for "https://opendental-c.example.com/api/v1/patfields": opendental-c.example.com
2026-10-02 15:00:00.206 [scheduling-1] INFO  c.c.o.s.I.ReconciliationSyncService - RECON entity=patfields clinic=CLINIC_C inserted=0 updated=0 unchanged=0 stale=0 duplicates=0 failed=1
2026-10-02 15:00:00.207 [scheduling-1] ERROR c.c.o.s.I.ReconciliationSyncService - Failed to fetch schedules from clinic CLINIC_C: I/O error on GET request for "https://opendental-c.example.com/api/v1/schedules": opendental-c.example.com
2026-10-02 15:00:00.207 [scheduling-1] INFO  c.c.o.s.I.ReconciliationSyncService - RECON entity=schedules clinic=CLINIC_C inserted=0 updated=0 unchanged=0 stale=0 duplicates=0 failed=1
2026-10-02 15:00:00.207 [scheduling-1] ERROR c.c.o.s.I.ReconciliationSyncService - Failed to fetch tooth initials from clinic CLINIC_C: I/O error on GET request for "https://opendental-c.example.com/api/v1/toothinitial": opendental-c.example.com
2026-10-02 15:00:00.207 [scheduling-1] INFO  c.c.o.s.I.ReconciliationSyncService - RECON entity=toothinitials clinic=CLINIC_C inserted=0 updated=0 unchanged=0 stale=0 duplicates=0 failed=1
2026-10-02 15:00:00.208 [scheduling-1] ERROR c.c.o.s.I.ReconciliationSyncService - Failed to fetch providers from clinic CLINIC_C: I/O error on GET request for "https://opendental-c.example.com/api/v1/providers": opendental-c.example.com
2026-10-02 15:00:00.208 [scheduling-1] INFO  c.c.o.s.I.ReconciliationSyncService - RECON entity=providers clinic=CLINIC_C inserted=0 updated=0 unchanged=0 stale=0 duplicates=0 failed=1
2026-10-02 15:00:00.208 [scheduling-1] ERROR c.c.o.s.I.ReconciliationSyncService - Failed to fetch operatories from clinic CLINIC_C: I/O error on GET request for "https://opendental-c.example.com/api/v1/operatories": opendental-c.example.com
2026-10-02 15:00:00.208 [scheduling-1] INFO  c.c.o.s.I.ReconciliationSyncService - RECON entity=operatories clinic=CLINIC_C inserted=0 updated=0 unchanged=0 stale=0 duplicates=0 failed=1
2026-10-02 15:00:00.208 [scheduling-1] INFO  c.c.o.s.I.ReconciliationSyncService - Reconciliation for clinic CLINIC_C complete: 10 processed, 0 inserted, 0 updated, 0 unchanged, 0 stale, 0 duplicates, 10 failed
2026-10-02 15:00:00.208 [scheduling-1] INFO  c.c.o.s.I.ReconciliationSyncService - Reconciliation for clinic CLINIC_C complete: 0 synced, 10 failed
2026-10-02 15:00:00.208 [scheduling-1] INFO  c.c.o.s.I.ReconciliationSyncService - Reconciliation completed for 3 clinics (30 entities, 0 synced, 30 failed)
2026-10-02 15:00:00.208 [scheduling-1] INFO  c.c.o.s.ReconciliationScheduler - === Scheduled Reconciliation Complete: Reconciliation completed for 3 clinics (30 entities, 0 synced, 30 failed)
2026-10-02 15:00:00.208 [scheduling-1] INFO  c.c.o.s.ReconciliationScheduler - Scheduled reconciliation took 204 ms
2026-10-02 15:00:11.530 [http-nio-8080-exec-6] WARN  c.c.o.s.Impl.PatientServiceImpl - OpenDental API unavailable, falling back to database: 400 Bad Request: ""Malformed API request.""
2026-10-02 15:00:11.541 [http-nio-8080-exec-8] INFO  c.c.o.s.Impl.AppointmentServiceImpl - Fetching appointments with 0 filter(s)
2026-10-02 15:00:11.543 [http-nio-8080-exec-8] WARN  c.c.o.s.Impl.AppointmentServiceImpl - OpenDental API unavailable for appointments, falling back to database: 400 Bad Request: ""Malformed API request.""
2026-10-02 15:00:22.354 [http-nio-8080-exec-10] WARN  c.c.o.s.Impl.PatientServiceImpl - OpenDental API unavailable, falling back to database: 400 Bad Request: ""Malformed API request.""
2026-10-02 15:00:22.361 [http-nio-8080-exec-9] INFO  c.c.o.s.Impl.AppointmentServiceImpl - Fetching appointments with 0 filter(s)
2026-10-02 15:00:22.362 [http-nio-8080-exec-9] WARN  c.c.o.s.Impl.AppointmentServiceImpl - OpenDental API unavailable for appointments, falling back to database: 400 Bad Request: ""Malformed API request.""
2026-10-02 15:00:38.705 [http-nio-8080-exec-5] INFO  o.s.api.AbstractOpenApiResource - Init duration for springdoc-openapi is: 470 ms
2026-10-02 15:01:00.005 [scheduling-1] INFO  c.c.o.s.ReconciliationScheduler - === Scheduled Reconciliation Started ===
2026-10-02 15:01:00.211 [scheduling-1] ERROR c.c.o.s.I.ReconciliationSyncService - Failed to fetch Open Dental clinics from installation CLINIC_A: I/O error on GET request for "https://opendental-a.example.com/api/v1/clinics": opendental-a.example.com
2026-10-02 15:01:00.212 [scheduling-1] INFO  c.c.o.s.I.ReconciliationSyncService - RECON entity=clinics clinic=CLINIC_A inserted=0 updated=0 unchanged=0 stale=0 duplicates=0 failed=1
2026-10-02 15:01:00.213 [scheduling-1] ERROR c.c.o.s.I.ReconciliationSyncService - Failed to fetch patients from clinic CLINIC_A: I/O error on GET request for "https://opendental-a.example.com/api/v1/patients": opendental-a.example.com
2026-10-02 15:01:00.213 [scheduling-1] INFO  c.c.o.s.I.ReconciliationSyncService - RECON entity=patients clinic=CLINIC_A inserted=0 updated=0 unchanged=0 stale=0 duplicates=0 failed=1
2026-10-02 15:01:00.214 [scheduling-1] ERROR c.c.o.s.I.ReconciliationSyncService - Failed to fetch appointments from clinic CLINIC_A: I/O error on GET request for "https://opendental-a.example.com/api/v1/appointments": opendental-a.example.com
2026-10-02 15:01:00.215 [scheduling-1] INFO  c.c.o.s.I.ReconciliationSyncService - RECON entity=appointments clinic=CLINIC_A inserted=0 updated=0 unchanged=0 stale=0 duplicates=0 failed=1
2026-10-02 15:01:00.215 [scheduling-1] ERROR c.c.o.s.I.ReconciliationSyncService - Failed to fetch documents from clinic CLINIC_A: I/O error on GET request for "https://opendental-a.example.com/api/v1/patients": opendental-a.example.com
2026-10-02 15:01:00.215 [scheduling-1] INFO  c.c.o.s.I.ReconciliationSyncService - RECON entity=documents clinic=CLINIC_A inserted=0 updated=0 unchanged=0 stale=0 duplicates=0 failed=1
2026-10-02 15:01:00.216 [scheduling-1] ERROR c.c.o.s.I.ReconciliationSyncService - Failed to fetch procedure logs from clinic CLINIC_A: I/O error on GET request for "https://opendental-a.example.com/api/v1/procedurelogs": opendental-a.example.com
2026-10-02 15:01:00.216 [scheduling-1] INFO  c.c.o.s.I.ReconciliationSyncService - RECON entity=procedurelogs clinic=CLINIC_A inserted=0 updated=0 unchanged=0 stale=0 duplicates=0 failed=1
2026-10-02 15:01:00.216 [scheduling-1] ERROR c.c.o.s.I.ReconciliationSyncService - Failed to fetch pat_fields from clinic CLINIC_A: I/O error on GET request for "https://opendental-a.example.com/api/v1/patfields": opendental-a.example.com
2026-10-02 15:01:00.216 [scheduling-1] INFO  c.c.o.s.I.ReconciliationSyncService - RECON entity=patfields clinic=CLINIC_A inserted=0 updated=0 unchanged=0 stale=0 duplicates=0 failed=1
2026-10-02 15:01:00.217 [scheduling-1] ERROR c.c.o.s.I.ReconciliationSyncService - Failed to fetch schedules from clinic CLINIC_A: I/O error on GET request for "https://opendental-a.example.com/api/v1/schedules": opendental-a.example.com
2026-10-02 15:01:00.217 [scheduling-1] INFO  c.c.o.s.I.ReconciliationSyncService - RECON entity=schedules clinic=CLINIC_A inserted=0 updated=0 unchanged=0 stale=0 duplicates=0 failed=1
2026-10-02 15:01:00.217 [scheduling-1] ERROR c.c.o.s.I.ReconciliationSyncService - Failed to fetch tooth initials from clinic CLINIC_A: I/O error on GET request for "https://opendental-a.example.com/api/v1/toothinitial": opendental-a.example.com
2026-10-02 15:01:00.217 [scheduling-1] INFO  c.c.o.s.I.ReconciliationSyncService - RECON entity=toothinitials clinic=CLINIC_A inserted=0 updated=0 unchanged=0 stale=0 duplicates=0 failed=1
2026-10-02 15:01:00.218 [scheduling-1] ERROR c.c.o.s.I.ReconciliationSyncService - Failed to fetch providers from clinic CLINIC_A: I/O error on GET request for "https://opendental-a.example.com/api/v1/providers": opendental-a.example.com
2026-10-02 15:01:00.218 [scheduling-1] INFO  c.c.o.s.I.ReconciliationSyncService - RECON entity=providers clinic=CLINIC_A inserted=0 updated=0 unchanged=0 stale=0 duplicates=0 failed=1
2026-10-02 15:01:00.218 [scheduling-1] ERROR c.c.o.s.I.ReconciliationSyncService - Failed to fetch operatories from clinic CLINIC_A: I/O error on GET request for "https://opendental-a.example.com/api/v1/operatories": opendental-a.example.com
2026-10-02 15:01:00.219 [scheduling-1] INFO  c.c.o.s.I.ReconciliationSyncService - RECON entity=operatories clinic=CLINIC_A inserted=0 updated=0 unchanged=0 stale=0 duplicates=0 failed=1
2026-10-02 15:01:00.219 [scheduling-1] INFO  c.c.o.s.I.ReconciliationSyncService - Reconciliation for clinic CLINIC_A complete: 10 processed, 0 inserted, 0 updated, 0 unchanged, 0 stale, 0 duplicates, 10 failed
2026-10-02 15:01:00.219 [scheduling-1] INFO  c.c.o.s.I.ReconciliationSyncService - Reconciliation for clinic CLINIC_A complete: 0 synced, 10 failed
2026-10-02 15:01:00.220 [scheduling-1] ERROR c.c.o.s.I.ReconciliationSyncService - Failed to fetch Open Dental clinics from installation CLINIC_B: I/O error on GET request for "https://opendental-b.example.com/api/v1/clinics": opendental-b.example.com
2026-10-02 15:01:00.221 [scheduling-1] INFO  c.c.o.s.I.ReconciliationSyncService - RECON entity=clinics clinic=CLINIC_B inserted=0 updated=0 unchanged=0 stale=0 duplicates=0 failed=1
2026-10-02 15:01:00.221 [scheduling-1] ERROR c.c.o.s.I.ReconciliationSyncService - Failed to fetch patients from clinic CLINIC_B: I/O error on GET request for "https://opendental-b.example.com/api/v1/patients": opendental-b.example.com
2026-10-02 15:01:00.221 [scheduling-1] INFO  c.c.o.s.I.ReconciliationSyncService - RECON entity=patients clinic=CLINIC_B inserted=0 updated=0 unchanged=0 stale=0 duplicates=0 failed=1
2026-10-02 15:01:00.221 [scheduling-1] ERROR c.c.o.s.I.ReconciliationSyncService - Failed to fetch appointments from clinic CLINIC_B: I/O error on GET request for "https://opendental-b.example.com/api/v1/appointments": opendental-b.example.com
2026-10-02 15:01:00.221 [scheduling-1] INFO  c.c.o.s.I.ReconciliationSyncService - RECON entity=appointments clinic=CLINIC_B inserted=0 updated=0 unchanged=0 stale=0 duplicates=0 failed=1
2026-10-02 15:01:00.221 [scheduling-1] ERROR c.c.o.s.I.ReconciliationSyncService - Failed to fetch documents from clinic CLINIC_B: I/O error on GET request for "https://opendental-b.example.com/api/v1/patients": opendental-b.example.com
2026-10-02 15:01:00.222 [scheduling-1] INFO  c.c.o.s.I.ReconciliationSyncService - RECON entity=documents clinic=CLINIC_B inserted=0 updated=0 unchanged=0 stale=0 duplicates=0 failed=1
2026-10-02 15:01:00.222 [scheduling-1] ERROR c.c.o.s.I.ReconciliationSyncService - Failed to fetch procedure logs from clinic CLINIC_B: I/O error on GET request for "https://opendental-b.example.com/api/v1/procedurelogs": opendental-b.example.com
2026-10-02 15:01:00.222 [scheduling-1] INFO  c.c.o.s.I.ReconciliationSyncService - RECON entity=procedurelogs clinic=CLINIC_B inserted=0 updated=0 unchanged=0 stale=0 duplicates=0 failed=1
2026-10-02 15:01:00.222 [scheduling-1] ERROR c.c.o.s.I.ReconciliationSyncService - Failed to fetch pat_fields from clinic CLINIC_B: I/O error on GET request for "https://opendental-b.example.com/api/v1/patfields": opendental-b.example.com
2026-10-02 15:01:00.222 [scheduling-1] INFO  c.c.o.s.I.ReconciliationSyncService - RECON entity=patfields clinic=CLINIC_B inserted=0 updated=0 unchanged=0 stale=0 duplicates=0 failed=1
2026-10-02 15:01:00.222 [scheduling-1] ERROR c.c.o.s.I.ReconciliationSyncService - Failed to fetch schedules from clinic CLINIC_B: I/O error on GET request for "https://opendental-b.example.com/api/v1/schedules": opendental-b.example.com
2026-10-02 15:01:00.222 [scheduling-1] INFO  c.c.o.s.I.ReconciliationSyncService - RECON entity=schedules clinic=CLINIC_B inserted=0 updated=0 unchanged=0 stale=0 duplicates=0 failed=1
2026-10-02 15:01:00.223 [scheduling-1] ERROR c.c.o.s.I.ReconciliationSyncService - Failed to fetch tooth initials from clinic CLINIC_B: I/O error on GET request for "https://opendental-b.example.com/api/v1/toothinitial": opendental-b.example.com
2026-10-02 15:01:00.223 [scheduling-1] INFO  c.c.o.s.I.ReconciliationSyncService - RECON entity=toothinitials clinic=CLINIC_B inserted=0 updated=0 unchanged=0 stale=0 duplicates=0 failed=1
2026-10-02 15:01:00.223 [scheduling-1] ERROR c.c.o.s.I.ReconciliationSyncService - Failed to fetch providers from clinic CLINIC_B: I/O error on GET request for "https://opendental-b.example.com/api/v1/providers": opendental-b.example.com
2026-10-02 15:01:00.223 [scheduling-1] INFO  c.c.o.s.I.ReconciliationSyncService - RECON entity=providers clinic=CLINIC_B inserted=0 updated=0 unchanged=0 stale=0 duplicates=0 failed=1
2026-10-02 15:01:00.223 [scheduling-1] ERROR c.c.o.s.I.ReconciliationSyncService - Failed to fetch operatories from clinic CLINIC_B: I/O error on GET request for "https://opendental-b.example.com/api/v1/operatories": opendental-b.example.com
2026-10-02 15:01:00.224 [scheduling-1] INFO  c.c.o.s.I.ReconciliationSyncService - RECON entity=operatories clinic=CLINIC_B inserted=0 updated=0 unchanged=0 stale=0 duplicates=0 failed=1
2026-10-02 15:01:00.224 [scheduling-1] INFO  c.c.o.s.I.ReconciliationSyncService - Reconciliation for clinic CLINIC_B complete: 10 processed, 0 inserted, 0 updated, 0 unchanged, 0 stale, 0 duplicates, 10 failed
2026-10-02 15:01:00.224 [scheduling-1] INFO  c.c.o.s.I.ReconciliationSyncService - Reconciliation for clinic CLINIC_B complete: 0 synced, 10 failed
2026-10-02 15:01:00.226 [scheduling-1] ERROR c.c.o.s.I.ReconciliationSyncService - Failed to fetch Open Dental clinics from installation CLINIC_C: I/O error on GET request for "https://opendental-c.example.com/api/v1/clinics": opendental-c.example.com
2026-10-02 15:01:00.226 [scheduling-1] INFO  c.c.o.s.I.ReconciliationSyncService - RECON entity=clinics clinic=CLINIC_C inserted=0 updated=0 unchanged=0 stale=0 duplicates=0 failed=1
2026-10-02 15:01:00.226 [scheduling-1] ERROR c.c.o.s.I.ReconciliationSyncService - Failed to fetch patients from clinic CLINIC_C: I/O error on GET request for "https://opendental-c.example.com/api/v1/patients": opendental-c.example.com
2026-10-02 15:01:00.226 [scheduling-1] INFO  c.c.o.s.I.ReconciliationSyncService - RECON entity=patients clinic=CLINIC_C inserted=0 updated=0 unchanged=0 stale=0 duplicates=0 failed=1
2026-10-02 15:01:00.226 [scheduling-1] ERROR c.c.o.s.I.ReconciliationSyncService - Failed to fetch appointments from clinic CLINIC_C: I/O error on GET request for "https://opendental-c.example.com/api/v1/appointments": opendental-c.example.com
2026-10-02 15:01:00.226 [scheduling-1] INFO  c.c.o.s.I.ReconciliationSyncService - RECON entity=appointments clinic=CLINIC_C inserted=0 updated=0 unchanged=0 stale=0 duplicates=0 failed=1
2026-10-02 15:01:00.226 [scheduling-1] ERROR c.c.o.s.I.ReconciliationSyncService - Failed to fetch documents from clinic CLINIC_C: I/O error on GET request for "https://opendental-c.example.com/api/v1/patients": opendental-c.example.com
2026-10-02 15:01:00.226 [scheduling-1] INFO  c.c.o.s.I.ReconciliationSyncService - RECON entity=documents clinic=CLINIC_C inserted=0 updated=0 unchanged=0 stale=0 duplicates=0 failed=1
2026-10-02 15:01:00.227 [scheduling-1] ERROR c.c.o.s.I.ReconciliationSyncService - Failed to fetch procedure logs from clinic CLINIC_C: I/O error on GET request for "https://opendental-c.example.com/api/v1/procedurelogs": opendental-c.example.com
2026-10-02 15:01:00.227 [scheduling-1] INFO  c.c.o.s.I.ReconciliationSyncService - RECON entity=procedurelogs clinic=CLINIC_C inserted=0 updated=0 unchanged=0 stale=0 duplicates=0 failed=1
2026-10-02 15:01:00.227 [scheduling-1] ERROR c.c.o.s.I.ReconciliationSyncService - Failed to fetch pat_fields from clinic CLINIC_C: I/O error on GET request for "https://opendental-c.example.com/api/v1/patfields": opendental-c.example.com
2026-10-02 15:01:00.227 [scheduling-1] INFO  c.c.o.s.I.ReconciliationSyncService - RECON entity=patfields clinic=CLINIC_C inserted=0 updated=0 unchanged=0 stale=0 duplicates=0 failed=1
2026-10-02 15:01:00.227 [scheduling-1] ERROR c.c.o.s.I.ReconciliationSyncService - Failed to fetch schedules from clinic CLINIC_C: I/O error on GET request for "https://opendental-c.example.com/api/v1/schedules": opendental-c.example.com
2026-10-02 15:01:00.227 [scheduling-1] INFO  c.c.o.s.I.ReconciliationSyncService - RECON entity=schedules clinic=CLINIC_C inserted=0 updated=0 unchanged=0 stale=0 duplicates=0 failed=1
2026-10-02 15:01:00.228 [scheduling-1] ERROR c.c.o.s.I.ReconciliationSyncService - Failed to fetch tooth initials from clinic CLINIC_C: I/O error on GET request for "https://opendental-c.example.com/api/v1/toothinitial": opendental-c.example.com
2026-10-02 15:01:00.228 [scheduling-1] INFO  c.c.o.s.I.ReconciliationSyncService - RECON entity=toothinitials clinic=CLINIC_C inserted=0 updated=0 unchanged=0 stale=0 duplicates=0 failed=1
2026-10-02 15:01:00.228 [scheduling-1] ERROR c.c.o.s.I.ReconciliationSyncService - Failed to fetch providers from clinic CLINIC_C: I/O error on GET request for "https://opendental-c.example.com/api/v1/providers": opendental-c.example.com
2026-10-02 15:01:00.228 [scheduling-1] INFO  c.c.o.s.I.ReconciliationSyncService - RECON entity=providers clinic=CLINIC_C inserted=0 updated=0 unchanged=0 stale=0 duplicates=0 failed=1
2026-10-02 15:01:00.228 [scheduling-1] ERROR c.c.o.s.I.ReconciliationSyncService - Failed to fetch operatories from clinic CLINIC_C: I/O error on GET request for "https://opendental-c.example.com/api/v1/operatories": opendental-c.example.com
2026-10-02 15:01:00.228 [scheduling-1] INFO  c.c.o.s.I.ReconciliationSyncService - RECON entity=operatories clinic=CLINIC_C inserted=0 updated=0 unchanged=0 stale=0 duplicates=0 failed=1
2026-10-02 15:01:00.228 [scheduling-1] INFO  c.c.o.s.I.ReconciliationSyncService - Reconciliation for clinic CLINIC_C complete: 10 processed, 0 inserted, 0 updated, 0 unchanged, 0 stale, 0 duplicates, 10 failed
2026-10-02 15:01:00.228 [scheduling-1] INFO  c.c.o.s.I.ReconciliationSyncService - Reconciliation for clinic CLINIC_C complete: 0 synced, 10 failed
2026-10-02 15:01:00.228 [scheduling-1] INFO  c.c.o.s.I.ReconciliationSyncService - Reconciliation completed for 3 clinics (30 entities, 0 synced, 30 failed)
2026-10-02 15:01:00.229 [scheduling-1] INFO  c.c.o.s.ReconciliationScheduler - === Scheduled Reconciliation Complete: Reconciliation completed for 3 clinics (30 entities, 0 synced, 30 failed)
2026-10-02 15:01:00.229 [scheduling-1] INFO  c.c.o.s.ReconciliationScheduler - Scheduled reconciliation took 223 ms
2026-10-02 15:01:03.181 [http-nio-8080-exec-10] INFO  c.c.o.s.Impl.AppointmentServiceImpl - Fetching appointments with 0 filter(s)
2026-10-02 15:01:03.183 [http-nio-8080-exec-10] WARN  c.c.o.s.Impl.AppointmentServiceImpl - OpenDental API unavailable for appointments, falling back to database: 400 Bad Request: ""Malformed API request.""
2026-10-02 15:01:03.190 [http-nio-8080-exec-8] WARN  c.c.o.s.Impl.PatientServiceImpl - OpenDental API unavailable, falling back to database: 400 Bad Request: ""Malformed API request.""
2026-10-02 15:01:07.172 [http-nio-8080-exec-1] INFO  c.c.o.s.Impl.AppointmentServiceImpl - Fetching appointments with 0 filter(s)
2026-10-02 15:01:07.174 [http-nio-8080-exec-1] WARN  c.c.o.s.Impl.AppointmentServiceImpl - OpenDental API unavailable for appointments, falling back to database: 400 Bad Request: ""Malformed API request.""
2026-10-02 15:01:07.180 [http-nio-8080-exec-9] WARN  c.c.o.s.Impl.PatientServiceImpl - OpenDental API unavailable, falling back to database: 400 Bad Request: ""Malformed API request.""
2026-10-02 15:01:07.959 [http-nio-8080-exec-5] INFO  c.c.o.s.Impl.AppointmentServiceImpl - Fetching appointments with 0 filter(s)
2026-10-02 15:01:07.961 [http-nio-8080-exec-5] WARN  c.c.o.s.Impl.AppointmentServiceImpl - OpenDental API unavailable for appointments, falling back to database: 400 Bad Request: ""Malformed API request.""
2026-10-02 15:01:07.966 [http-nio-8080-exec-2] WARN  c.c.o.s.Impl.PatientServiceImpl - OpenDental API unavailable, falling back to database: 400 Bad Request: ""Malformed API request.""
2026-10-02 15:01:08.433 [http-nio-8080-exec-3] INFO  c.c.o.s.Impl.AppointmentServiceImpl - Fetching appointments with 0 filter(s)
2026-10-02 15:01:08.435 [http-nio-8080-exec-7] WARN  c.c.o.s.Impl.PatientServiceImpl - OpenDental API unavailable, falling back to database: 400 Bad Request: ""Malformed API request.""
2026-10-02 15:01:08.436 [http-nio-8080-exec-3] WARN  c.c.o.s.Impl.AppointmentServiceImpl - OpenDental API unavailable for appointments, falling back to database: 400 Bad Request: ""Malformed API request.""
2026-10-02 15:01:08.778 [http-nio-8080-exec-6] INFO  c.c.o.s.Impl.AppointmentServiceImpl - Fetching appointments with 0 filter(s)
2026-10-02 15:01:08.781 [http-nio-8080-exec-4] WARN  c.c.o.s.Impl.PatientServiceImpl - OpenDental API unavailable, falling back to database: 400 Bad Request: ""Malformed API request.""
2026-10-02 15:01:08.781 [http-nio-8080-exec-6] WARN  c.c.o.s.Impl.AppointmentServiceImpl - OpenDental API unavailable for appointments, falling back to database: 400 Bad Request: ""Malformed API request.""
2026-10-02 15:02:00.006 [scheduling-1] INFO  c.c.o.s.ReconciliationScheduler - === Scheduled Reconciliation Started ===
2026-10-02 15:02:00.197 [scheduling-1] ERROR c.c.o.s.I.ReconciliationSyncService - Failed to fetch Open Dental clinics from installation CLINIC_A: I/O error on GET request for "https://opendental-a.example.com/api/v1/clinics": opendental-a.example.com
2026-10-02 15:02:00.198 [scheduling-1] INFO  c.c.o.s.I.ReconciliationSyncService - RECON entity=clinics clinic=CLINIC_A inserted=0 updated=0 unchanged=0 stale=0 duplicates=0 failed=1
2026-10-02 15:02:00.198 [scheduling-1] ERROR c.c.o.s.I.ReconciliationSyncService - Failed to fetch patients from clinic CLINIC_A: I/O error on GET request for "https://opendental-a.example.com/api/v1/patients": opendental-a.example.com
2026-10-02 15:02:00.198 [scheduling-1] INFO  c.c.o.s.I.ReconciliationSyncService - RECON entity=patients clinic=CLINIC_A inserted=0 updated=0 unchanged=0 stale=0 duplicates=0 failed=1
2026-10-02 15:02:00.199 [scheduling-1] ERROR c.c.o.s.I.ReconciliationSyncService - Failed to fetch appointments from clinic CLINIC_A: I/O error on GET request for "https://opendental-a.example.com/api/v1/appointments": opendental-a.example.com
2026-10-02 15:02:00.199 [scheduling-1] INFO  c.c.o.s.I.ReconciliationSyncService - RECON entity=appointments clinic=CLINIC_A inserted=0 updated=0 unchanged=0 stale=0 duplicates=0 failed=1
2026-10-02 15:02:00.199 [scheduling-1] ERROR c.c.o.s.I.ReconciliationSyncService - Failed to fetch documents from clinic CLINIC_A: I/O error on GET request for "https://opendental-a.example.com/api/v1/patients": opendental-a.example.com
2026-10-02 15:02:00.199 [scheduling-1] INFO  c.c.o.s.I.ReconciliationSyncService - RECON entity=documents clinic=CLINIC_A inserted=0 updated=0 unchanged=0 stale=0 duplicates=0 failed=1
2026-10-02 15:02:00.199 [scheduling-1] ERROR c.c.o.s.I.ReconciliationSyncService - Failed to fetch procedure logs from clinic CLINIC_A: I/O error on GET request for "https://opendental-a.example.com/api/v1/procedurelogs": opendental-a.example.com
2026-10-02 15:02:00.199 [scheduling-1] INFO  c.c.o.s.I.ReconciliationSyncService - RECON entity=procedurelogs clinic=CLINIC_A inserted=0 updated=0 unchanged=0 stale=0 duplicates=0 failed=1
2026-10-02 15:02:00.201 [scheduling-1] ERROR c.c.o.s.I.ReconciliationSyncService - Failed to fetch pat_fields from clinic CLINIC_A: I/O error on GET request for "https://opendental-a.example.com/api/v1/patfields": opendental-a.example.com
2026-10-02 15:02:00.201 [scheduling-1] INFO  c.c.o.s.I.ReconciliationSyncService - RECON entity=patfields clinic=CLINIC_A inserted=0 updated=0 unchanged=0 stale=0 duplicates=0 failed=1
2026-10-02 15:02:00.201 [scheduling-1] ERROR c.c.o.s.I.ReconciliationSyncService - Failed to fetch schedules from clinic CLINIC_A: I/O error on GET request for "https://opendental-a.example.com/api/v1/schedules": opendental-a.example.com
2026-10-02 15:02:00.201 [scheduling-1] INFO  c.c.o.s.I.ReconciliationSyncService - RECON entity=schedules clinic=CLINIC_A inserted=0 updated=0 unchanged=0 stale=0 duplicates=0 failed=1
2026-10-02 15:02:00.202 [scheduling-1] ERROR c.c.o.s.I.ReconciliationSyncService - Failed to fetch tooth initials from clinic CLINIC_A: I/O error on GET request for "https://opendental-a.example.com/api/v1/toothinitial": opendental-a.example.com
2026-10-02 15:02:00.202 [scheduling-1] INFO  c.c.o.s.I.ReconciliationSyncService - RECON entity=toothinitials clinic=CLINIC_A inserted=0 updated=0 unchanged=0 stale=0 duplicates=0 failed=1
2026-10-02 15:02:00.202 [scheduling-1] ERROR c.c.o.s.I.ReconciliationSyncService - Failed to fetch providers from clinic CLINIC_A: I/O error on GET request for "https://opendental-a.example.com/api/v1/providers": opendental-a.example.com
2026-10-02 15:02:00.202 [scheduling-1] INFO  c.c.o.s.I.ReconciliationSyncService - RECON entity=providers clinic=CLINIC_A inserted=0 updated=0 unchanged=0 stale=0 duplicates=0 failed=1
2026-10-02 15:02:00.202 [scheduling-1] ERROR c.c.o.s.I.ReconciliationSyncService - Failed to fetch operatories from clinic CLINIC_A: I/O error on GET request for "https://opendental-a.example.com/api/v1/operatories": opendental-a.example.com
2026-10-02 15:02:00.202 [scheduling-1] INFO  c.c.o.s.I.ReconciliationSyncService - RECON entity=operatories clinic=CLINIC_A inserted=0 updated=0 unchanged=0 stale=0 duplicates=0 failed=1
2026-10-02 15:02:00.202 [scheduling-1] INFO  c.c.o.s.I.ReconciliationSyncService - Reconciliation for clinic CLINIC_A complete: 10 processed, 0 inserted, 0 updated, 0 unchanged, 0 stale, 0 duplicates, 10 failed
2026-10-02 15:02:00.203 [scheduling-1] INFO  c.c.o.s.I.ReconciliationSyncService - Reconciliation for clinic CLINIC_A complete: 0 synced, 10 failed
2026-10-02 15:02:00.204 [scheduling-1] ERROR c.c.o.s.I.ReconciliationSyncService - Failed to fetch Open Dental clinics from installation CLINIC_B: I/O error on GET request for "https://opendental-b.example.com/api/v1/clinics": opendental-b.example.com
2026-10-02 15:02:00.204 [scheduling-1] INFO  c.c.o.s.I.ReconciliationSyncService - RECON entity=clinics clinic=CLINIC_B inserted=0 updated=0 unchanged=0 stale=0 duplicates=0 failed=1
2026-10-02 15:02:00.204 [scheduling-1] ERROR c.c.o.s.I.ReconciliationSyncService - Failed to fetch patients from clinic CLINIC_B: I/O error on GET request for "https://opendental-b.example.com/api/v1/patients": opendental-b.example.com
2026-10-02 15:02:00.204 [scheduling-1] INFO  c.c.o.s.I.ReconciliationSyncService - RECON entity=patients clinic=CLINIC_B inserted=0 updated=0 unchanged=0 stale=0 duplicates=0 failed=1
2026-10-02 15:02:00.205 [scheduling-1] ERROR c.c.o.s.I.ReconciliationSyncService - Failed to fetch appointments from clinic CLINIC_B: I/O error on GET request for "https://opendental-b.example.com/api/v1/appointments": opendental-b.example.com
2026-10-02 15:02:00.205 [scheduling-1] INFO  c.c.o.s.I.ReconciliationSyncService - RECON entity=appointments clinic=CLINIC_B inserted=0 updated=0 unchanged=0 stale=0 duplicates=0 failed=1
2026-10-02 15:02:00.205 [scheduling-1] ERROR c.c.o.s.I.ReconciliationSyncService - Failed to fetch documents from clinic CLINIC_B: I/O error on GET request for "https://opendental-b.example.com/api/v1/patients": opendental-b.example.com
2026-10-02 15:02:00.205 [scheduling-1] INFO  c.c.o.s.I.ReconciliationSyncService - RECON entity=documents clinic=CLINIC_B inserted=0 updated=0 unchanged=0 stale=0 duplicates=0 failed=1
2026-10-02 15:02:00.205 [scheduling-1] ERROR c.c.o.s.I.ReconciliationSyncService - Failed to fetch procedure logs from clinic CLINIC_B: I/O error on GET request for "https://opendental-b.example.com/api/v1/procedurelogs": opendental-b.example.com
2026-10-02 15:02:00.205 [scheduling-1] INFO  c.c.o.s.I.ReconciliationSyncService - RECON entity=procedurelogs clinic=CLINIC_B inserted=0 updated=0 unchanged=0 stale=0 duplicates=0 failed=1
2026-10-02 15:02:00.205 [scheduling-1] ERROR c.c.o.s.I.ReconciliationSyncService - Failed to fetch pat_fields from clinic CLINIC_B: I/O error on GET request for "https://opendental-b.example.com/api/v1/patfields": opendental-b.example.com
2026-10-02 15:02:00.206 [scheduling-1] INFO  c.c.o.s.I.ReconciliationSyncService - RECON entity=patfields clinic=CLINIC_B inserted=0 updated=0 unchanged=0 stale=0 duplicates=0 failed=1
2026-10-02 15:02:00.206 [scheduling-1] ERROR c.c.o.s.I.ReconciliationSyncService - Failed to fetch schedules from clinic CLINIC_B: I/O error on GET request for "https://opendental-b.example.com/api/v1/schedules": opendental-b.example.com
2026-10-02 15:02:00.206 [scheduling-1] INFO  c.c.o.s.I.ReconciliationSyncService - RECON entity=schedules clinic=CLINIC_B inserted=0 updated=0 unchanged=0 stale=0 duplicates=0 failed=1
2026-10-02 15:02:00.206 [scheduling-1] ERROR c.c.o.s.I.ReconciliationSyncService - Failed to fetch tooth initials from clinic CLINIC_B: I/O error on GET request for "https://opendental-b.example.com/api/v1/toothinitial": opendental-b.example.com
2026-10-02 15:02:00.206 [scheduling-1] INFO  c.c.o.s.I.ReconciliationSyncService - RECON entity=toothinitials clinic=CLINIC_B inserted=0 updated=0 unchanged=0 stale=0 duplicates=0 failed=1
2026-10-02 15:02:00.206 [scheduling-1] ERROR c.c.o.s.I.ReconciliationSyncService - Failed to fetch providers from clinic CLINIC_B: I/O error on GET request for "https://opendental-b.example.com/api/v1/providers": opendental-b.example.com
2026-10-02 15:02:00.206 [scheduling-1] INFO  c.c.o.s.I.ReconciliationSyncService - RECON entity=providers clinic=CLINIC_B inserted=0 updated=0 unchanged=0 stale=0 duplicates=0 failed=1
2026-10-02 15:02:00.207 [scheduling-1] ERROR c.c.o.s.I.ReconciliationSyncService - Failed to fetch operatories from clinic CLINIC_B: I/O error on GET request for "https://opendental-b.example.com/api/v1/operatories": opendental-b.example.com
2026-10-02 15:02:00.207 [scheduling-1] INFO  c.c.o.s.I.ReconciliationSyncService - RECON entity=operatories clinic=CLINIC_B inserted=0 updated=0 unchanged=0 stale=0 duplicates=0 failed=1
2026-10-02 15:02:00.207 [scheduling-1] INFO  c.c.o.s.I.ReconciliationSyncService - Reconciliation for clinic CLINIC_B complete: 10 processed, 0 inserted, 0 updated, 0 unchanged, 0 stale, 0 duplicates, 10 failed
2026-10-02 15:02:00.207 [scheduling-1] INFO  c.c.o.s.I.ReconciliationSyncService - Reconciliation for clinic CLINIC_B complete: 0 synced, 10 failed
2026-10-02 15:02:00.209 [scheduling-1] ERROR c.c.o.s.I.ReconciliationSyncService - Failed to fetch Open Dental clinics from installation CLINIC_C: I/O error on GET request for "https://opendental-c.example.com/api/v1/clinics": opendental-c.example.com
2026-10-02 15:02:00.209 [scheduling-1] INFO  c.c.o.s.I.ReconciliationSyncService - RECON entity=clinics clinic=CLINIC_C inserted=0 updated=0 unchanged=0 stale=0 duplicates=0 failed=1
2026-10-02 15:02:00.209 [scheduling-1] ERROR c.c.o.s.I.ReconciliationSyncService - Failed to fetch patients from clinic CLINIC_C: I/O error on GET request for "https://opendental-c.example.com/api/v1/patients": opendental-c.example.com
2026-10-02 15:02:00.209 [scheduling-1] INFO  c.c.o.s.I.ReconciliationSyncService - RECON entity=patients clinic=CLINIC_C inserted=0 updated=0 unchanged=0 stale=0 duplicates=0 failed=1
2026-10-02 15:02:00.209 [scheduling-1] ERROR c.c.o.s.I.ReconciliationSyncService - Failed to fetch appointments from clinic CLINIC_C: I/O error on GET request for "https://opendental-c.example.com/api/v1/appointments": opendental-c.example.com
2026-10-02 15:02:00.209 [scheduling-1] INFO  c.c.o.s.I.ReconciliationSyncService - RECON entity=appointments clinic=CLINIC_C inserted=0 updated=0 unchanged=0 stale=0 duplicates=0 failed=1
2026-10-02 15:02:00.210 [scheduling-1] ERROR c.c.o.s.I.ReconciliationSyncService - Failed to fetch documents from clinic CLINIC_C: I/O error on GET request for "https://opendental-c.example.com/api/v1/patients": opendental-c.example.com
2026-10-02 15:02:00.210 [scheduling-1] INFO  c.c.o.s.I.ReconciliationSyncService - RECON entity=documents clinic=CLINIC_C inserted=0 updated=0 unchanged=0 stale=0 duplicates=0 failed=1
2026-10-02 15:02:00.210 [scheduling-1] ERROR c.c.o.s.I.ReconciliationSyncService - Failed to fetch procedure logs from clinic CLINIC_C: I/O error on GET request for "https://opendental-c.example.com/api/v1/procedurelogs": opendental-c.example.com
2026-10-02 15:02:00.210 [scheduling-1] INFO  c.c.o.s.I.ReconciliationSyncService - RECON entity=procedurelogs clinic=CLINIC_C inserted=0 updated=0 unchanged=0 stale=0 duplicates=0 failed=1
2026-10-02 15:02:00.210 [scheduling-1] ERROR c.c.o.s.I.ReconciliationSyncService - Failed to fetch pat_fields from clinic CLINIC_C: I/O error on GET request for "https://opendental-c.example.com/api/v1/patfields": opendental-c.example.com
2026-10-02 15:02:00.210 [scheduling-1] INFO  c.c.o.s.I.ReconciliationSyncService - RECON entity=patfields clinic=CLINIC_C inserted=0 updated=0 unchanged=0 stale=0 duplicates=0 failed=1
2026-10-02 15:02:00.210 [scheduling-1] ERROR c.c.o.s.I.ReconciliationSyncService - Failed to fetch schedules from clinic CLINIC_C: I/O error on GET request for "https://opendental-c.example.com/api/v1/schedules": opendental-c.example.com
2026-10-02 15:02:00.210 [scheduling-1] INFO  c.c.o.s.I.ReconciliationSyncService - RECON entity=schedules clinic=CLINIC_C inserted=0 updated=0 unchanged=0 stale=0 duplicates=0 failed=1
2026-10-02 15:02:00.210 [scheduling-1] ERROR c.c.o.s.I.ReconciliationSyncService - Failed to fetch tooth initials from clinic CLINIC_C: I/O error on GET request for "https://opendental-c.example.com/api/v1/toothinitial": opendental-c.example.com
2026-10-02 15:02:00.210 [scheduling-1] INFO  c.c.o.s.I.ReconciliationSyncService - RECON entity=toothinitials clinic=CLINIC_C inserted=0 updated=0 unchanged=0 stale=0 duplicates=0 failed=1
2026-10-02 15:02:00.210 [scheduling-1] ERROR c.c.o.s.I.ReconciliationSyncService - Failed to fetch providers from clinic CLINIC_C: I/O error on GET request for "https://opendental-c.example.com/api/v1/providers": opendental-c.example.com
2026-10-02 15:02:00.211 [scheduling-1] INFO  c.c.o.s.I.ReconciliationSyncService - RECON entity=providers clinic=CLINIC_C inserted=0 updated=0 unchanged=0 stale=0 duplicates=0 failed=1
2026-10-02 15:02:00.211 [scheduling-1] ERROR c.c.o.s.I.ReconciliationSyncService - Failed to fetch operatories from clinic CLINIC_C: I/O error on GET request for "https://opendental-c.example.com/api/v1/operatories": opendental-c.example.com
2026-10-02 15:02:00.211 [scheduling-1] INFO  c.c.o.s.I.ReconciliationSyncService - RECON entity=operatories clinic=CLINIC_C inserted=0 updated=0 unchanged=0 stale=0 duplicates=0 failed=1
2026-10-02 15:02:00.211 [scheduling-1] INFO  c.c.o.s.I.ReconciliationSyncService - Reconciliation for clinic CLINIC_C complete: 10 processed, 0 inserted, 0 updated, 0 unchanged, 0 stale, 0 duplicates, 10 failed
2026-10-02 15:02:00.211 [scheduling-1] INFO  c.c.o.s.I.ReconciliationSyncService - Reconciliation for clinic CLINIC_C complete: 0 synced, 10 failed
2026-10-02 15:02:00.211 [scheduling-1] INFO  c.c.o.s.I.ReconciliationSyncService - Reconciliation completed for 3 clinics (30 entities, 0 synced, 30 failed)
2026-10-02 15:02:00.211 [scheduling-1] INFO  c.c.o.s.ReconciliationScheduler - === Scheduled Reconciliation Complete: Reconciliation completed for 3 clinics (30 entities, 0 synced, 30 failed)
2026-10-02 15:02:00.211 [scheduling-1] INFO  c.c.o.s.ReconciliationScheduler - Scheduled reconciliation took 204 ms
2026-10-02 15:02:57.351 [http-nio-8080-exec-5] WARN  c.c.o.s.Impl.PatientServiceImpl - OpenDental API unavailable, falling back to database: 400 Bad Request: ""Malformed API request.""
2026-10-02 15:03:00.013 [scheduling-1] INFO  c.c.o.s.ReconciliationScheduler - === Scheduled Reconciliation Started ===
2026-10-02 15:03:00.203 [scheduling-1] ERROR c.c.o.s.I.ReconciliationSyncService - Failed to fetch Open Dental clinics from installation CLINIC_A: I/O error on GET request for "https://opendental-a.example.com/api/v1/clinics": opendental-a.example.com
2026-10-02 15:03:00.203 [scheduling-1] INFO  c.c.o.s.I.ReconciliationSyncService - RECON entity=clinics clinic=CLINIC_A inserted=0 updated=0 unchanged=0 stale=0 duplicates=0 failed=1
2026-10-02 15:03:00.203 [scheduling-1] ERROR c.c.o.s.I.ReconciliationSyncService - Failed to fetch patients from clinic CLINIC_A: I/O error on GET request for "https://opendental-a.example.com/api/v1/patients": opendental-a.example.com
2026-10-02 15:03:00.204 [scheduling-1] INFO  c.c.o.s.I.ReconciliationSyncService - RECON entity=patients clinic=CLINIC_A inserted=0 updated=0 unchanged=0 stale=0 duplicates=0 failed=1
2026-10-02 15:03:00.204 [scheduling-1] ERROR c.c.o.s.I.ReconciliationSyncService - Failed to fetch appointments from clinic CLINIC_A: I/O error on GET request for "https://opendental-a.example.com/api/v1/appointments": opendental-a.example.com
2026-10-02 15:03:00.204 [scheduling-1] INFO  c.c.o.s.I.ReconciliationSyncService - RECON entity=appointments clinic=CLINIC_A inserted=0 updated=0 unchanged=0 stale=0 duplicates=0 failed=1
2026-10-02 15:03:00.204 [scheduling-1] ERROR c.c.o.s.I.ReconciliationSyncService - Failed to fetch documents from clinic CLINIC_A: I/O error on GET request for "https://opendental-a.example.com/api/v1/patients": opendental-a.example.com
2026-10-02 15:03:00.204 [scheduling-1] INFO  c.c.o.s.I.ReconciliationSyncService - RECON entity=documents clinic=CLINIC_A inserted=0 updated=0 unchanged=0 stale=0 duplicates=0 failed=1
2026-10-02 15:03:00.204 [scheduling-1] ERROR c.c.o.s.I.ReconciliationSyncService - Failed to fetch procedure logs from clinic CLINIC_A: I/O error on GET request for "https://opendental-a.example.com/api/v1/procedurelogs": opendental-a.example.com
2026-10-02 15:03:00.205 [scheduling-1] INFO  c.c.o.s.I.ReconciliationSyncService - RECON entity=procedurelogs clinic=CLINIC_A inserted=0 updated=0 unchanged=0 stale=0 duplicates=0 failed=1
2026-10-02 15:03:00.205 [scheduling-1] ERROR c.c.o.s.I.ReconciliationSyncService - Failed to fetch pat_fields from clinic CLINIC_A: I/O error on GET request for "https://opendental-a.example.com/api/v1/patfields": opendental-a.example.com
2026-10-02 15:03:00.205 [scheduling-1] INFO  c.c.o.s.I.ReconciliationSyncService - RECON entity=patfields clinic=CLINIC_A inserted=0 updated=0 unchanged=0 stale=0 duplicates=0 failed=1
2026-10-02 15:03:00.205 [scheduling-1] ERROR c.c.o.s.I.ReconciliationSyncService - Failed to fetch schedules from clinic CLINIC_A: I/O error on GET request for "https://opendental-a.example.com/api/v1/schedules": opendental-a.example.com
2026-10-02 15:03:00.205 [scheduling-1] INFO  c.c.o.s.I.ReconciliationSyncService - RECON entity=schedules clinic=CLINIC_A inserted=0 updated=0 unchanged=0 stale=0 duplicates=0 failed=1
2026-10-02 15:03:00.205 [scheduling-1] ERROR c.c.o.s.I.ReconciliationSyncService - Failed to fetch tooth initials from clinic CLINIC_A: I/O error on GET request for "https://opendental-a.example.com/api/v1/toothinitial": opendental-a.example.com
2026-10-02 15:03:00.205 [scheduling-1] INFO  c.c.o.s.I.ReconciliationSyncService - RECON entity=toothinitials clinic=CLINIC_A inserted=0 updated=0 unchanged=0 stale=0 duplicates=0 failed=1
2026-10-02 15:03:00.206 [scheduling-1] ERROR c.c.o.s.I.ReconciliationSyncService - Failed to fetch providers from clinic CLINIC_A: I/O error on GET request for "https://opendental-a.example.com/api/v1/providers": opendental-a.example.com
2026-10-02 15:03:00.206 [scheduling-1] INFO  c.c.o.s.I.ReconciliationSyncService - RECON entity=providers clinic=CLINIC_A inserted=0 updated=0 unchanged=0 stale=0 duplicates=0 failed=1
2026-10-02 15:03:00.206 [scheduling-1] ERROR c.c.o.s.I.ReconciliationSyncService - Failed to fetch operatories from clinic CLINIC_A: I/O error on GET request for "https://opendental-a.example.com/api/v1/operatories": opendental-a.example.com
2026-10-02 15:03:00.206 [scheduling-1] INFO  c.c.o.s.I.ReconciliationSyncService - RECON entity=operatories clinic=CLINIC_A inserted=0 updated=0 unchanged=0 stale=0 duplicates=0 failed=1
2026-10-02 15:03:00.206 [scheduling-1] INFO  c.c.o.s.I.ReconciliationSyncService - Reconciliation for clinic CLINIC_A complete: 10 processed, 0 inserted, 0 updated, 0 unchanged, 0 stale, 0 duplicates, 10 failed
2026-10-02 15:03:00.206 [scheduling-1] INFO  c.c.o.s.I.ReconciliationSyncService - Reconciliation for clinic CLINIC_A complete: 0 synced, 10 failed
2026-10-02 15:03:00.208 [scheduling-1] ERROR c.c.o.s.I.ReconciliationSyncService - Failed to fetch Open Dental clinics from installation CLINIC_B: I/O error on GET request for "https://opendental-b.example.com/api/v1/clinics": opendental-b.example.com
2026-10-02 15:03:00.208 [scheduling-1] INFO  c.c.o.s.I.ReconciliationSyncService - RECON entity=clinics clinic=CLINIC_B inserted=0 updated=0 unchanged=0 stale=0 duplicates=0 failed=1
2026-10-02 15:03:00.209 [scheduling-1] ERROR c.c.o.s.I.ReconciliationSyncService - Failed to fetch patients from clinic CLINIC_B: I/O error on GET request for "https://opendental-b.example.com/api/v1/patients": opendental-b.example.com
2026-10-02 15:03:00.209 [scheduling-1] INFO  c.c.o.s.I.ReconciliationSyncService - RECON entity=patients clinic=CLINIC_B inserted=0 updated=0 unchanged=0 stale=0 duplicates=0 failed=1
2026-10-02 15:03:00.209 [scheduling-1] ERROR c.c.o.s.I.ReconciliationSyncService - Failed to fetch appointments from clinic CLINIC_B: I/O error on GET request for "https://opendental-b.example.com/api/v1/appointments": opendental-b.example.com
2026-10-02 15:03:00.209 [scheduling-1] INFO  c.c.o.s.I.ReconciliationSyncService - RECON entity=appointments clinic=CLINIC_B inserted=0 updated=0 unchanged=0 stale=0 duplicates=0 failed=1
2026-10-02 15:03:00.209 [scheduling-1] ERROR c.c.o.s.I.ReconciliationSyncService - Failed to fetch documents from clinic CLINIC_B: I/O error on GET request for "https://opendental-b.example.com/api/v1/patients": opendental-b.example.com
2026-10-02 15:03:00.209 [scheduling-1] INFO  c.c.o.s.I.ReconciliationSyncService - RECON entity=documents clinic=CLINIC_B inserted=0 updated=0 unchanged=0 stale=0 duplicates=0 failed=1
2026-10-02 15:03:00.209 [scheduling-1] ERROR c.c.o.s.I.ReconciliationSyncService - Failed to fetch procedure logs from clinic CLINIC_B: I/O error on GET request for "https://opendental-b.example.com/api/v1/procedurelogs": opendental-b.example.com
2026-10-02 15:03:00.210 [scheduling-1] INFO  c.c.o.s.I.ReconciliationSyncService - RECON entity=procedurelogs clinic=CLINIC_B inserted=0 updated=0 unchanged=0 stale=0 duplicates=0 failed=1
2026-10-02 15:03:00.210 [scheduling-1] ERROR c.c.o.s.I.ReconciliationSyncService - Failed to fetch pat_fields from clinic CLINIC_B: I/O error on GET request for "https://opendental-b.example.com/api/v1/patfields": opendental-b.example.com
2026-10-02 15:03:00.210 [scheduling-1] INFO  c.c.o.s.I.ReconciliationSyncService - RECON entity=patfields clinic=CLINIC_B inserted=0 updated=0 unchanged=0 stale=0 duplicates=0 failed=1
2026-10-02 15:03:00.210 [scheduling-1] ERROR c.c.o.s.I.ReconciliationSyncService - Failed to fetch schedules from clinic CLINIC_B: I/O error on GET request for "https://opendental-b.example.com/api/v1/schedules": opendental-b.example.com
2026-10-02 15:03:00.210 [scheduling-1] INFO  c.c.o.s.I.ReconciliationSyncService - RECON entity=schedules clinic=CLINIC_B inserted=0 updated=0 unchanged=0 stale=0 duplicates=0 failed=1
2026-10-02 15:03:00.211 [scheduling-1] ERROR c.c.o.s.I.ReconciliationSyncService - Failed to fetch tooth initials from clinic CLINIC_B: I/O error on GET request for "https://opendental-b.example.com/api/v1/toothinitial": opendental-b.example.com
2026-10-02 15:03:00.211 [scheduling-1] INFO  c.c.o.s.I.ReconciliationSyncService - RECON entity=toothinitials clinic=CLINIC_B inserted=0 updated=0 unchanged=0 stale=0 duplicates=0 failed=1
2026-10-02 15:03:00.211 [scheduling-1] ERROR c.c.o.s.I.ReconciliationSyncService - Failed to fetch providers from clinic CLINIC_B: I/O error on GET request for "https://opendental-b.example.com/api/v1/providers": opendental-b.example.com
2026-10-02 15:03:00.211 [scheduling-1] INFO  c.c.o.s.I.ReconciliationSyncService - RECON entity=providers clinic=CLINIC_B inserted=0 updated=0 unchanged=0 stale=0 duplicates=0 failed=1
2026-10-02 15:03:00.211 [scheduling-1] ERROR c.c.o.s.I.ReconciliationSyncService - Failed to fetch operatories from clinic CLINIC_B: I/O error on GET request for "https://opendental-b.example.com/api/v1/operatories": opendental-b.example.com
2026-10-02 15:03:00.211 [scheduling-1] INFO  c.c.o.s.I.ReconciliationSyncService - RECON entity=operatories clinic=CLINIC_B inserted=0 updated=0 unchanged=0 stale=0 duplicates=0 failed=1
2026-10-02 15:03:00.211 [scheduling-1] INFO  c.c.o.s.I.ReconciliationSyncService - Reconciliation for clinic CLINIC_B complete: 10 processed, 0 inserted, 0 updated, 0 unchanged, 0 stale, 0 duplicates, 10 failed
2026-10-02 15:03:00.211 [scheduling-1] INFO  c.c.o.s.I.ReconciliationSyncService - Reconciliation for clinic CLINIC_B complete: 0 synced, 10 failed
2026-10-02 15:03:00.213 [scheduling-1] ERROR c.c.o.s.I.ReconciliationSyncService - Failed to fetch Open Dental clinics from installation CLINIC_C: I/O error on GET request for "https://opendental-c.example.com/api/v1/clinics": opendental-c.example.com
2026-10-02 15:03:00.213 [scheduling-1] INFO  c.c.o.s.I.ReconciliationSyncService - RECON entity=clinics clinic=CLINIC_C inserted=0 updated=0 unchanged=0 stale=0 duplicates=0 failed=1
2026-10-02 15:03:00.213 [scheduling-1] ERROR c.c.o.s.I.ReconciliationSyncService - Failed to fetch patients from clinic CLINIC_C: I/O error on GET request for "https://opendental-c.example.com/api/v1/patients": opendental-c.example.com
2026-10-02 15:03:00.213 [scheduling-1] INFO  c.c.o.s.I.ReconciliationSyncService - RECON entity=patients clinic=CLINIC_C inserted=0 updated=0 unchanged=0 stale=0 duplicates=0 failed=1
2026-10-02 15:03:00.214 [scheduling-1] ERROR c.c.o.s.I.ReconciliationSyncService - Failed to fetch appointments from clinic CLINIC_C: I/O error on GET request for "https://opendental-c.example.com/api/v1/appointments": opendental-c.example.com
2026-10-02 15:03:00.214 [scheduling-1] INFO  c.c.o.s.I.ReconciliationSyncService - RECON entity=appointments clinic=CLINIC_C inserted=0 updated=0 unchanged=0 stale=0 duplicates=0 failed=1
2026-10-02 15:03:00.214 [scheduling-1] ERROR c.c.o.s.I.ReconciliationSyncService - Failed to fetch documents from clinic CLINIC_C: I/O error on GET request for "https://opendental-c.example.com/api/v1/patients": opendental-c.example.com
2026-10-02 15:03:00.214 [scheduling-1] INFO  c.c.o.s.I.ReconciliationSyncService - RECON entity=documents clinic=CLINIC_C inserted=0 updated=0 unchanged=0 stale=0 duplicates=0 failed=1
2026-10-02 15:03:00.214 [scheduling-1] ERROR c.c.o.s.I.ReconciliationSyncService - Failed to fetch procedure logs from clinic CLINIC_C: I/O error on GET request for "https://opendental-c.example.com/api/v1/procedurelogs": opendental-c.example.com
2026-10-02 15:03:00.214 [scheduling-1] INFO  c.c.o.s.I.ReconciliationSyncService - RECON entity=procedurelogs clinic=CLINIC_C inserted=0 updated=0 unchanged=0 stale=0 duplicates=0 failed=1
2026-10-02 15:03:00.214 [scheduling-1] ERROR c.c.o.s.I.ReconciliationSyncService - Failed to fetch pat_fields from clinic CLINIC_C: I/O error on GET request for "https://opendental-c.example.com/api/v1/patfields": opendental-c.example.com
2026-10-02 15:03:00.214 [scheduling-1] INFO  c.c.o.s.I.ReconciliationSyncService - RECON entity=patfields clinic=CLINIC_C inserted=0 updated=0 unchanged=0 stale=0 duplicates=0 failed=1
2026-10-02 15:03:00.215 [scheduling-1] ERROR c.c.o.s.I.ReconciliationSyncService - Failed to fetch schedules from clinic CLINIC_C: I/O error on GET request for "https://opendental-c.example.com/api/v1/schedules": opendental-c.example.com
2026-10-02 15:03:00.215 [scheduling-1] INFO  c.c.o.s.I.ReconciliationSyncService - RECON entity=schedules clinic=CLINIC_C inserted=0 updated=0 unchanged=0 stale=0 duplicates=0 failed=1
2026-10-02 15:03:00.215 [scheduling-1] ERROR c.c.o.s.I.ReconciliationSyncService - Failed to fetch tooth initials from clinic CLINIC_C: I/O error on GET request for "https://opendental-c.example.com/api/v1/toothinitial": opendental-c.example.com
2026-10-02 15:03:00.217 [scheduling-1] INFO  c.c.o.s.I.ReconciliationSyncService - RECON entity=toothinitials clinic=CLINIC_C inserted=0 updated=0 unchanged=0 stale=0 duplicates=0 failed=1
2026-10-02 15:03:00.217 [scheduling-1] ERROR c.c.o.s.I.ReconciliationSyncService - Failed to fetch providers from clinic CLINIC_C: I/O error on GET request for "https://opendental-c.example.com/api/v1/providers": opendental-c.example.com
2026-10-02 15:03:00.217 [scheduling-1] INFO  c.c.o.s.I.ReconciliationSyncService - RECON entity=providers clinic=CLINIC_C inserted=0 updated=0 unchanged=0 stale=0 duplicates=0 failed=1
2026-10-02 15:03:00.217 [scheduling-1] ERROR c.c.o.s.I.ReconciliationSyncService - Failed to fetch operatories from clinic CLINIC_C: I/O error on GET request for "https://opendental-c.example.com/api/v1/operatories": opendental-c.example.com
2026-10-02 15:03:00.217 [scheduling-1] INFO  c.c.o.s.I.ReconciliationSyncService - RECON entity=operatories clinic=CLINIC_C inserted=0 updated=0 unchanged=0 stale=0 duplicates=0 failed=1
2026-10-02 15:03:00.217 [scheduling-1] INFO  c.c.o.s.I.ReconciliationSyncService - Reconciliation for clinic CLINIC_C complete: 10 processed, 0 inserted, 0 updated, 0 unchanged, 0 stale, 0 duplicates, 10 failed
2026-10-02 15:03:00.217 [scheduling-1] INFO  c.c.o.s.I.ReconciliationSyncService - Reconciliation for clinic CLINIC_C complete: 0 synced, 10 failed
2026-10-02 15:03:00.217 [scheduling-1] INFO  c.c.o.s.I.ReconciliationSyncService - Reconciliation completed for 3 clinics (30 entities, 0 synced, 30 failed)
2026-10-02 15:03:00.217 [scheduling-1] INFO  c.c.o.s.ReconciliationScheduler - === Scheduled Reconciliation Complete: Reconciliation completed for 3 clinics (30 entities, 0 synced, 30 failed)
2026-10-02 15:03:00.217 [scheduling-1] INFO  c.c.o.s.ReconciliationScheduler - Scheduled reconciliation took 203 ms
2026-10-02 15:03:04.482 [http-nio-8080-exec-2] WARN  c.c.o.s.Impl.PatientServiceImpl - OpenDental API unavailable, falling back to database: 400 Bad Request: ""Malformed API request.""
2026-10-02 15:03:04.508 [http-nio-8080-exec-7] INFO  c.c.o.s.Impl.AppointmentServiceImpl - Fetching appointments with 0 filter(s)
2026-10-02 15:03:04.509 [http-nio-8080-exec-7] WARN  c.c.o.s.Impl.AppointmentServiceImpl - OpenDental API unavailable for appointments, falling back to database: 400 Bad Request: ""Malformed API request.""
2026-10-02 15:03:25.595 [http-nio-8080-exec-4] INFO  c.c.o.s.Impl.AppointmentServiceImpl - Fetching appointments with 0 filter(s)
2026-10-02 15:03:25.602 [http-nio-8080-exec-10] WARN  c.c.o.s.Impl.PatientServiceImpl - OpenDental API unavailable, falling back to database: 400 Bad Request: ""Malformed API request.""
2026-10-02 15:03:25.603 [http-nio-8080-exec-4] WARN  c.c.o.s.Impl.AppointmentServiceImpl - OpenDental API unavailable for appointments, falling back to database: 400 Bad Request: ""Malformed API request.""
2026-10-02 15:03:32.277 [http-nio-8080-exec-8] WARN  c.c.o.s.Impl.PatientServiceImpl - OpenDental API unavailable, falling back to database: 400 Bad Request: ""Malformed API request.""
2026-10-02 15:03:32.284 [http-nio-8080-exec-9] INFO  c.c.o.s.Impl.AppointmentServiceImpl - Fetching appointments with 0 filter(s)
2026-10-02 15:03:32.286 [http-nio-8080-exec-9] WARN  c.c.o.s.Impl.AppointmentServiceImpl - OpenDental API unavailable for appointments, falling back to database: 400 Bad Request: ""Malformed API request.""
2026-10-02 15:03:50.556 [http-nio-8080-exec-3] INFO  c.c.o.s.Impl.AppointmentServiceImpl - Fetching appointments with 0 filter(s)
2026-10-02 15:03:50.559 [http-nio-8080-exec-3] WARN  c.c.o.s.Impl.AppointmentServiceImpl - OpenDental API unavailable for appointments, falling back to database: 400 Bad Request: ""Malformed API request.""
2026-10-02 15:03:50.566 [http-nio-8080-exec-2] WARN  c.c.o.s.Impl.PatientServiceImpl - OpenDental API unavailable, falling back to database: 400 Bad Request: ""Malformed API request.""
2026-10-02 15:04:00.011 [scheduling-1] INFO  c.c.o.s.ReconciliationScheduler - === Scheduled Reconciliation Started ===
2026-10-02 15:04:00.527 [scheduling-1] ERROR c.c.o.s.I.ReconciliationSyncService - Failed to fetch Open Dental clinics from installation CLINIC_A: I/O error on GET request for "https://opendental-a.example.com/api/v1/clinics": opendental-a.example.com
2026-10-02 15:04:00.527 [scheduling-1] INFO  c.c.o.s.I.ReconciliationSyncService - RECON entity=clinics clinic=CLINIC_A inserted=0 updated=0 unchanged=0 stale=0 duplicates=0 failed=1
2026-10-02 15:04:00.528 [scheduling-1] ERROR c.c.o.s.I.ReconciliationSyncService - Failed to fetch patients from clinic CLINIC_A: I/O error on GET request for "https://opendental-a.example.com/api/v1/patients": opendental-a.example.com
2026-10-02 15:04:00.528 [scheduling-1] INFO  c.c.o.s.I.ReconciliationSyncService - RECON entity=patients clinic=CLINIC_A inserted=0 updated=0 unchanged=0 stale=0 duplicates=0 failed=1
2026-10-02 15:04:00.529 [scheduling-1] ERROR c.c.o.s.I.ReconciliationSyncService - Failed to fetch appointments from clinic CLINIC_A: I/O error on GET request for "https://opendental-a.example.com/api/v1/appointments": opendental-a.example.com
2026-10-02 15:04:00.529 [scheduling-1] INFO  c.c.o.s.I.ReconciliationSyncService - RECON entity=appointments clinic=CLINIC_A inserted=0 updated=0 unchanged=0 stale=0 duplicates=0 failed=1
2026-10-02 15:04:00.529 [scheduling-1] ERROR c.c.o.s.I.ReconciliationSyncService - Failed to fetch documents from clinic CLINIC_A: I/O error on GET request for "https://opendental-a.example.com/api/v1/patients": opendental-a.example.com
2026-10-02 15:04:00.529 [scheduling-1] INFO  c.c.o.s.I.ReconciliationSyncService - RECON entity=documents clinic=CLINIC_A inserted=0 updated=0 unchanged=0 stale=0 duplicates=0 failed=1
2026-10-02 15:04:00.530 [scheduling-1] ERROR c.c.o.s.I.ReconciliationSyncService - Failed to fetch procedure logs from clinic CLINIC_A: I/O error on GET request for "https://opendental-a.example.com/api/v1/procedurelogs": opendental-a.example.com
2026-10-02 15:04:00.530 [scheduling-1] INFO  c.c.o.s.I.ReconciliationSyncService - RECON entity=procedurelogs clinic=CLINIC_A inserted=0 updated=0 unchanged=0 stale=0 duplicates=0 failed=1
2026-10-02 15:04:00.530 [scheduling-1] ERROR c.c.o.s.I.ReconciliationSyncService - Failed to fetch pat_fields from clinic CLINIC_A: I/O error on GET request for "https://opendental-a.example.com/api/v1/patfields": opendental-a.example.com
2026-10-02 15:04:00.530 [scheduling-1] INFO  c.c.o.s.I.ReconciliationSyncService - RECON entity=patfields clinic=CLINIC_A inserted=0 updated=0 unchanged=0 stale=0 duplicates=0 failed=1
2026-10-02 15:04:00.531 [scheduling-1] ERROR c.c.o.s.I.ReconciliationSyncService - Failed to fetch schedules from clinic CLINIC_A: I/O error on GET request for "https://opendental-a.example.com/api/v1/schedules": opendental-a.example.com
2026-10-02 15:04:00.531 [scheduling-1] INFO  c.c.o.s.I.ReconciliationSyncService - RECON entity=schedules clinic=CLINIC_A inserted=0 updated=0 unchanged=0 stale=0 duplicates=0 failed=1
2026-10-02 15:04:00.531 [scheduling-1] ERROR c.c.o.s.I.ReconciliationSyncService - Failed to fetch tooth initials from clinic CLINIC_A: I/O error on GET request for "https://opendental-a.example.com/api/v1/toothinitial": opendental-a.example.com
2026-10-02 15:04:00.531 [scheduling-1] INFO  c.c.o.s.I.ReconciliationSyncService - RECON entity=toothinitials clinic=CLINIC_A inserted=0 updated=0 unchanged=0 stale=0 duplicates=0 failed=1
2026-10-02 15:04:00.531 [scheduling-1] ERROR c.c.o.s.I.ReconciliationSyncService - Failed to fetch providers from clinic CLINIC_A: I/O error on GET request for "https://opendental-a.example.com/api/v1/providers": opendental-a.example.com
2026-10-02 15:04:00.531 [scheduling-1] INFO  c.c.o.s.I.ReconciliationSyncService - RECON entity=providers clinic=CLINIC_A inserted=0 updated=0 unchanged=0 stale=0 duplicates=0 failed=1
2026-10-02 15:04:00.531 [scheduling-1] ERROR c.c.o.s.I.ReconciliationSyncService - Failed to fetch operatories from clinic CLINIC_A: I/O error on GET request for "https://opendental-a.example.com/api/v1/operatories": opendental-a.example.com
2026-10-02 15:04:00.531 [scheduling-1] INFO  c.c.o.s.I.ReconciliationSyncService - RECON entity=operatories clinic=CLINIC_A inserted=0 updated=0 unchanged=0 stale=0 duplicates=0 failed=1
2026-10-02 15:04:00.531 [scheduling-1] INFO  c.c.o.s.I.ReconciliationSyncService - Reconciliation for clinic CLINIC_A complete: 10 processed, 0 inserted, 0 updated, 0 unchanged, 0 stale, 0 duplicates, 10 failed
2026-10-02 15:04:00.531 [scheduling-1] INFO  c.c.o.s.I.ReconciliationSyncService - Reconciliation for clinic CLINIC_A complete: 0 synced, 10 failed
2026-10-02 15:04:00.535 [scheduling-1] ERROR c.c.o.s.I.ReconciliationSyncService - Failed to fetch Open Dental clinics from installation CLINIC_B: I/O error on GET request for "https://opendental-b.example.com/api/v1/clinics": opendental-b.example.com
2026-10-02 15:04:00.535 [scheduling-1] INFO  c.c.o.s.I.ReconciliationSyncService - RECON entity=clinics clinic=CLINIC_B inserted=0 updated=0 unchanged=0 stale=0 duplicates=0 failed=1
2026-10-02 15:04:00.535 [scheduling-1] ERROR c.c.o.s.I.ReconciliationSyncService - Failed to fetch patients from clinic CLINIC_B: I/O error on GET request for "https://opendental-b.example.com/api/v1/patients": opendental-b.example.com
2026-10-02 15:04:00.535 [scheduling-1] INFO  c.c.o.s.I.ReconciliationSyncService - RECON entity=patients clinic=CLINIC_B inserted=0 updated=0 unchanged=0 stale=0 duplicates=0 failed=1
2026-10-02 15:04:00.536 [scheduling-1] ERROR c.c.o.s.I.ReconciliationSyncService - Failed to fetch appointments from clinic CLINIC_B: I/O error on GET request for "https://opendental-b.example.com/api/v1/appointments": opendental-b.example.com
2026-10-02 15:04:00.536 [scheduling-1] INFO  c.c.o.s.I.ReconciliationSyncService - RECON entity=appointments clinic=CLINIC_B inserted=0 updated=0 unchanged=0 stale=0 duplicates=0 failed=1
2026-10-02 15:04:00.536 [scheduling-1] ERROR c.c.o.s.I.ReconciliationSyncService - Failed to fetch documents from clinic CLINIC_B: I/O error on GET request for "https://opendental-b.example.com/api/v1/patients": opendental-b.example.com
2026-10-02 15:04:00.536 [scheduling-1] INFO  c.c.o.s.I.ReconciliationSyncService - RECON entity=documents clinic=CLINIC_B inserted=0 updated=0 unchanged=0 stale=0 duplicates=0 failed=1
2026-10-02 15:04:00.537 [scheduling-1] ERROR c.c.o.s.I.ReconciliationSyncService - Failed to fetch procedure logs from clinic CLINIC_B: I/O error on GET request for "https://opendental-b.example.com/api/v1/procedurelogs": opendental-b.example.com
2026-10-02 15:04:00.537 [scheduling-1] INFO  c.c.o.s.I.ReconciliationSyncService - RECON entity=procedurelogs clinic=CLINIC_B inserted=0 updated=0 unchanged=0 stale=0 duplicates=0 failed=1
2026-10-02 15:04:00.537 [scheduling-1] ERROR c.c.o.s.I.ReconciliationSyncService - Failed to fetch pat_fields from clinic CLINIC_B: I/O error on GET request for "https://opendental-b.example.com/api/v1/patfields": opendental-b.example.com
2026-10-02 15:04:00.537 [scheduling-1] INFO  c.c.o.s.I.ReconciliationSyncService - RECON entity=patfields clinic=CLINIC_B inserted=0 updated=0 unchanged=0 stale=0 duplicates=0 failed=1
2026-10-02 15:04:00.538 [scheduling-1] ERROR c.c.o.s.I.ReconciliationSyncService - Failed to fetch schedules from clinic CLINIC_B: I/O error on GET request for "https://opendental-b.example.com/api/v1/schedules": opendental-b.example.com
2026-10-02 15:04:00.538 [scheduling-1] INFO  c.c.o.s.I.ReconciliationSyncService - RECON entity=schedules clinic=CLINIC_B inserted=0 updated=0 unchanged=0 stale=0 duplicates=0 failed=1
2026-10-02 15:04:00.538 [scheduling-1] ERROR c.c.o.s.I.ReconciliationSyncService - Failed to fetch tooth initials from clinic CLINIC_B: I/O error on GET request for "https://opendental-b.example.com/api/v1/toothinitial": opendental-b.example.com
2026-10-02 15:04:00.538 [scheduling-1] INFO  c.c.o.s.I.ReconciliationSyncService - RECON entity=toothinitials clinic=CLINIC_B inserted=0 updated=0 unchanged=0 stale=0 duplicates=0 failed=1
2026-10-02 15:04:00.539 [scheduling-1] ERROR c.c.o.s.I.ReconciliationSyncService - Failed to fetch providers from clinic CLINIC_B: I/O error on GET request for "https://opendental-b.example.com/api/v1/providers": opendental-b.example.com
2026-10-02 15:04:00.539 [scheduling-1] INFO  c.c.o.s.I.ReconciliationSyncService - RECON entity=providers clinic=CLINIC_B inserted=0 updated=0 unchanged=0 stale=0 duplicates=0 failed=1
2026-10-02 15:04:00.539 [scheduling-1] ERROR c.c.o.s.I.ReconciliationSyncService - Failed to fetch operatories from clinic CLINIC_B: I/O error on GET request for "https://opendental-b.example.com/api/v1/operatories": opendental-b.example.com
2026-10-02 15:04:00.539 [scheduling-1] INFO  c.c.o.s.I.ReconciliationSyncService - RECON entity=operatories clinic=CLINIC_B inserted=0 updated=0 unchanged=0 stale=0 duplicates=0 failed=1
2026-10-02 15:04:00.540 [scheduling-1] INFO  c.c.o.s.I.ReconciliationSyncService - Reconciliation for clinic CLINIC_B complete: 10 processed, 0 inserted, 0 updated, 0 unchanged, 0 stale, 0 duplicates, 10 failed
2026-10-02 15:04:00.540 [scheduling-1] INFO  c.c.o.s.I.ReconciliationSyncService - Reconciliation for clinic CLINIC_B complete: 0 synced, 10 failed
2026-10-02 15:04:00.544 [scheduling-1] ERROR c.c.o.s.I.ReconciliationSyncService - Failed to fetch Open Dental clinics from installation CLINIC_C: I/O error on GET request for "https://opendental-c.example.com/api/v1/clinics": opendental-c.example.com
2026-10-02 15:04:00.544 [scheduling-1] INFO  c.c.o.s.I.ReconciliationSyncService - RECON entity=clinics clinic=CLINIC_C inserted=0 updated=0 unchanged=0 stale=0 duplicates=0 failed=1
2026-10-02 15:04:00.545 [scheduling-1] ERROR c.c.o.s.I.ReconciliationSyncService - Failed to fetch patients from clinic CLINIC_C: I/O error on GET request for "https://opendental-c.example.com/api/v1/patients": opendental-c.example.com
2026-10-02 15:04:00.545 [scheduling-1] INFO  c.c.o.s.I.ReconciliationSyncService - RECON entity=patients clinic=CLINIC_C inserted=0 updated=0 unchanged=0 stale=0 duplicates=0 failed=1
2026-10-02 15:04:00.545 [scheduling-1] ERROR c.c.o.s.I.ReconciliationSyncService - Failed to fetch appointments from clinic CLINIC_C: I/O error on GET request for "https://opendental-c.example.com/api/v1/appointments": opendental-c.example.com
2026-10-02 15:04:00.545 [scheduling-1] INFO  c.c.o.s.I.ReconciliationSyncService - RECON entity=appointments clinic=CLINIC_C inserted=0 updated=0 unchanged=0 stale=0 duplicates=0 failed=1
2026-10-02 15:04:00.546 [scheduling-1] ERROR c.c.o.s.I.ReconciliationSyncService - Failed to fetch documents from clinic CLINIC_C: I/O error on GET request for "https://opendental-c.example.com/api/v1/patients": opendental-c.example.com
2026-10-02 15:04:00.546 [scheduling-1] INFO  c.c.o.s.I.ReconciliationSyncService - RECON entity=documents clinic=CLINIC_C inserted=0 updated=0 unchanged=0 stale=0 duplicates=0 failed=1
2026-10-02 15:04:00.546 [scheduling-1] ERROR c.c.o.s.I.ReconciliationSyncService - Failed to fetch procedure logs from clinic CLINIC_C: I/O error on GET request for "https://opendental-c.example.com/api/v1/procedurelogs": opendental-c.example.com
2026-10-02 15:04:00.546 [scheduling-1] INFO  c.c.o.s.I.ReconciliationSyncService - RECON entity=procedurelogs clinic=CLINIC_C inserted=0 updated=0 unchanged=0 stale=0 duplicates=0 failed=1
2026-10-02 15:04:00.546 [scheduling-1] ERROR c.c.o.s.I.ReconciliationSyncService - Failed to fetch pat_fields from clinic CLINIC_C: I/O error on GET request for "https://opendental-c.example.com/api/v1/patfields": opendental-c.example.com
2026-10-02 15:04:00.546 [scheduling-1] INFO  c.c.o.s.I.ReconciliationSyncService - RECON entity=patfields clinic=CLINIC_C inserted=0 updated=0 unchanged=0 stale=0 duplicates=0 failed=1
2026-10-02 15:04:00.547 [scheduling-1] ERROR c.c.o.s.I.ReconciliationSyncService - Failed to fetch schedules from clinic CLINIC_C: I/O error on GET request for "https://opendental-c.example.com/api/v1/schedules": opendental-c.example.com
2026-10-02 15:04:00.547 [scheduling-1] INFO  c.c.o.s.I.ReconciliationSyncService - RECON entity=schedules clinic=CLINIC_C inserted=0 updated=0 unchanged=0 stale=0 duplicates=0 failed=1
2026-10-02 15:04:00.547 [scheduling-1] ERROR c.c.o.s.I.ReconciliationSyncService - Failed to fetch tooth initials from clinic CLINIC_C: I/O error on GET request for "https://opendental-c.example.com/api/v1/toothinitial": opendental-c.example.com
2026-10-02 15:04:00.547 [scheduling-1] INFO  c.c.o.s.I.ReconciliationSyncService - RECON entity=toothinitials clinic=CLINIC_C inserted=0 updated=0 unchanged=0 stale=0 duplicates=0 failed=1
2026-10-02 15:04:00.547 [scheduling-1] ERROR c.c.o.s.I.ReconciliationSyncService - Failed to fetch providers from clinic CLINIC_C: I/O error on GET request for "https://opendental-c.example.com/api/v1/providers": opendental-c.example.com
2026-10-02 15:04:00.547 [scheduling-1] INFO  c.c.o.s.I.ReconciliationSyncService - RECON entity=providers clinic=CLINIC_C inserted=0 updated=0 unchanged=0 stale=0 duplicates=0 failed=1
2026-10-02 15:04:00.547 [scheduling-1] ERROR c.c.o.s.I.ReconciliationSyncService - Failed to fetch operatories from clinic CLINIC_C: I/O error on GET request for "https://opendental-c.example.com/api/v1/operatories": opendental-c.example.com
2026-10-02 15:04:00.548 [scheduling-1] INFO  c.c.o.s.I.ReconciliationSyncService - RECON entity=operatories clinic=CLINIC_C inserted=0 updated=0 unchanged=0 stale=0 duplicates=0 failed=1
2026-10-02 15:04:00.548 [scheduling-1] INFO  c.c.o.s.I.ReconciliationSyncService - Reconciliation for clinic CLINIC_C complete: 10 processed, 0 inserted, 0 updated, 0 unchanged, 0 stale, 0 duplicates, 10 failed
2026-10-02 15:04:00.548 [scheduling-1] INFO  c.c.o.s.I.ReconciliationSyncService - Reconciliation for clinic CLINIC_C complete: 0 synced, 10 failed
2026-10-02 15:04:00.548 [scheduling-1] INFO  c.c.o.s.I.ReconciliationSyncService - Reconciliation completed for 3 clinics (30 entities, 0 synced, 30 failed)
2026-10-02 15:04:00.548 [scheduling-1] INFO  c.c.o.s.ReconciliationScheduler - === Scheduled Reconciliation Complete: Reconciliation completed for 3 clinics (30 entities, 0 synced, 30 failed)
2026-10-02 15:04:00.548 [scheduling-1] INFO  c.c.o.s.ReconciliationScheduler - Scheduled reconciliation took 536 ms
2026-10-02 15:04:33.052 [http-nio-8080-exec-9] ERROR c.c.o.s.Impl.PatientServiceImpl - Failed to create patient via OpenDental API: 400 Bad Request: ""Malformed API request.""
2026-10-02 15:05:00.014 [scheduling-1] INFO  c.c.o.s.ReconciliationScheduler - === Scheduled Reconciliation Started ===
2026-10-02 15:05:00.205 [scheduling-1] ERROR c.c.o.s.I.ReconciliationSyncService - Failed to fetch Open Dental clinics from installation CLINIC_A: I/O error on GET request for "https://opendental-a.example.com/api/v1/clinics": opendental-a.example.com
2026-10-02 15:05:00.206 [scheduling-1] INFO  c.c.o.s.I.ReconciliationSyncService - RECON entity=clinics clinic=CLINIC_A inserted=0 updated=0 unchanged=0 stale=0 duplicates=0 failed=1
2026-10-02 15:05:00.206 [scheduling-1] ERROR c.c.o.s.I.ReconciliationSyncService - Failed to fetch patients from clinic CLINIC_A: I/O error on GET request for "https://opendental-a.example.com/api/v1/patients": opendental-a.example.com
2026-10-02 15:05:00.207 [scheduling-1] INFO  c.c.o.s.I.ReconciliationSyncService - RECON entity=patients clinic=CLINIC_A inserted=0 updated=0 unchanged=0 stale=0 duplicates=0 failed=1
2026-10-02 15:05:00.207 [scheduling-1] ERROR c.c.o.s.I.ReconciliationSyncService - Failed to fetch appointments from clinic CLINIC_A: I/O error on GET request for "https://opendental-a.example.com/api/v1/appointments": opendental-a.example.com
2026-10-02 15:05:00.207 [scheduling-1] INFO  c.c.o.s.I.ReconciliationSyncService - RECON entity=appointments clinic=CLINIC_A inserted=0 updated=0 unchanged=0 stale=0 duplicates=0 failed=1
2026-10-02 15:05:00.208 [scheduling-1] ERROR c.c.o.s.I.ReconciliationSyncService - Failed to fetch documents from clinic CLINIC_A: I/O error on GET request for "https://opendental-a.example.com/api/v1/patients": opendental-a.example.com
2026-10-02 15:05:00.208 [scheduling-1] INFO  c.c.o.s.I.ReconciliationSyncService - RECON entity=documents clinic=CLINIC_A inserted=0 updated=0 unchanged=0 stale=0 duplicates=0 failed=1
2026-10-02 15:05:00.208 [scheduling-1] ERROR c.c.o.s.I.ReconciliationSyncService - Failed to fetch procedure logs from clinic CLINIC_A: I/O error on GET request for "https://opendental-a.example.com/api/v1/procedurelogs": opendental-a.example.com
2026-10-02 15:05:00.208 [scheduling-1] INFO  c.c.o.s.I.ReconciliationSyncService - RECON entity=procedurelogs clinic=CLINIC_A inserted=0 updated=0 unchanged=0 stale=0 duplicates=0 failed=1
2026-10-02 15:05:00.209 [scheduling-1] ERROR c.c.o.s.I.ReconciliationSyncService - Failed to fetch pat_fields from clinic CLINIC_A: I/O error on GET request for "https://opendental-a.example.com/api/v1/patfields": opendental-a.example.com
2026-10-02 15:05:00.209 [scheduling-1] INFO  c.c.o.s.I.ReconciliationSyncService - RECON entity=patfields clinic=CLINIC_A inserted=0 updated=0 unchanged=0 stale=0 duplicates=0 failed=1
2026-10-02 15:05:00.209 [scheduling-1] ERROR c.c.o.s.I.ReconciliationSyncService - Failed to fetch schedules from clinic CLINIC_A: I/O error on GET request for "https://opendental-a.example.com/api/v1/schedules": opendental-a.example.com
2026-10-02 15:05:00.209 [scheduling-1] INFO  c.c.o.s.I.ReconciliationSyncService - RECON entity=schedules clinic=CLINIC_A inserted=0 updated=0 unchanged=0 stale=0 duplicates=0 failed=1
2026-10-02 15:05:00.209 [scheduling-1] ERROR c.c.o.s.I.ReconciliationSyncService - Failed to fetch tooth initials from clinic CLINIC_A: I/O error on GET request for "https://opendental-a.example.com/api/v1/toothinitial": opendental-a.example.com
2026-10-02 15:05:00.210 [scheduling-1] INFO  c.c.o.s.I.ReconciliationSyncService - RECON entity=toothinitials clinic=CLINIC_A inserted=0 updated=0 unchanged=0 stale=0 duplicates=0 failed=1
2026-10-02 15:05:00.210 [scheduling-1] ERROR c.c.o.s.I.ReconciliationSyncService - Failed to fetch providers from clinic CLINIC_A: I/O error on GET request for "https://opendental-a.example.com/api/v1/providers": opendental-a.example.com
2026-10-02 15:05:00.210 [scheduling-1] INFO  c.c.o.s.I.ReconciliationSyncService - RECON entity=providers clinic=CLINIC_A inserted=0 updated=0 unchanged=0 stale=0 duplicates=0 failed=1
2026-10-02 15:05:00.210 [scheduling-1] ERROR c.c.o.s.I.ReconciliationSyncService - Failed to fetch operatories from clinic CLINIC_A: I/O error on GET request for "https://opendental-a.example.com/api/v1/operatories": opendental-a.example.com
2026-10-02 15:05:00.210 [scheduling-1] INFO  c.c.o.s.I.ReconciliationSyncService - RECON entity=operatories clinic=CLINIC_A inserted=0 updated=0 unchanged=0 stale=0 duplicates=0 failed=1
2026-10-02 15:05:00.210 [scheduling-1] INFO  c.c.o.s.I.ReconciliationSyncService - Reconciliation for clinic CLINIC_A complete: 10 processed, 0 inserted, 0 updated, 0 unchanged, 0 stale, 0 duplicates, 10 failed
2026-10-02 15:05:00.210 [scheduling-1] INFO  c.c.o.s.I.ReconciliationSyncService - Reconciliation for clinic CLINIC_A complete: 0 synced, 10 failed
2026-10-02 15:05:00.212 [scheduling-1] ERROR c.c.o.s.I.ReconciliationSyncService - Failed to fetch Open Dental clinics from installation CLINIC_B: I/O error on GET request for "https://opendental-b.example.com/api/v1/clinics": opendental-b.example.com
2026-10-02 15:05:00.212 [scheduling-1] INFO  c.c.o.s.I.ReconciliationSyncService - RECON entity=clinics clinic=CLINIC_B inserted=0 updated=0 unchanged=0 stale=0 duplicates=0 failed=1
2026-10-02 15:05:00.212 [scheduling-1] ERROR c.c.o.s.I.ReconciliationSyncService - Failed to fetch patients from clinic CLINIC_B: I/O error on GET request for "https://opendental-b.example.com/api/v1/patients": opendental-b.example.com
2026-10-02 15:05:00.212 [scheduling-1] INFO  c.c.o.s.I.ReconciliationSyncService - RECON entity=patients clinic=CLINIC_B inserted=0 updated=0 unchanged=0 stale=0 duplicates=0 failed=1
2026-10-02 15:05:00.212 [scheduling-1] ERROR c.c.o.s.I.ReconciliationSyncService - Failed to fetch appointments from clinic CLINIC_B: I/O error on GET request for "https://opendental-b.example.com/api/v1/appointments": opendental-b.example.com
2026-10-02 15:05:00.212 [scheduling-1] INFO  c.c.o.s.I.ReconciliationSyncService - RECON entity=appointments clinic=CLINIC_B inserted=0 updated=0 unchanged=0 stale=0 duplicates=0 failed=1
2026-10-02 15:05:00.212 [scheduling-1] ERROR c.c.o.s.I.ReconciliationSyncService - Failed to fetch documents from clinic CLINIC_B: I/O error on GET request for "https://opendental-b.example.com/api/v1/patients": opendental-b.example.com
2026-10-02 15:05:00.212 [scheduling-1] INFO  c.c.o.s.I.ReconciliationSyncService - RECON entity=documents clinic=CLINIC_B inserted=0 updated=0 unchanged=0 stale=0 duplicates=0 failed=1
2026-10-02 15:05:00.214 [scheduling-1] ERROR c.c.o.s.I.ReconciliationSyncService - Failed to fetch procedure logs from clinic CLINIC_B: I/O error on GET request for "https://opendental-b.example.com/api/v1/procedurelogs": opendental-b.example.com
2026-10-02 15:05:00.214 [scheduling-1] INFO  c.c.o.s.I.ReconciliationSyncService - RECON entity=procedurelogs clinic=CLINIC_B inserted=0 updated=0 unchanged=0 stale=0 duplicates=0 failed=1
2026-10-02 15:05:00.214 [scheduling-1] ERROR c.c.o.s.I.ReconciliationSyncService - Failed to fetch pat_fields from clinic CLINIC_B: I/O error on GET request for "https://opendental-b.example.com/api/v1/patfields": opendental-b.example.com
2026-10-02 15:05:00.214 [scheduling-1] INFO  c.c.o.s.I.ReconciliationSyncService - RECON entity=patfields clinic=CLINIC_B inserted=0 updated=0 unchanged=0 stale=0 duplicates=0 failed=1
2026-10-02 15:05:00.215 [scheduling-1] ERROR c.c.o.s.I.ReconciliationSyncService - Failed to fetch schedules from clinic CLINIC_B: I/O error on GET request for "https://opendental-b.example.com/api/v1/schedules": opendental-b.example.com
2026-10-02 15:05:00.215 [scheduling-1] INFO  c.c.o.s.I.ReconciliationSyncService - RECON entity=schedules clinic=CLINIC_B inserted=0 updated=0 unchanged=0 stale=0 duplicates=0 failed=1
2026-10-02 15:05:00.215 [scheduling-1] ERROR c.c.o.s.I.ReconciliationSyncService - Failed to fetch tooth initials from clinic CLINIC_B: I/O error on GET request for "https://opendental-b.example.com/api/v1/toothinitial": opendental-b.example.com
2026-10-02 15:05:00.215 [scheduling-1] INFO  c.c.o.s.I.ReconciliationSyncService - RECON entity=toothinitials clinic=CLINIC_B inserted=0 updated=0 unchanged=0 stale=0 duplicates=0 failed=1
2026-10-02 15:05:00.215 [scheduling-1] ERROR c.c.o.s.I.ReconciliationSyncService - Failed to fetch providers from clinic CLINIC_B: I/O error on GET request for "https://opendental-b.example.com/api/v1/providers": opendental-b.example.com
2026-10-02 15:05:00.215 [scheduling-1] INFO  c.c.o.s.I.ReconciliationSyncService - RECON entity=providers clinic=CLINIC_B inserted=0 updated=0 unchanged=0 stale=0 duplicates=0 failed=1
2026-10-02 15:05:00.215 [scheduling-1] ERROR c.c.o.s.I.ReconciliationSyncService - Failed to fetch operatories from clinic CLINIC_B: I/O error on GET request for "https://opendental-b.example.com/api/v1/operatories": opendental-b.example.com
2026-10-02 15:05:00.216 [scheduling-1] INFO  c.c.o.s.I.ReconciliationSyncService - RECON entity=operatories clinic=CLINIC_B inserted=0 updated=0 unchanged=0 stale=0 duplicates=0 failed=1
2026-10-02 15:05:00.216 [scheduling-1] INFO  c.c.o.s.I.ReconciliationSyncService - Reconciliation for clinic CLINIC_B complete: 10 processed, 0 inserted, 0 updated, 0 unchanged, 0 stale, 0 duplicates, 10 failed
2026-10-02 15:05:00.216 [scheduling-1] INFO  c.c.o.s.I.ReconciliationSyncService - Reconciliation for clinic CLINIC_B complete: 0 synced, 10 failed
2026-10-02 15:05:00.217 [scheduling-1] ERROR c.c.o.s.I.ReconciliationSyncService - Failed to fetch Open Dental clinics from installation CLINIC_C: I/O error on GET request for "https://opendental-c.example.com/api/v1/clinics": opendental-c.example.com
2026-10-02 15:05:00.217 [scheduling-1] INFO  c.c.o.s.I.ReconciliationSyncService - RECON entity=clinics clinic=CLINIC_C inserted=0 updated=0 unchanged=0 stale=0 duplicates=0 failed=1
2026-10-02 15:05:00.218 [scheduling-1] ERROR c.c.o.s.I.ReconciliationSyncService - Failed to fetch patients from clinic CLINIC_C: I/O error on GET request for "https://opendental-c.example.com/api/v1/patients": opendental-c.example.com
2026-10-02 15:05:00.218 [scheduling-1] INFO  c.c.o.s.I.ReconciliationSyncService - RECON entity=patients clinic=CLINIC_C inserted=0 updated=0 unchanged=0 stale=0 duplicates=0 failed=1
2026-10-02 15:05:00.218 [scheduling-1] ERROR c.c.o.s.I.ReconciliationSyncService - Failed to fetch appointments from clinic CLINIC_C: I/O error on GET request for "https://opendental-c.example.com/api/v1/appointments": opendental-c.example.com
2026-10-02 15:05:00.218 [scheduling-1] INFO  c.c.o.s.I.ReconciliationSyncService - RECON entity=appointments clinic=CLINIC_C inserted=0 updated=0 unchanged=0 stale=0 duplicates=0 failed=1
2026-10-02 15:05:00.218 [scheduling-1] ERROR c.c.o.s.I.ReconciliationSyncService - Failed to fetch documents from clinic CLINIC_C: I/O error on GET request for "https://opendental-c.example.com/api/v1/patients": opendental-c.example.com
2026-10-02 15:05:00.218 [scheduling-1] INFO  c.c.o.s.I.ReconciliationSyncService - RECON entity=documents clinic=CLINIC_C inserted=0 updated=0 unchanged=0 stale=0 duplicates=0 failed=1
2026-10-02 15:05:00.219 [scheduling-1] ERROR c.c.o.s.I.ReconciliationSyncService - Failed to fetch procedure logs from clinic CLINIC_C: I/O error on GET request for "https://opendental-c.example.com/api/v1/procedurelogs": opendental-c.example.com
2026-10-02 15:05:00.219 [scheduling-1] INFO  c.c.o.s.I.ReconciliationSyncService - RECON entity=procedurelogs clinic=CLINIC_C inserted=0 updated=0 unchanged=0 stale=0 duplicates=0 failed=1
2026-10-02 15:05:00.219 [scheduling-1] ERROR c.c.o.s.I.ReconciliationSyncService - Failed to fetch pat_fields from clinic CLINIC_C: I/O error on GET request for "https://opendental-c.example.com/api/v1/patfields": opendental-c.example.com
2026-10-02 15:05:00.219 [scheduling-1] INFO  c.c.o.s.I.ReconciliationSyncService - RECON entity=patfields clinic=CLINIC_C inserted=0 updated=0 unchanged=0 stale=0 duplicates=0 failed=1
2026-10-02 15:05:00.219 [scheduling-1] ERROR c.c.o.s.I.ReconciliationSyncService - Failed to fetch schedules from clinic CLINIC_C: I/O error on GET request for "https://opendental-c.example.com/api/v1/schedules": opendental-c.example.com
2026-10-02 15:05:00.219 [scheduling-1] INFO  c.c.o.s.I.ReconciliationSyncService - RECON entity=schedules clinic=CLINIC_C inserted=0 updated=0 unchanged=0 stale=0 duplicates=0 failed=1
2026-10-02 15:05:00.219 [scheduling-1] ERROR c.c.o.s.I.ReconciliationSyncService - Failed to fetch tooth initials from clinic CLINIC_C: I/O error on GET request for "https://opendental-c.example.com/api/v1/toothinitial": opendental-c.example.com
2026-10-02 15:05:00.219 [scheduling-1] INFO  c.c.o.s.I.ReconciliationSyncService - RECON entity=toothinitials clinic=CLINIC_C inserted=0 updated=0 unchanged=0 stale=0 duplicates=0 failed=1
2026-10-02 15:05:00.220 [scheduling-1] ERROR c.c.o.s.I.ReconciliationSyncService - Failed to fetch providers from clinic CLINIC_C: I/O error on GET request for "https://opendental-c.example.com/api/v1/providers": opendental-c.example.com
2026-10-02 15:05:00.220 [scheduling-1] INFO  c.c.o.s.I.ReconciliationSyncService - RECON entity=providers clinic=CLINIC_C inserted=0 updated=0 unchanged=0 stale=0 duplicates=0 failed=1
2026-10-02 15:05:00.220 [scheduling-1] ERROR c.c.o.s.I.ReconciliationSyncService - Failed to fetch operatories from clinic CLINIC_C: I/O error on GET request for "https://opendental-c.example.com/api/v1/operatories": opendental-c.example.com
2026-10-02 15:05:00.220 [scheduling-1] INFO  c.c.o.s.I.ReconciliationSyncService - RECON entity=operatories clinic=CLINIC_C inserted=0 updated=0 unchanged=0 stale=0 duplicates=0 failed=1
2026-10-02 15:05:00.220 [scheduling-1] INFO  c.c.o.s.I.ReconciliationSyncService - Reconciliation for clinic CLINIC_C complete: 10 processed, 0 inserted, 0 updated, 0 unchanged, 0 stale, 0 duplicates, 10 failed
2026-10-02 15:05:00.220 [scheduling-1] INFO  c.c.o.s.I.ReconciliationSyncService - Reconciliation for clinic CLINIC_C complete: 0 synced, 10 failed
2026-10-02 15:05:00.220 [scheduling-1] INFO  c.c.o.s.I.ReconciliationSyncService - Reconciliation completed for 3 clinics (30 entities, 0 synced, 30 failed)
2026-10-02 15:05:00.220 [scheduling-1] INFO  c.c.o.s.ReconciliationScheduler - === Scheduled Reconciliation Complete: Reconciliation completed for 3 clinics (30 entities, 0 synced, 30 failed)
2026-10-02 15:05:00.220 [scheduling-1] INFO  c.c.o.s.ReconciliationScheduler - Scheduled reconciliation took 206 ms
2026-10-02 15:06:00.002 [scheduling-1] INFO  c.c.o.s.ReconciliationScheduler - === Scheduled Reconciliation Started ===
2026-10-02 15:06:00.188 [scheduling-1] ERROR c.c.o.s.I.ReconciliationSyncService - Failed to fetch Open Dental clinics from installation CLINIC_A: I/O error on GET request for "https://opendental-a.example.com/api/v1/clinics": opendental-a.example.com
2026-10-02 15:06:00.189 [scheduling-1] INFO  c.c.o.s.I.ReconciliationSyncService - RECON entity=clinics clinic=CLINIC_A inserted=0 updated=0 unchanged=0 stale=0 duplicates=0 failed=1
2026-10-02 15:06:00.189 [scheduling-1] ERROR c.c.o.s.I.ReconciliationSyncService - Failed to fetch patients from clinic CLINIC_A: I/O error on GET request for "https://opendental-a.example.com/api/v1/patients": opendental-a.example.com
2026-10-02 15:06:00.190 [scheduling-1] INFO  c.c.o.s.I.ReconciliationSyncService - RECON entity=patients clinic=CLINIC_A inserted=0 updated=0 unchanged=0 stale=0 duplicates=0 failed=1
2026-10-02 15:06:00.190 [scheduling-1] ERROR c.c.o.s.I.ReconciliationSyncService - Failed to fetch appointments from clinic CLINIC_A: I/O error on GET request for "https://opendental-a.example.com/api/v1/appointments": opendental-a.example.com
2026-10-02 15:06:00.190 [scheduling-1] INFO  c.c.o.s.I.ReconciliationSyncService - RECON entity=appointments clinic=CLINIC_A inserted=0 updated=0 unchanged=0 stale=0 duplicates=0 failed=1
2026-10-02 15:06:00.191 [scheduling-1] ERROR c.c.o.s.I.ReconciliationSyncService - Failed to fetch documents from clinic CLINIC_A: I/O error on GET request for "https://opendental-a.example.com/api/v1/patients": opendental-a.example.com
2026-10-02 15:06:00.191 [scheduling-1] INFO  c.c.o.s.I.ReconciliationSyncService - RECON entity=documents clinic=CLINIC_A inserted=0 updated=0 unchanged=0 stale=0 duplicates=0 failed=1
2026-10-02 15:06:00.191 [scheduling-1] ERROR c.c.o.s.I.ReconciliationSyncService - Failed to fetch procedure logs from clinic CLINIC_A: I/O error on GET request for "https://opendental-a.example.com/api/v1/procedurelogs": opendental-a.example.com
2026-10-02 15:06:00.191 [scheduling-1] INFO  c.c.o.s.I.ReconciliationSyncService - RECON entity=procedurelogs clinic=CLINIC_A inserted=0 updated=0 unchanged=0 stale=0 duplicates=0 failed=1
2026-10-02 15:06:00.191 [scheduling-1] ERROR c.c.o.s.I.ReconciliationSyncService - Failed to fetch pat_fields from clinic CLINIC_A: I/O error on GET request for "https://opendental-a.example.com/api/v1/patfields": opendental-a.example.com
2026-10-02 15:06:00.192 [scheduling-1] INFO  c.c.o.s.I.ReconciliationSyncService - RECON entity=patfields clinic=CLINIC_A inserted=0 updated=0 unchanged=0 stale=0 duplicates=0 failed=1
2026-10-02 15:06:00.192 [scheduling-1] ERROR c.c.o.s.I.ReconciliationSyncService - Failed to fetch schedules from clinic CLINIC_A: I/O error on GET request for "https://opendental-a.example.com/api/v1/schedules": opendental-a.example.com
2026-10-02 15:06:00.192 [scheduling-1] INFO  c.c.o.s.I.ReconciliationSyncService - RECON entity=schedules clinic=CLINIC_A inserted=0 updated=0 unchanged=0 stale=0 duplicates=0 failed=1
2026-10-02 15:06:00.193 [scheduling-1] ERROR c.c.o.s.I.ReconciliationSyncService - Failed to fetch tooth initials from clinic CLINIC_A: I/O error on GET request for "https://opendental-a.example.com/api/v1/toothinitial": opendental-a.example.com
2026-10-02 15:06:00.193 [scheduling-1] INFO  c.c.o.s.I.ReconciliationSyncService - RECON entity=toothinitials clinic=CLINIC_A inserted=0 updated=0 unchanged=0 stale=0 duplicates=0 failed=1
2026-10-02 15:06:00.193 [scheduling-1] ERROR c.c.o.s.I.ReconciliationSyncService - Failed to fetch providers from clinic CLINIC_A: I/O error on GET request for "https://opendental-a.example.com/api/v1/providers": opendental-a.example.com
2026-10-02 15:06:00.193 [scheduling-1] INFO  c.c.o.s.I.ReconciliationSyncService - RECON entity=providers clinic=CLINIC_A inserted=0 updated=0 unchanged=0 stale=0 duplicates=0 failed=1
2026-10-02 15:06:00.193 [scheduling-1] ERROR c.c.o.s.I.ReconciliationSyncService - Failed to fetch operatories from clinic CLINIC_A: I/O error on GET request for "https://opendental-a.example.com/api/v1/operatories": opendental-a.example.com
2026-10-02 15:06:00.193 [scheduling-1] INFO  c.c.o.s.I.ReconciliationSyncService - RECON entity=operatories clinic=CLINIC_A inserted=0 updated=0 unchanged=0 stale=0 duplicates=0 failed=1
2026-10-02 15:06:00.193 [scheduling-1] INFO  c.c.o.s.I.ReconciliationSyncService - Reconciliation for clinic CLINIC_A complete: 10 processed, 0 inserted, 0 updated, 0 unchanged, 0 stale, 0 duplicates, 10 failed
2026-10-02 15:06:00.193 [scheduling-1] INFO  c.c.o.s.I.ReconciliationSyncService - Reconciliation for clinic CLINIC_A complete: 0 synced, 10 failed
2026-10-02 15:06:00.196 [scheduling-1] ERROR c.c.o.s.I.ReconciliationSyncService - Failed to fetch Open Dental clinics from installation CLINIC_B: I/O error on GET request for "https://opendental-b.example.com/api/v1/clinics": opendental-b.example.com
2026-10-02 15:06:00.196 [scheduling-1] INFO  c.c.o.s.I.ReconciliationSyncService - RECON entity=clinics clinic=CLINIC_B inserted=0 updated=0 unchanged=0 stale=0 duplicates=0 failed=1
2026-10-02 15:06:00.197 [scheduling-1] ERROR c.c.o.s.I.ReconciliationSyncService - Failed to fetch patients from clinic CLINIC_B: I/O error on GET request for "https://opendental-b.example.com/api/v1/patients": opendental-b.example.com
2026-10-02 15:06:00.197 [scheduling-1] INFO  c.c.o.s.I.ReconciliationSyncService - RECON entity=patients clinic=CLINIC_B inserted=0 updated=0 unchanged=0 stale=0 duplicates=0 failed=1
2026-10-02 15:06:00.197 [scheduling-1] ERROR c.c.o.s.I.ReconciliationSyncService - Failed to fetch appointments from clinic CLINIC_B: I/O error on GET request for "https://opendental-b.example.com/api/v1/appointments": opendental-b.example.com
2026-10-02 15:06:00.197 [scheduling-1] INFO  c.c.o.s.I.ReconciliationSyncService - RECON entity=appointments clinic=CLINIC_B inserted=0 updated=0 unchanged=0 stale=0 duplicates=0 failed=1
2026-10-02 15:06:00.198 [scheduling-1] ERROR c.c.o.s.I.ReconciliationSyncService - Failed to fetch documents from clinic CLINIC_B: I/O error on GET request for "https://opendental-b.example.com/api/v1/patients": opendental-b.example.com
2026-10-02 15:06:00.198 [scheduling-1] INFO  c.c.o.s.I.ReconciliationSyncService - RECON entity=documents clinic=CLINIC_B inserted=0 updated=0 unchanged=0 stale=0 duplicates=0 failed=1
2026-10-02 15:06:00.198 [scheduling-1] ERROR c.c.o.s.I.ReconciliationSyncService - Failed to fetch procedure logs from clinic CLINIC_B: I/O error on GET request for "https://opendental-b.example.com/api/v1/procedurelogs": opendental-b.example.com
2026-10-02 15:06:00.198 [scheduling-1] INFO  c.c.o.s.I.ReconciliationSyncService - RECON entity=procedurelogs clinic=CLINIC_B inserted=0 updated=0 unchanged=0 stale=0 duplicates=0 failed=1
2026-10-02 15:06:00.198 [scheduling-1] ERROR c.c.o.s.I.ReconciliationSyncService - Failed to fetch pat_fields from clinic CLINIC_B: I/O error on GET request for "https://opendental-b.example.com/api/v1/patfields": opendental-b.example.com
2026-10-02 15:06:00.199 [scheduling-1] INFO  c.c.o.s.I.ReconciliationSyncService - RECON entity=patfields clinic=CLINIC_B inserted=0 updated=0 unchanged=0 stale=0 duplicates=0 failed=1
2026-10-02 15:06:00.199 [scheduling-1] ERROR c.c.o.s.I.ReconciliationSyncService - Failed to fetch schedules from clinic CLINIC_B: I/O error on GET request for "https://opendental-b.example.com/api/v1/schedules": opendental-b.example.com
2026-10-02 15:06:00.199 [scheduling-1] INFO  c.c.o.s.I.ReconciliationSyncService - RECON entity=schedules clinic=CLINIC_B inserted=0 updated=0 unchanged=0 stale=0 duplicates=0 failed=1
2026-10-02 15:06:00.199 [scheduling-1] ERROR c.c.o.s.I.ReconciliationSyncService - Failed to fetch tooth initials from clinic CLINIC_B: I/O error on GET request for "https://opendental-b.example.com/api/v1/toothinitial": opendental-b.example.com
2026-10-02 15:06:00.199 [scheduling-1] INFO  c.c.o.s.I.ReconciliationSyncService - RECON entity=toothinitials clinic=CLINIC_B inserted=0 updated=0 unchanged=0 stale=0 duplicates=0 failed=1
2026-10-02 15:06:00.199 [scheduling-1] ERROR c.c.o.s.I.ReconciliationSyncService - Failed to fetch providers from clinic CLINIC_B: I/O error on GET request for "https://opendental-b.example.com/api/v1/providers": opendental-b.example.com
2026-10-02 15:06:00.199 [scheduling-1] INFO  c.c.o.s.I.ReconciliationSyncService - RECON entity=providers clinic=CLINIC_B inserted=0 updated=0 unchanged=0 stale=0 duplicates=0 failed=1
2026-10-02 15:06:00.200 [scheduling-1] ERROR c.c.o.s.I.ReconciliationSyncService - Failed to fetch operatories from clinic CLINIC_B: I/O error on GET request for "https://opendental-b.example.com/api/v1/operatories": opendental-b.example.com
2026-10-02 15:06:00.200 [scheduling-1] INFO  c.c.o.s.I.ReconciliationSyncService - RECON entity=operatories clinic=CLINIC_B inserted=0 updated=0 unchanged=0 stale=0 duplicates=0 failed=1
2026-10-02 15:06:00.200 [scheduling-1] INFO  c.c.o.s.I.ReconciliationSyncService - Reconciliation for clinic CLINIC_B complete: 10 processed, 0 inserted, 0 updated, 0 unchanged, 0 stale, 0 duplicates, 10 failed
2026-10-02 15:06:00.200 [scheduling-1] INFO  c.c.o.s.I.ReconciliationSyncService - Reconciliation for clinic CLINIC_B complete: 0 synced, 10 failed
2026-10-02 15:06:00.204 [scheduling-1] ERROR c.c.o.s.I.ReconciliationSyncService - Failed to fetch Open Dental clinics from installation CLINIC_C: I/O error on GET request for "https://opendental-c.example.com/api/v1/clinics": opendental-c.example.com
2026-10-02 15:06:00.204 [scheduling-1] INFO  c.c.o.s.I.ReconciliationSyncService - RECON entity=clinics clinic=CLINIC_C inserted=0 updated=0 unchanged=0 stale=0 duplicates=0 failed=1
2026-10-02 15:06:00.204 [scheduling-1] ERROR c.c.o.s.I.ReconciliationSyncService - Failed to fetch patients from clinic CLINIC_C: I/O error on GET request for "https://opendental-c.example.com/api/v1/patients": opendental-c.example.com
2026-10-02 15:06:00.204 [scheduling-1] INFO  c.c.o.s.I.ReconciliationSyncService - RECON entity=patients clinic=CLINIC_C inserted=0 updated=0 unchanged=0 stale=0 duplicates=0 failed=1
2026-10-02 15:06:00.205 [scheduling-1] ERROR c.c.o.s.I.ReconciliationSyncService - Failed to fetch appointments from clinic CLINIC_C: I/O error on GET request for "https://opendental-c.example.com/api/v1/appointments": opendental-c.example.com
2026-10-02 15:06:00.205 [scheduling-1] INFO  c.c.o.s.I.ReconciliationSyncService - RECON entity=appointments clinic=CLINIC_C inserted=0 updated=0 unchanged=0 stale=0 duplicates=0 failed=1
2026-10-02 15:06:00.205 [scheduling-1] ERROR c.c.o.s.I.ReconciliationSyncService - Failed to fetch documents from clinic CLINIC_C: I/O error on GET request for "https://opendental-c.example.com/api/v1/patients": opendental-c.example.com
2026-10-02 15:06:00.205 [scheduling-1] INFO  c.c.o.s.I.ReconciliationSyncService - RECON entity=documents clinic=CLINIC_C inserted=0 updated=0 unchanged=0 stale=0 duplicates=0 failed=1
2026-10-02 15:06:00.205 [scheduling-1] ERROR c.c.o.s.I.ReconciliationSyncService - Failed to fetch procedure logs from clinic CLINIC_C: I/O error on GET request for "https://opendental-c.example.com/api/v1/procedurelogs": opendental-c.example.com
2026-10-02 15:06:00.206 [scheduling-1] INFO  c.c.o.s.I.ReconciliationSyncService - RECON entity=procedurelogs clinic=CLINIC_C inserted=0 updated=0 unchanged=0 stale=0 duplicates=0 failed=1
2026-10-02 15:06:00.206 [scheduling-1] ERROR c.c.o.s.I.ReconciliationSyncService - Failed to fetch pat_fields from clinic CLINIC_C: I/O error on GET request for "https://opendental-c.example.com/api/v1/patfields": opendental-c.example.com
2026-10-02 15:06:00.206 [scheduling-1] INFO  c.c.o.s.I.ReconciliationSyncService - RECON entity=patfields clinic=CLINIC_C inserted=0 updated=0 unchanged=0 stale=0 duplicates=0 failed=1
2026-10-02 15:06:00.206 [scheduling-1] ERROR c.c.o.s.I.ReconciliationSyncService - Failed to fetch schedules from clinic CLINIC_C: I/O error on GET request for "https://opendental-c.example.com/api/v1/schedules": opendental-c.example.com
2026-10-02 15:06:00.206 [scheduling-1] INFO  c.c.o.s.I.ReconciliationSyncService - RECON entity=schedules clinic=CLINIC_C inserted=0 updated=0 unchanged=0 stale=0 duplicates=0 failed=1
2026-10-02 15:06:00.206 [scheduling-1] ERROR c.c.o.s.I.ReconciliationSyncService - Failed to fetch tooth initials from clinic CLINIC_C: I/O error on GET request for "https://opendental-c.example.com/api/v1/toothinitial": opendental-c.example.com
2026-10-02 15:06:00.206 [scheduling-1] INFO  c.c.o.s.I.ReconciliationSyncService - RECON entity=toothinitials clinic=CLINIC_C inserted=0 updated=0 unchanged=0 stale=0 duplicates=0 failed=1
2026-10-02 15:06:00.207 [scheduling-1] ERROR c.c.o.s.I.ReconciliationSyncService - Failed to fetch providers from clinic CLINIC_C: I/O error on GET request for "https://opendental-c.example.com/api/v1/providers": opendental-c.example.com
2026-10-02 15:06:00.208 [scheduling-1] INFO  c.c.o.s.I.ReconciliationSyncService - RECON entity=providers clinic=CLINIC_C inserted=0 updated=0 unchanged=0 stale=0 duplicates=0 failed=1
2026-10-02 15:06:00.208 [scheduling-1] ERROR c.c.o.s.I.ReconciliationSyncService - Failed to fetch operatories from clinic CLINIC_C: I/O error on GET request for "https://opendental-c.example.com/api/v1/operatories": opendental-c.example.com
2026-10-02 15:06:00.208 [scheduling-1] INFO  c.c.o.s.I.ReconciliationSyncService - RECON entity=operatories clinic=CLINIC_C inserted=0 updated=0 unchanged=0 stale=0 duplicates=0 failed=1
2026-10-02 15:06:00.208 [scheduling-1] INFO  c.c.o.s.I.ReconciliationSyncService - Reconciliation for clinic CLINIC_C complete: 10 processed, 0 inserted, 0 updated, 0 unchanged, 0 stale, 0 duplicates, 10 failed
2026-10-02 15:06:00.208 [scheduling-1] INFO  c.c.o.s.I.ReconciliationSyncService - Reconciliation for clinic CLINIC_C complete: 0 synced, 10 failed
2026-10-02 15:06:00.208 [scheduling-1] INFO  c.c.o.s.I.ReconciliationSyncService - Reconciliation completed for 3 clinics (30 entities, 0 synced, 30 failed)
2026-10-02 15:06:00.208 [scheduling-1] INFO  c.c.o.s.ReconciliationScheduler - === Scheduled Reconciliation Complete: Reconciliation completed for 3 clinics (30 entities, 0 synced, 30 failed)
2026-10-02 15:06:00.208 [scheduling-1] INFO  c.c.o.s.ReconciliationScheduler - Scheduled reconciliation took 205 ms
2026-10-02 15:07:00.003 [scheduling-1] INFO  c.c.o.s.ReconciliationScheduler - === Scheduled Reconciliation Started ===
2026-10-02 15:07:00.203 [scheduling-1] ERROR c.c.o.s.I.ReconciliationSyncService - Failed to fetch Open Dental clinics from installation CLINIC_A: I/O error on GET request for "https://opendental-a.example.com/api/v1/clinics": opendental-a.example.com
2026-10-02 15:07:00.204 [scheduling-1] INFO  c.c.o.s.I.ReconciliationSyncService - RECON entity=clinics clinic=CLINIC_A inserted=0 updated=0 unchanged=0 stale=0 duplicates=0 failed=1
2026-10-02 15:07:00.204 [scheduling-1] ERROR c.c.o.s.I.ReconciliationSyncService - Failed to fetch patients from clinic CLINIC_A: I/O error on GET request for "https://opendental-a.example.com/api/v1/patients": opendental-a.example.com
2026-10-02 15:07:00.204 [scheduling-1] INFO  c.c.o.s.I.ReconciliationSyncService - RECON entity=patients clinic=CLINIC_A inserted=0 updated=0 unchanged=0 stale=0 duplicates=0 failed=1
2026-10-02 15:07:00.205 [scheduling-1] ERROR c.c.o.s.I.ReconciliationSyncService - Failed to fetch appointments from clinic CLINIC_A: I/O error on GET request for "https://opendental-a.example.com/api/v1/appointments": opendental-a.example.com
2026-10-02 15:07:00.205 [scheduling-1] INFO  c.c.o.s.I.ReconciliationSyncService - RECON entity=appointments clinic=CLINIC_A inserted=0 updated=0 unchanged=0 stale=0 duplicates=0 failed=1
2026-10-02 15:07:00.206 [scheduling-1] ERROR c.c.o.s.I.ReconciliationSyncService - Failed to fetch documents from clinic CLINIC_A: I/O error on GET request for "https://opendental-a.example.com/api/v1/patients": opendental-a.example.com
2026-10-02 15:07:00.206 [scheduling-1] INFO  c.c.o.s.I.ReconciliationSyncService - RECON entity=documents clinic=CLINIC_A inserted=0 updated=0 unchanged=0 stale=0 duplicates=0 failed=1
2026-10-02 15:07:00.206 [scheduling-1] ERROR c.c.o.s.I.ReconciliationSyncService - Failed to fetch procedure logs from clinic CLINIC_A: I/O error on GET request for "https://opendental-a.example.com/api/v1/procedurelogs": opendental-a.example.com
2026-10-02 15:07:00.206 [scheduling-1] INFO  c.c.o.s.I.ReconciliationSyncService - RECON entity=procedurelogs clinic=CLINIC_A inserted=0 updated=0 unchanged=0 stale=0 duplicates=0 failed=1
2026-10-02 15:07:00.207 [scheduling-1] ERROR c.c.o.s.I.ReconciliationSyncService - Failed to fetch pat_fields from clinic CLINIC_A: I/O error on GET request for "https://opendental-a.example.com/api/v1/patfields": opendental-a.example.com
2026-10-02 15:07:00.207 [scheduling-1] INFO  c.c.o.s.I.ReconciliationSyncService - RECON entity=patfields clinic=CLINIC_A inserted=0 updated=0 unchanged=0 stale=0 duplicates=0 failed=1
2026-10-02 15:07:00.207 [scheduling-1] ERROR c.c.o.s.I.ReconciliationSyncService - Failed to fetch schedules from clinic CLINIC_A: I/O error on GET request for "https://opendental-a.example.com/api/v1/schedules": opendental-a.example.com
2026-10-02 15:07:00.207 [scheduling-1] INFO  c.c.o.s.I.ReconciliationSyncService - RECON entity=schedules clinic=CLINIC_A inserted=0 updated=0 unchanged=0 stale=0 duplicates=0 failed=1
2026-10-02 15:07:00.208 [scheduling-1] ERROR c.c.o.s.I.ReconciliationSyncService - Failed to fetch tooth initials from clinic CLINIC_A: I/O error on GET request for "https://opendental-a.example.com/api/v1/toothinitial": opendental-a.example.com
2026-10-02 15:07:00.208 [scheduling-1] INFO  c.c.o.s.I.ReconciliationSyncService - RECON entity=toothinitials clinic=CLINIC_A inserted=0 updated=0 unchanged=0 stale=0 duplicates=0 failed=1
2026-10-02 15:07:00.208 [scheduling-1] ERROR c.c.o.s.I.ReconciliationSyncService - Failed to fetch providers from clinic CLINIC_A: I/O error on GET request for "https://opendental-a.example.com/api/v1/providers": opendental-a.example.com
2026-10-02 15:07:00.208 [scheduling-1] INFO  c.c.o.s.I.ReconciliationSyncService - RECON entity=providers clinic=CLINIC_A inserted=0 updated=0 unchanged=0 stale=0 duplicates=0 failed=1
2026-10-02 15:07:00.209 [scheduling-1] ERROR c.c.o.s.I.ReconciliationSyncService - Failed to fetch operatories from clinic CLINIC_A: I/O error on GET request for "https://opendental-a.example.com/api/v1/operatories": opendental-a.example.com
2026-10-02 15:07:00.209 [scheduling-1] INFO  c.c.o.s.I.ReconciliationSyncService - RECON entity=operatories clinic=CLINIC_A inserted=0 updated=0 unchanged=0 stale=0 duplicates=0 failed=1
2026-10-02 15:07:00.209 [scheduling-1] INFO  c.c.o.s.I.ReconciliationSyncService - Reconciliation for clinic CLINIC_A complete: 10 processed, 0 inserted, 0 updated, 0 unchanged, 0 stale, 0 duplicates, 10 failed
2026-10-02 15:07:00.209 [scheduling-1] INFO  c.c.o.s.I.ReconciliationSyncService - Reconciliation for clinic CLINIC_A complete: 0 synced, 10 failed
2026-10-02 15:07:00.214 [scheduling-1] ERROR c.c.o.s.I.ReconciliationSyncService - Failed to fetch Open Dental clinics from installation CLINIC_B: I/O error on GET request for "https://opendental-b.example.com/api/v1/clinics": opendental-b.example.com
2026-10-02 15:07:00.214 [scheduling-1] INFO  c.c.o.s.I.ReconciliationSyncService - RECON entity=clinics clinic=CLINIC_B inserted=0 updated=0 unchanged=0 stale=0 duplicates=0 failed=1
2026-10-02 15:07:00.214 [scheduling-1] ERROR c.c.o.s.I.ReconciliationSyncService - Failed to fetch patients from clinic CLINIC_B: I/O error on GET request for "https://opendental-b.example.com/api/v1/patients": opendental-b.example.com
2026-10-02 15:07:00.214 [scheduling-1] INFO  c.c.o.s.I.ReconciliationSyncService - RECON entity=patients clinic=CLINIC_B inserted=0 updated=0 unchanged=0 stale=0 duplicates=0 failed=1
2026-10-02 15:07:00.216 [scheduling-1] ERROR c.c.o.s.I.ReconciliationSyncService - Failed to fetch appointments from clinic CLINIC_B: I/O error on GET request for "https://opendental-b.example.com/api/v1/appointments": opendental-b.example.com
2026-10-02 15:07:00.216 [scheduling-1] INFO  c.c.o.s.I.ReconciliationSyncService - RECON entity=appointments clinic=CLINIC_B inserted=0 updated=0 unchanged=0 stale=0 duplicates=0 failed=1
2026-10-02 15:07:00.216 [scheduling-1] ERROR c.c.o.s.I.ReconciliationSyncService - Failed to fetch documents from clinic CLINIC_B: I/O error on GET request for "https://opendental-b.example.com/api/v1/patients": opendental-b.example.com
2026-10-02 15:07:00.216 [scheduling-1] INFO  c.c.o.s.I.ReconciliationSyncService - RECON entity=documents clinic=CLINIC_B inserted=0 updated=0 unchanged=0 stale=0 duplicates=0 failed=1
2026-10-02 15:07:00.216 [scheduling-1] ERROR c.c.o.s.I.ReconciliationSyncService - Failed to fetch procedure logs from clinic CLINIC_B: I/O error on GET request for "https://opendental-b.example.com/api/v1/procedurelogs": opendental-b.example.com
2026-10-02 15:07:00.216 [scheduling-1] INFO  c.c.o.s.I.ReconciliationSyncService - RECON entity=procedurelogs clinic=CLINIC_B inserted=0 updated=0 unchanged=0 stale=0 duplicates=0 failed=1
2026-10-02 15:07:00.217 [scheduling-1] ERROR c.c.o.s.I.ReconciliationSyncService - Failed to fetch pat_fields from clinic CLINIC_B: I/O error on GET request for "https://opendental-b.example.com/api/v1/patfields": opendental-b.example.com
2026-10-02 15:07:00.217 [scheduling-1] INFO  c.c.o.s.I.ReconciliationSyncService - RECON entity=patfields clinic=CLINIC_B inserted=0 updated=0 unchanged=0 stale=0 duplicates=0 failed=1
2026-10-02 15:07:00.217 [scheduling-1] ERROR c.c.o.s.I.ReconciliationSyncService - Failed to fetch schedules from clinic CLINIC_B: I/O error on GET request for "https://opendental-b.example.com/api/v1/schedules": opendental-b.example.com
2026-10-02 15:07:00.217 [scheduling-1] INFO  c.c.o.s.I.ReconciliationSyncService - RECON entity=schedules clinic=CLINIC_B inserted=0 updated=0 unchanged=0 stale=0 duplicates=0 failed=1
2026-10-02 15:07:00.217 [scheduling-1] ERROR c.c.o.s.I.ReconciliationSyncService - Failed to fetch tooth initials from clinic CLINIC_B: I/O error on GET request for "https://opendental-b.example.com/api/v1/toothinitial": opendental-b.example.com
2026-10-02 15:07:00.217 [scheduling-1] INFO  c.c.o.s.I.ReconciliationSyncService - RECON entity=toothinitials clinic=CLINIC_B inserted=0 updated=0 unchanged=0 stale=0 duplicates=0 failed=1
2026-10-02 15:07:00.218 [scheduling-1] ERROR c.c.o.s.I.ReconciliationSyncService - Failed to fetch providers from clinic CLINIC_B: I/O error on GET request for "https://opendental-b.example.com/api/v1/providers": opendental-b.example.com
2026-10-02 15:07:00.218 [scheduling-1] INFO  c.c.o.s.I.ReconciliationSyncService - RECON entity=providers clinic=CLINIC_B inserted=0 updated=0 unchanged=0 stale=0 duplicates=0 failed=1
2026-10-02 15:07:00.218 [scheduling-1] ERROR c.c.o.s.I.ReconciliationSyncService - Failed to fetch operatories from clinic CLINIC_B: I/O error on GET request for "https://opendental-b.example.com/api/v1/operatories": opendental-b.example.com
2026-10-02 15:07:00.218 [scheduling-1] INFO  c.c.o.s.I.ReconciliationSyncService - RECON entity=operatories clinic=CLINIC_B inserted=0 updated=0 unchanged=0 stale=0 duplicates=0 failed=1
2026-10-02 15:07:00.218 [scheduling-1] INFO  c.c.o.s.I.ReconciliationSyncService - Reconciliation for clinic CLINIC_B complete: 10 processed, 0 inserted, 0 updated, 0 unchanged, 0 stale, 0 duplicates, 10 failed
2026-10-02 15:07:00.218 [scheduling-1] INFO  c.c.o.s.I.ReconciliationSyncService - Reconciliation for clinic CLINIC_B complete: 0 synced, 10 failed
2026-10-02 15:07:00.227 [scheduling-1] ERROR c.c.o.s.I.ReconciliationSyncService - Failed to fetch Open Dental clinics from installation CLINIC_C: I/O error on GET request for "https://opendental-c.example.com/api/v1/clinics": opendental-c.example.com
2026-10-02 15:07:00.227 [scheduling-1] INFO  c.c.o.s.I.ReconciliationSyncService - RECON entity=clinics clinic=CLINIC_C inserted=0 updated=0 unchanged=0 stale=0 duplicates=0 failed=1
2026-10-02 15:07:00.227 [scheduling-1] ERROR c.c.o.s.I.ReconciliationSyncService - Failed to fetch patients from clinic CLINIC_C: I/O error on GET request for "https://opendental-c.example.com/api/v1/patients": opendental-c.example.com
2026-10-02 15:07:00.227 [scheduling-1] INFO  c.c.o.s.I.ReconciliationSyncService - RECON entity=patients clinic=CLINIC_C inserted=0 updated=0 unchanged=0 stale=0 duplicates=0 failed=1
2026-10-02 15:07:00.228 [scheduling-1] ERROR c.c.o.s.I.ReconciliationSyncService - Failed to fetch appointments from clinic CLINIC_C: I/O error on GET request for "https://opendental-c.example.com/api/v1/appointments": opendental-c.example.com
2026-10-02 15:07:00.228 [scheduling-1] INFO  c.c.o.s.I.ReconciliationSyncService - RECON entity=appointments clinic=CLINIC_C inserted=0 updated=0 unchanged=0 stale=0 duplicates=0 failed=1
2026-10-02 15:07:00.228 [scheduling-1] ERROR c.c.o.s.I.ReconciliationSyncService - Failed to fetch documents from clinic CLINIC_C: I/O error on GET request for "https://opendental-c.example.com/api/v1/patients": opendental-c.example.com
2026-10-02 15:07:00.228 [scheduling-1] INFO  c.c.o.s.I.ReconciliationSyncService - RECON entity=documents clinic=CLINIC_C inserted=0 updated=0 unchanged=0 stale=0 duplicates=0 failed=1
2026-10-02 15:07:00.228 [scheduling-1] ERROR c.c.o.s.I.ReconciliationSyncService - Failed to fetch procedure logs from clinic CLINIC_C: I/O error on GET request for "https://opendental-c.example.com/api/v1/procedurelogs": opendental-c.example.com
2026-10-02 15:07:00.228 [scheduling-1] INFO  c.c.o.s.I.ReconciliationSyncService - RECON entity=procedurelogs clinic=CLINIC_C inserted=0 updated=0 unchanged=0 stale=0 duplicates=0 failed=1
2026-10-02 15:07:00.229 [scheduling-1] ERROR c.c.o.s.I.ReconciliationSyncService - Failed to fetch pat_fields from clinic CLINIC_C: I/O error on GET request for "https://opendental-c.example.com/api/v1/patfields": opendental-c.example.com
2026-10-02 15:07:00.229 [scheduling-1] INFO  c.c.o.s.I.ReconciliationSyncService - RECON entity=patfields clinic=CLINIC_C inserted=0 updated=0 unchanged=0 stale=0 duplicates=0 failed=1
2026-10-02 15:07:00.229 [scheduling-1] ERROR c.c.o.s.I.ReconciliationSyncService - Failed to fetch schedules from clinic CLINIC_C: I/O error on GET request for "https://opendental-c.example.com/api/v1/schedules": opendental-c.example.com
2026-10-02 15:07:00.229 [scheduling-1] INFO  c.c.o.s.I.ReconciliationSyncService - RECON entity=schedules clinic=CLINIC_C inserted=0 updated=0 unchanged=0 stale=0 duplicates=0 failed=1
2026-10-02 15:07:00.230 [scheduling-1] ERROR c.c.o.s.I.ReconciliationSyncService - Failed to fetch tooth initials from clinic CLINIC_C: I/O error on GET request for "https://opendental-c.example.com/api/v1/toothinitial": opendental-c.example.com
2026-10-02 15:07:00.230 [scheduling-1] INFO  c.c.o.s.I.ReconciliationSyncService - RECON entity=toothinitials clinic=CLINIC_C inserted=0 updated=0 unchanged=0 stale=0 duplicates=0 failed=1
2026-10-02 15:07:00.230 [scheduling-1] ERROR c.c.o.s.I.ReconciliationSyncService - Failed to fetch providers from clinic CLINIC_C: I/O error on GET request for "https://opendental-c.example.com/api/v1/providers": opendental-c.example.com
2026-10-02 15:07:00.230 [scheduling-1] INFO  c.c.o.s.I.ReconciliationSyncService - RECON entity=providers clinic=CLINIC_C inserted=0 updated=0 unchanged=0 stale=0 duplicates=0 failed=1
2026-10-02 15:07:00.230 [scheduling-1] ERROR c.c.o.s.I.ReconciliationSyncService - Failed to fetch operatories from clinic CLINIC_C: I/O error on GET request for "https://opendental-c.example.com/api/v1/operatories": opendental-c.example.com
2026-10-02 15:07:00.230 [scheduling-1] INFO  c.c.o.s.I.ReconciliationSyncService - RECON entity=operatories clinic=CLINIC_C inserted=0 updated=0 unchanged=0 stale=0 duplicates=0 failed=1
2026-10-02 15:07:00.231 [scheduling-1] INFO  c.c.o.s.I.ReconciliationSyncService - Reconciliation for clinic CLINIC_C complete: 10 processed, 0 inserted, 0 updated, 0 unchanged, 0 stale, 0 duplicates, 10 failed
2026-10-02 15:07:00.231 [scheduling-1] INFO  c.c.o.s.I.ReconciliationSyncService - Reconciliation for clinic CLINIC_C complete: 0 synced, 10 failed
2026-10-02 15:07:00.231 [scheduling-1] INFO  c.c.o.s.I.ReconciliationSyncService - Reconciliation completed for 3 clinics (30 entities, 0 synced, 30 failed)
2026-10-02 15:07:00.231 [scheduling-1] INFO  c.c.o.s.ReconciliationScheduler - === Scheduled Reconciliation Complete: Reconciliation completed for 3 clinics (30 entities, 0 synced, 30 failed)
2026-10-02 15:07:00.231 [scheduling-1] INFO  c.c.o.s.ReconciliationScheduler - Scheduled reconciliation took 227 ms
2026-10-02 15:08:00.005 [scheduling-1] INFO  c.c.o.s.ReconciliationScheduler - === Scheduled Reconciliation Started ===
2026-10-02 15:08:00.196 [scheduling-1] ERROR c.c.o.s.I.ReconciliationSyncService - Failed to fetch Open Dental clinics from installation CLINIC_A: I/O error on GET request for "https://opendental-a.example.com/api/v1/clinics": opendental-a.example.com
2026-10-02 15:08:00.197 [scheduling-1] INFO  c.c.o.s.I.ReconciliationSyncService - RECON entity=clinics clinic=CLINIC_A inserted=0 updated=0 unchanged=0 stale=0 duplicates=0 failed=1
2026-10-02 15:08:00.198 [scheduling-1] ERROR c.c.o.s.I.ReconciliationSyncService - Failed to fetch patients from clinic CLINIC_A: I/O error on GET request for "https://opendental-a.example.com/api/v1/patients": opendental-a.example.com
2026-10-02 15:08:00.198 [scheduling-1] INFO  c.c.o.s.I.ReconciliationSyncService - RECON entity=patients clinic=CLINIC_A inserted=0 updated=0 unchanged=0 stale=0 duplicates=0 failed=1
2026-10-02 15:08:00.199 [scheduling-1] ERROR c.c.o.s.I.ReconciliationSyncService - Failed to fetch appointments from clinic CLINIC_A: I/O error on GET request for "https://opendental-a.example.com/api/v1/appointments": opendental-a.example.com
2026-10-02 15:08:00.199 [scheduling-1] INFO  c.c.o.s.I.ReconciliationSyncService - RECON entity=appointments clinic=CLINIC_A inserted=0 updated=0 unchanged=0 stale=0 duplicates=0 failed=1
2026-10-02 15:08:00.200 [scheduling-1] ERROR c.c.o.s.I.ReconciliationSyncService - Failed to fetch documents from clinic CLINIC_A: I/O error on GET request for "https://opendental-a.example.com/api/v1/patients": opendental-a.example.com
2026-10-02 15:08:00.201 [scheduling-1] INFO  c.c.o.s.I.ReconciliationSyncService - RECON entity=documents clinic=CLINIC_A inserted=0 updated=0 unchanged=0 stale=0 duplicates=0 failed=1
2026-10-02 15:08:00.202 [scheduling-1] ERROR c.c.o.s.I.ReconciliationSyncService - Failed to fetch procedure logs from clinic CLINIC_A: I/O error on GET request for "https://opendental-a.example.com/api/v1/procedurelogs": opendental-a.example.com
2026-10-02 15:08:00.202 [scheduling-1] INFO  c.c.o.s.I.ReconciliationSyncService - RECON entity=procedurelogs clinic=CLINIC_A inserted=0 updated=0 unchanged=0 stale=0 duplicates=0 failed=1
2026-10-02 15:08:00.203 [scheduling-1] ERROR c.c.o.s.I.ReconciliationSyncService - Failed to fetch pat_fields from clinic CLINIC_A: I/O error on GET request for "https://opendental-a.example.com/api/v1/patfields": opendental-a.example.com
2026-10-02 15:08:00.203 [scheduling-1] INFO  c.c.o.s.I.ReconciliationSyncService - RECON entity=patfields clinic=CLINIC_A inserted=0 updated=0 unchanged=0 stale=0 duplicates=0 failed=1
2026-10-02 15:08:00.204 [scheduling-1] ERROR c.c.o.s.I.ReconciliationSyncService - Failed to fetch schedules from clinic CLINIC_A: I/O error on GET request for "https://opendental-a.example.com/api/v1/schedules": opendental-a.example.com
2026-10-02 15:08:00.205 [scheduling-1] INFO  c.c.o.s.I.ReconciliationSyncService - RECON entity=schedules clinic=CLINIC_A inserted=0 updated=0 unchanged=0 stale=0 duplicates=0 failed=1
2026-10-02 15:08:00.205 [scheduling-1] ERROR c.c.o.s.I.ReconciliationSyncService - Failed to fetch tooth initials from clinic CLINIC_A: I/O error on GET request for "https://opendental-a.example.com/api/v1/toothinitial": opendental-a.example.com
2026-10-02 15:08:00.205 [scheduling-1] INFO  c.c.o.s.I.ReconciliationSyncService - RECON entity=toothinitials clinic=CLINIC_A inserted=0 updated=0 unchanged=0 stale=0 duplicates=0 failed=1
2026-10-02 15:08:00.205 [scheduling-1] ERROR c.c.o.s.I.ReconciliationSyncService - Failed to fetch providers from clinic CLINIC_A: I/O error on GET request for "https://opendental-a.example.com/api/v1/providers": opendental-a.example.com
2026-10-02 15:08:00.207 [scheduling-1] INFO  c.c.o.s.I.ReconciliationSyncService - RECON entity=providers clinic=CLINIC_A inserted=0 updated=0 unchanged=0 stale=0 duplicates=0 failed=1
2026-10-02 15:08:00.207 [scheduling-1] ERROR c.c.o.s.I.ReconciliationSyncService - Failed to fetch operatories from clinic CLINIC_A: I/O error on GET request for "https://opendental-a.example.com/api/v1/operatories": opendental-a.example.com
2026-10-02 15:08:00.207 [scheduling-1] INFO  c.c.o.s.I.ReconciliationSyncService - RECON entity=operatories clinic=CLINIC_A inserted=0 updated=0 unchanged=0 stale=0 duplicates=0 failed=1
2026-10-02 15:08:00.207 [scheduling-1] INFO  c.c.o.s.I.ReconciliationSyncService - Reconciliation for clinic CLINIC_A complete: 10 processed, 0 inserted, 0 updated, 0 unchanged, 0 stale, 0 duplicates, 10 failed
2026-10-02 15:08:00.207 [scheduling-1] INFO  c.c.o.s.I.ReconciliationSyncService - Reconciliation for clinic CLINIC_A complete: 0 synced, 10 failed
2026-10-02 15:08:00.211 [scheduling-1] ERROR c.c.o.s.I.ReconciliationSyncService - Failed to fetch Open Dental clinics from installation CLINIC_B: I/O error on GET request for "https://opendental-b.example.com/api/v1/clinics": opendental-b.example.com
2026-10-02 15:08:00.211 [scheduling-1] INFO  c.c.o.s.I.ReconciliationSyncService - RECON entity=clinics clinic=CLINIC_B inserted=0 updated=0 unchanged=0 stale=0 duplicates=0 failed=1
2026-10-02 15:08:00.211 [scheduling-1] ERROR c.c.o.s.I.ReconciliationSyncService - Failed to fetch patients from clinic CLINIC_B: I/O error on GET request for "https://opendental-b.example.com/api/v1/patients": opendental-b.example.com
2026-10-02 15:08:00.211 [scheduling-1] INFO  c.c.o.s.I.ReconciliationSyncService - RECON entity=patients clinic=CLINIC_B inserted=0 updated=0 unchanged=0 stale=0 duplicates=0 failed=1
2026-10-02 15:08:00.211 [scheduling-1] ERROR c.c.o.s.I.ReconciliationSyncService - Failed to fetch appointments from clinic CLINIC_B: I/O error on GET request for "https://opendental-b.example.com/api/v1/appointments": opendental-b.example.com
2026-10-02 15:08:00.212 [scheduling-1] INFO  c.c.o.s.I.ReconciliationSyncService - RECON entity=appointments clinic=CLINIC_B inserted=0 updated=0 unchanged=0 stale=0 duplicates=0 failed=1
2026-10-02 15:08:00.212 [scheduling-1] ERROR c.c.o.s.I.ReconciliationSyncService - Failed to fetch documents from clinic CLINIC_B: I/O error on GET request for "https://opendental-b.example.com/api/v1/patients": opendental-b.example.com
2026-10-02 15:08:00.212 [scheduling-1] INFO  c.c.o.s.I.ReconciliationSyncService - RECON entity=documents clinic=CLINIC_B inserted=0 updated=0 unchanged=0 stale=0 duplicates=0 failed=1
2026-10-02 15:08:00.212 [scheduling-1] ERROR c.c.o.s.I.ReconciliationSyncService - Failed to fetch procedure logs from clinic CLINIC_B: I/O error on GET request for "https://opendental-b.example.com/api/v1/procedurelogs": opendental-b.example.com
2026-10-02 15:08:00.212 [scheduling-1] INFO  c.c.o.s.I.ReconciliationSyncService - RECON entity=procedurelogs clinic=CLINIC_B inserted=0 updated=0 unchanged=0 stale=0 duplicates=0 failed=1
2026-10-02 15:08:00.212 [scheduling-1] ERROR c.c.o.s.I.ReconciliationSyncService - Failed to fetch pat_fields from clinic CLINIC_B: I/O error on GET request for "https://opendental-b.example.com/api/v1/patfields": opendental-b.example.com
2026-10-02 15:08:00.213 [scheduling-1] INFO  c.c.o.s.I.ReconciliationSyncService - RECON entity=patfields clinic=CLINIC_B inserted=0 updated=0 unchanged=0 stale=0 duplicates=0 failed=1
2026-10-02 15:08:00.213 [scheduling-1] ERROR c.c.o.s.I.ReconciliationSyncService - Failed to fetch schedules from clinic CLINIC_B: I/O error on GET request for "https://opendental-b.example.com/api/v1/schedules": opendental-b.example.com
2026-10-02 15:08:00.213 [scheduling-1] INFO  c.c.o.s.I.ReconciliationSyncService - RECON entity=schedules clinic=CLINIC_B inserted=0 updated=0 unchanged=0 stale=0 duplicates=0 failed=1
2026-10-02 15:08:00.213 [scheduling-1] ERROR c.c.o.s.I.ReconciliationSyncService - Failed to fetch tooth initials from clinic CLINIC_B: I/O error on GET request for "https://opendental-b.example.com/api/v1/toothinitial": opendental-b.example.com
2026-10-02 15:08:00.213 [scheduling-1] INFO  c.c.o.s.I.ReconciliationSyncService - RECON entity=toothinitials clinic=CLINIC_B inserted=0 updated=0 unchanged=0 stale=0 duplicates=0 failed=1
2026-10-02 15:08:00.213 [scheduling-1] ERROR c.c.o.s.I.ReconciliationSyncService - Failed to fetch providers from clinic CLINIC_B: I/O error on GET request for "https://opendental-b.example.com/api/v1/providers": opendental-b.example.com
2026-10-02 15:08:00.213 [scheduling-1] INFO  c.c.o.s.I.ReconciliationSyncService - RECON entity=providers clinic=CLINIC_B inserted=0 updated=0 unchanged=0 stale=0 duplicates=0 failed=1
2026-10-02 15:08:00.214 [scheduling-1] ERROR c.c.o.s.I.ReconciliationSyncService - Failed to fetch operatories from clinic CLINIC_B: I/O error on GET request for "https://opendental-b.example.com/api/v1/operatories": opendental-b.example.com
2026-10-02 15:08:00.214 [scheduling-1] INFO  c.c.o.s.I.ReconciliationSyncService - RECON entity=operatories clinic=CLINIC_B inserted=0 updated=0 unchanged=0 stale=0 duplicates=0 failed=1
2026-10-02 15:08:00.214 [scheduling-1] INFO  c.c.o.s.I.ReconciliationSyncService - Reconciliation for clinic CLINIC_B complete: 10 processed, 0 inserted, 0 updated, 0 unchanged, 0 stale, 0 duplicates, 10 failed
2026-10-02 15:08:00.214 [scheduling-1] INFO  c.c.o.s.I.ReconciliationSyncService - Reconciliation for clinic CLINIC_B complete: 0 synced, 10 failed
2026-10-02 15:08:00.216 [scheduling-1] ERROR c.c.o.s.I.ReconciliationSyncService - Failed to fetch Open Dental clinics from installation CLINIC_C: I/O error on GET request for "https://opendental-c.example.com/api/v1/clinics": opendental-c.example.com
2026-10-02 15:08:00.216 [scheduling-1] INFO  c.c.o.s.I.ReconciliationSyncService - RECON entity=clinics clinic=CLINIC_C inserted=0 updated=0 unchanged=0 stale=0 duplicates=0 failed=1
2026-10-02 15:08:00.216 [scheduling-1] ERROR c.c.o.s.I.ReconciliationSyncService - Failed to fetch patients from clinic CLINIC_C: I/O error on GET request for "https://opendental-c.example.com/api/v1/patients": opendental-c.example.com
2026-10-02 15:08:00.216 [scheduling-1] INFO  c.c.o.s.I.ReconciliationSyncService - RECON entity=patients clinic=CLINIC_C inserted=0 updated=0 unchanged=0 stale=0 duplicates=0 failed=1
2026-10-02 15:08:00.217 [scheduling-1] ERROR c.c.o.s.I.ReconciliationSyncService - Failed to fetch appointments from clinic CLINIC_C: I/O error on GET request for "https://opendental-c.example.com/api/v1/appointments": opendental-c.example.com
2026-10-02 15:08:00.217 [scheduling-1] INFO  c.c.o.s.I.ReconciliationSyncService - RECON entity=appointments clinic=CLINIC_C inserted=0 updated=0 unchanged=0 stale=0 duplicates=0 failed=1
2026-10-02 15:08:00.217 [scheduling-1] ERROR c.c.o.s.I.ReconciliationSyncService - Failed to fetch documents from clinic CLINIC_C: I/O error on GET request for "https://opendental-c.example.com/api/v1/patients": opendental-c.example.com
2026-10-02 15:08:00.217 [scheduling-1] INFO  c.c.o.s.I.ReconciliationSyncService - RECON entity=documents clinic=CLINIC_C inserted=0 updated=0 unchanged=0 stale=0 duplicates=0 failed=1
2026-10-02 15:08:00.217 [scheduling-1] ERROR c.c.o.s.I.ReconciliationSyncService - Failed to fetch procedure logs from clinic CLINIC_C: I/O error on GET request for "https://opendental-c.example.com/api/v1/procedurelogs": opendental-c.example.com
2026-10-02 15:08:00.217 [scheduling-1] INFO  c.c.o.s.I.ReconciliationSyncService - RECON entity=procedurelogs clinic=CLINIC_C inserted=0 updated=0 unchanged=0 stale=0 duplicates=0 failed=1
2026-10-02 15:08:00.217 [scheduling-1] ERROR c.c.o.s.I.ReconciliationSyncService - Failed to fetch pat_fields from clinic CLINIC_C: I/O error on GET request for "https://opendental-c.example.com/api/v1/patfields": opendental-c.example.com
2026-10-02 15:08:00.217 [scheduling-1] INFO  c.c.o.s.I.ReconciliationSyncService - RECON entity=patfields clinic=CLINIC_C inserted=0 updated=0 unchanged=0 stale=0 duplicates=0 failed=1
2026-10-02 15:08:00.218 [scheduling-1] ERROR c.c.o.s.I.ReconciliationSyncService - Failed to fetch schedules from clinic CLINIC_C: I/O error on GET request for "https://opendental-c.example.com/api/v1/schedules": opendental-c.example.com
2026-10-02 15:08:00.218 [scheduling-1] INFO  c.c.o.s.I.ReconciliationSyncService - RECON entity=schedules clinic=CLINIC_C inserted=0 updated=0 unchanged=0 stale=0 duplicates=0 failed=1
2026-10-02 15:08:00.218 [scheduling-1] ERROR c.c.o.s.I.ReconciliationSyncService - Failed to fetch tooth initials from clinic CLINIC_C: I/O error on GET request for "https://opendental-c.example.com/api/v1/toothinitial": opendental-c.example.com
2026-10-02 15:08:00.218 [scheduling-1] INFO  c.c.o.s.I.ReconciliationSyncService - RECON entity=toothinitials clinic=CLINIC_C inserted=0 updated=0 unchanged=0 stale=0 duplicates=0 failed=1
2026-10-02 15:08:00.218 [scheduling-1] ERROR c.c.o.s.I.ReconciliationSyncService - Failed to fetch providers from clinic CLINIC_C: I/O error on GET request for "https://opendental-c.example.com/api/v1/providers": opendental-c.example.com
2026-10-02 15:08:00.218 [scheduling-1] INFO  c.c.o.s.I.ReconciliationSyncService - RECON entity=providers clinic=CLINIC_C inserted=0 updated=0 unchanged=0 stale=0 duplicates=0 failed=1
2026-10-02 15:08:00.218 [scheduling-1] ERROR c.c.o.s.I.ReconciliationSyncService - Failed to fetch operatories from clinic CLINIC_C: I/O error on GET request for "https://opendental-c.example.com/api/v1/operatories": opendental-c.example.com
2026-10-02 15:08:00.219 [scheduling-1] INFO  c.c.o.s.I.ReconciliationSyncService - RECON entity=operatories clinic=CLINIC_C inserted=0 updated=0 unchanged=0 stale=0 duplicates=0 failed=1
2026-10-02 15:08:00.219 [scheduling-1] INFO  c.c.o.s.I.ReconciliationSyncService - Reconciliation for clinic CLINIC_C complete: 10 processed, 0 inserted, 0 updated, 0 unchanged, 0 stale, 0 duplicates, 10 failed
2026-10-02 15:08:00.219 [scheduling-1] INFO  c.c.o.s.I.ReconciliationSyncService - Reconciliation for clinic CLINIC_C complete: 0 synced, 10 failed
2026-10-02 15:08:00.219 [scheduling-1] INFO  c.c.o.s.I.ReconciliationSyncService - Reconciliation completed for 3 clinics (30 entities, 0 synced, 30 failed)
2026-10-02 15:08:00.219 [scheduling-1] INFO  c.c.o.s.ReconciliationScheduler - === Scheduled Reconciliation Complete: Reconciliation completed for 3 clinics (30 entities, 0 synced, 30 failed)
2026-10-02 15:08:00.219 [scheduling-1] INFO  c.c.o.s.ReconciliationScheduler - Scheduled reconciliation took 213 ms
2026-10-02 15:09:00.008 [scheduling-1] INFO  c.c.o.s.ReconciliationScheduler - === Scheduled Reconciliation Started ===
2026-10-02 15:09:00.207 [scheduling-1] ERROR c.c.o.s.I.ReconciliationSyncService - Failed to fetch Open Dental clinics from installation CLINIC_A: I/O error on GET request for "https://opendental-a.example.com/api/v1/clinics": opendental-a.example.com
2026-10-02 15:09:00.207 [scheduling-1] INFO  c.c.o.s.I.ReconciliationSyncService - RECON entity=clinics clinic=CLINIC_A inserted=0 updated=0 unchanged=0 stale=0 duplicates=0 failed=1
2026-10-02 15:09:00.208 [scheduling-1] ERROR c.c.o.s.I.ReconciliationSyncService - Failed to fetch patients from clinic CLINIC_A: I/O error on GET request for "https://opendental-a.example.com/api/v1/patients": opendental-a.example.com
2026-10-02 15:09:00.208 [scheduling-1] INFO  c.c.o.s.I.ReconciliationSyncService - RECON entity=patients clinic=CLINIC_A inserted=0 updated=0 unchanged=0 stale=0 duplicates=0 failed=1
2026-10-02 15:09:00.208 [scheduling-1] ERROR c.c.o.s.I.ReconciliationSyncService - Failed to fetch appointments from clinic CLINIC_A: I/O error on GET request for "https://opendental-a.example.com/api/v1/appointments": opendental-a.example.com
2026-10-02 15:09:00.208 [scheduling-1] INFO  c.c.o.s.I.ReconciliationSyncService - RECON entity=appointments clinic=CLINIC_A inserted=0 updated=0 unchanged=0 stale=0 duplicates=0 failed=1
2026-10-02 15:09:00.209 [scheduling-1] ERROR c.c.o.s.I.ReconciliationSyncService - Failed to fetch documents from clinic CLINIC_A: I/O error on GET request for "https://opendental-a.example.com/api/v1/patients": opendental-a.example.com
2026-10-02 15:09:00.209 [scheduling-1] INFO  c.c.o.s.I.ReconciliationSyncService - RECON entity=documents clinic=CLINIC_A inserted=0 updated=0 unchanged=0 stale=0 duplicates=0 failed=1
2026-10-02 15:09:00.209 [scheduling-1] ERROR c.c.o.s.I.ReconciliationSyncService - Failed to fetch procedure logs from clinic CLINIC_A: I/O error on GET request for "https://opendental-a.example.com/api/v1/procedurelogs": opendental-a.example.com
2026-10-02 15:09:00.209 [scheduling-1] INFO  c.c.o.s.I.ReconciliationSyncService - RECON entity=procedurelogs clinic=CLINIC_A inserted=0 updated=0 unchanged=0 stale=0 duplicates=0 failed=1
2026-10-02 15:09:00.209 [scheduling-1] ERROR c.c.o.s.I.ReconciliationSyncService - Failed to fetch pat_fields from clinic CLINIC_A: I/O error on GET request for "https://opendental-a.example.com/api/v1/patfields": opendental-a.example.com
2026-10-02 15:09:00.209 [scheduling-1] INFO  c.c.o.s.I.ReconciliationSyncService - RECON entity=patfields clinic=CLINIC_A inserted=0 updated=0 unchanged=0 stale=0 duplicates=0 failed=1
2026-10-02 15:09:00.210 [scheduling-1] ERROR c.c.o.s.I.ReconciliationSyncService - Failed to fetch schedules from clinic CLINIC_A: I/O error on GET request for "https://opendental-a.example.com/api/v1/schedules": opendental-a.example.com
2026-10-02 15:09:00.210 [scheduling-1] INFO  c.c.o.s.I.ReconciliationSyncService - RECON entity=schedules clinic=CLINIC_A inserted=0 updated=0 unchanged=0 stale=0 duplicates=0 failed=1
2026-10-02 15:09:00.210 [scheduling-1] ERROR c.c.o.s.I.ReconciliationSyncService - Failed to fetch tooth initials from clinic CLINIC_A: I/O error on GET request for "https://opendental-a.example.com/api/v1/toothinitial": opendental-a.example.com
2026-10-02 15:09:00.210 [scheduling-1] INFO  c.c.o.s.I.ReconciliationSyncService - RECON entity=toothinitials clinic=CLINIC_A inserted=0 updated=0 unchanged=0 stale=0 duplicates=0 failed=1
2026-10-02 15:09:00.210 [scheduling-1] ERROR c.c.o.s.I.ReconciliationSyncService - Failed to fetch providers from clinic CLINIC_A: I/O error on GET request for "https://opendental-a.example.com/api/v1/providers": opendental-a.example.com
2026-10-02 15:09:00.211 [scheduling-1] INFO  c.c.o.s.I.ReconciliationSyncService - RECON entity=providers clinic=CLINIC_A inserted=0 updated=0 unchanged=0 stale=0 duplicates=0 failed=1
2026-10-02 15:09:00.211 [scheduling-1] ERROR c.c.o.s.I.ReconciliationSyncService - Failed to fetch operatories from clinic CLINIC_A: I/O error on GET request for "https://opendental-a.example.com/api/v1/operatories": opendental-a.example.com
2026-10-02 15:09:00.211 [scheduling-1] INFO  c.c.o.s.I.ReconciliationSyncService - RECON entity=operatories clinic=CLINIC_A inserted=0 updated=0 unchanged=0 stale=0 duplicates=0 failed=1
2026-10-02 15:09:00.211 [scheduling-1] INFO  c.c.o.s.I.ReconciliationSyncService - Reconciliation for clinic CLINIC_A complete: 10 processed, 0 inserted, 0 updated, 0 unchanged, 0 stale, 0 duplicates, 10 failed
2026-10-02 15:09:00.211 [scheduling-1] INFO  c.c.o.s.I.ReconciliationSyncService - Reconciliation for clinic CLINIC_A complete: 0 synced, 10 failed
2026-10-02 15:09:00.223 [scheduling-1] ERROR c.c.o.s.I.ReconciliationSyncService - Failed to fetch Open Dental clinics from installation CLINIC_B: I/O error on GET request for "https://opendental-b.example.com/api/v1/clinics": opendental-b.example.com
2026-10-02 15:09:00.223 [scheduling-1] INFO  c.c.o.s.I.ReconciliationSyncService - RECON entity=clinics clinic=CLINIC_B inserted=0 updated=0 unchanged=0 stale=0 duplicates=0 failed=1
2026-10-02 15:09:00.223 [scheduling-1] ERROR c.c.o.s.I.ReconciliationSyncService - Failed to fetch patients from clinic CLINIC_B: I/O error on GET request for "https://opendental-b.example.com/api/v1/patients": opendental-b.example.com
2026-10-02 15:09:00.224 [scheduling-1] INFO  c.c.o.s.I.ReconciliationSyncService - RECON entity=patients clinic=CLINIC_B inserted=0 updated=0 unchanged=0 stale=0 duplicates=0 failed=1
2026-10-02 15:09:00.224 [scheduling-1] ERROR c.c.o.s.I.ReconciliationSyncService - Failed to fetch appointments from clinic CLINIC_B: I/O error on GET request for "https://opendental-b.example.com/api/v1/appointments": opendental-b.example.com
2026-10-02 15:09:00.224 [scheduling-1] INFO  c.c.o.s.I.ReconciliationSyncService - RECON entity=appointments clinic=CLINIC_B inserted=0 updated=0 unchanged=0 stale=0 duplicates=0 failed=1
2026-10-02 15:09:00.224 [scheduling-1] ERROR c.c.o.s.I.ReconciliationSyncService - Failed to fetch documents from clinic CLINIC_B: I/O error on GET request for "https://opendental-b.example.com/api/v1/patients": opendental-b.example.com
2026-10-02 15:09:00.224 [scheduling-1] INFO  c.c.o.s.I.ReconciliationSyncService - RECON entity=documents clinic=CLINIC_B inserted=0 updated=0 unchanged=0 stale=0 duplicates=0 failed=1
2026-10-02 15:09:00.224 [scheduling-1] ERROR c.c.o.s.I.ReconciliationSyncService - Failed to fetch procedure logs from clinic CLINIC_B: I/O error on GET request for "https://opendental-b.example.com/api/v1/procedurelogs": opendental-b.example.com
2026-10-02 15:09:00.225 [scheduling-1] INFO  c.c.o.s.I.ReconciliationSyncService - RECON entity=procedurelogs clinic=CLINIC_B inserted=0 updated=0 unchanged=0 stale=0 duplicates=0 failed=1
2026-10-02 15:09:00.225 [scheduling-1] ERROR c.c.o.s.I.ReconciliationSyncService - Failed to fetch pat_fields from clinic CLINIC_B: I/O error on GET request for "https://opendental-b.example.com/api/v1/patfields": opendental-b.example.com
2026-10-02 15:09:00.225 [scheduling-1] INFO  c.c.o.s.I.ReconciliationSyncService - RECON entity=patfields clinic=CLINIC_B inserted=0 updated=0 unchanged=0 stale=0 duplicates=0 failed=1
2026-10-02 15:09:00.225 [scheduling-1] ERROR c.c.o.s.I.ReconciliationSyncService - Failed to fetch schedules from clinic CLINIC_B: I/O error on GET request for "https://opendental-b.example.com/api/v1/schedules": opendental-b.example.com
2026-10-02 15:09:00.225 [scheduling-1] INFO  c.c.o.s.I.ReconciliationSyncService - RECON entity=schedules clinic=CLINIC_B inserted=0 updated=0 unchanged=0 stale=0 duplicates=0 failed=1
2026-10-02 15:09:00.226 [scheduling-1] ERROR c.c.o.s.I.ReconciliationSyncService - Failed to fetch tooth initials from clinic CLINIC_B: I/O error on GET request for "https://opendental-b.example.com/api/v1/toothinitial": opendental-b.example.com
2026-10-02 15:09:00.226 [scheduling-1] INFO  c.c.o.s.I.ReconciliationSyncService - RECON entity=toothinitials clinic=CLINIC_B inserted=0 updated=0 unchanged=0 stale=0 duplicates=0 failed=1
2026-10-02 15:09:00.226 [scheduling-1] ERROR c.c.o.s.I.ReconciliationSyncService - Failed to fetch providers from clinic CLINIC_B: I/O error on GET request for "https://opendental-b.example.com/api/v1/providers": opendental-b.example.com
2026-10-02 15:09:00.226 [scheduling-1] INFO  c.c.o.s.I.ReconciliationSyncService - RECON entity=providers clinic=CLINIC_B inserted=0 updated=0 unchanged=0 stale=0 duplicates=0 failed=1
2026-10-02 15:09:00.226 [scheduling-1] ERROR c.c.o.s.I.ReconciliationSyncService - Failed to fetch operatories from clinic CLINIC_B: I/O error on GET request for "https://opendental-b.example.com/api/v1/operatories": opendental-b.example.com
2026-10-02 15:09:00.226 [scheduling-1] INFO  c.c.o.s.I.ReconciliationSyncService - RECON entity=operatories clinic=CLINIC_B inserted=0 updated=0 unchanged=0 stale=0 duplicates=0 failed=1
2026-10-02 15:09:00.227 [scheduling-1] INFO  c.c.o.s.I.ReconciliationSyncService - Reconciliation for clinic CLINIC_B complete: 10 processed, 0 inserted, 0 updated, 0 unchanged, 0 stale, 0 duplicates, 10 failed
2026-10-02 15:09:00.227 [scheduling-1] INFO  c.c.o.s.I.ReconciliationSyncService - Reconciliation for clinic CLINIC_B complete: 0 synced, 10 failed
2026-10-02 15:09:00.234 [scheduling-1] ERROR c.c.o.s.I.ReconciliationSyncService - Failed to fetch Open Dental clinics from installation CLINIC_C: I/O error on GET request for "https://opendental-c.example.com/api/v1/clinics": opendental-c.example.com
2026-10-02 15:09:00.234 [scheduling-1] INFO  c.c.o.s.I.ReconciliationSyncService - RECON entity=clinics clinic=CLINIC_C inserted=0 updated=0 unchanged=0 stale=0 duplicates=0 failed=1
2026-10-02 15:09:00.235 [scheduling-1] ERROR c.c.o.s.I.ReconciliationSyncService - Failed to fetch patients from clinic CLINIC_C: I/O error on GET request for "https://opendental-c.example.com/api/v1/patients": opendental-c.example.com
2026-10-02 15:09:00.235 [scheduling-1] INFO  c.c.o.s.I.ReconciliationSyncService - RECON entity=patients clinic=CLINIC_C inserted=0 updated=0 unchanged=0 stale=0 duplicates=0 failed=1
2026-10-02 15:09:00.235 [scheduling-1] ERROR c.c.o.s.I.ReconciliationSyncService - Failed to fetch appointments from clinic CLINIC_C: I/O error on GET request for "https://opendental-c.example.com/api/v1/appointments": opendental-c.example.com
2026-10-02 15:09:00.235 [scheduling-1] INFO  c.c.o.s.I.ReconciliationSyncService - RECON entity=appointments clinic=CLINIC_C inserted=0 updated=0 unchanged=0 stale=0 duplicates=0 failed=1
2026-10-02 15:09:00.236 [scheduling-1] ERROR c.c.o.s.I.ReconciliationSyncService - Failed to fetch documents from clinic CLINIC_C: I/O error on GET request for "https://opendental-c.example.com/api/v1/patients": opendental-c.example.com
2026-10-02 15:09:00.236 [scheduling-1] INFO  c.c.o.s.I.ReconciliationSyncService - RECON entity=documents clinic=CLINIC_C inserted=0 updated=0 unchanged=0 stale=0 duplicates=0 failed=1
2026-10-02 15:09:00.236 [scheduling-1] ERROR c.c.o.s.I.ReconciliationSyncService - Failed to fetch procedure logs from clinic CLINIC_C: I/O error on GET request for "https://opendental-c.example.com/api/v1/procedurelogs": opendental-c.example.com
2026-10-02 15:09:00.236 [scheduling-1] INFO  c.c.o.s.I.ReconciliationSyncService - RECON entity=procedurelogs clinic=CLINIC_C inserted=0 updated=0 unchanged=0 stale=0 duplicates=0 failed=1
2026-10-02 15:09:00.236 [scheduling-1] ERROR c.c.o.s.I.ReconciliationSyncService - Failed to fetch pat_fields from clinic CLINIC_C: I/O error on GET request for "https://opendental-c.example.com/api/v1/patfields": opendental-c.example.com
2026-10-02 15:09:00.236 [scheduling-1] INFO  c.c.o.s.I.ReconciliationSyncService - RECON entity=patfields clinic=CLINIC_C inserted=0 updated=0 unchanged=0 stale=0 duplicates=0 failed=1
2026-10-02 15:09:00.236 [scheduling-1] ERROR c.c.o.s.I.ReconciliationSyncService - Failed to fetch schedules from clinic CLINIC_C: I/O error on GET request for "https://opendental-c.example.com/api/v1/schedules": opendental-c.example.com
2026-10-02 15:09:00.237 [scheduling-1] INFO  c.c.o.s.I.ReconciliationSyncService - RECON entity=schedules clinic=CLINIC_C inserted=0 updated=0 unchanged=0 stale=0 duplicates=0 failed=1
2026-10-02 15:09:00.237 [scheduling-1] ERROR c.c.o.s.I.ReconciliationSyncService - Failed to fetch tooth initials from clinic CLINIC_C: I/O error on GET request for "https://opendental-c.example.com/api/v1/toothinitial": opendental-c.example.com
2026-10-02 15:09:00.237 [scheduling-1] INFO  c.c.o.s.I.ReconciliationSyncService - RECON entity=toothinitials clinic=CLINIC_C inserted=0 updated=0 unchanged=0 stale=0 duplicates=0 failed=1
2026-10-02 15:09:00.237 [scheduling-1] ERROR c.c.o.s.I.ReconciliationSyncService - Failed to fetch providers from clinic CLINIC_C: I/O error on GET request for "https://opendental-c.example.com/api/v1/providers": opendental-c.example.com
2026-10-02 15:09:00.237 [scheduling-1] INFO  c.c.o.s.I.ReconciliationSyncService - RECON entity=providers clinic=CLINIC_C inserted=0 updated=0 unchanged=0 stale=0 duplicates=0 failed=1
2026-10-02 15:09:00.237 [scheduling-1] ERROR c.c.o.s.I.ReconciliationSyncService - Failed to fetch operatories from clinic CLINIC_C: I/O error on GET request for "https://opendental-c.example.com/api/v1/operatories": opendental-c.example.com
2026-10-02 15:09:00.237 [scheduling-1] INFO  c.c.o.s.I.ReconciliationSyncService - RECON entity=operatories clinic=CLINIC_C inserted=0 updated=0 unchanged=0 stale=0 duplicates=0 failed=1
2026-10-02 15:09:00.237 [scheduling-1] INFO  c.c.o.s.I.ReconciliationSyncService - Reconciliation for clinic CLINIC_C complete: 10 processed, 0 inserted, 0 updated, 0 unchanged, 0 stale, 0 duplicates, 10 failed
2026-10-02 15:09:00.238 [scheduling-1] INFO  c.c.o.s.I.ReconciliationSyncService - Reconciliation for clinic CLINIC_C complete: 0 synced, 10 failed
2026-10-02 15:09:00.238 [scheduling-1] INFO  c.c.o.s.I.ReconciliationSyncService - Reconciliation completed for 3 clinics (30 entities, 0 synced, 30 failed)
2026-10-02 15:09:00.238 [scheduling-1] INFO  c.c.o.s.ReconciliationScheduler - === Scheduled Reconciliation Complete: Reconciliation completed for 3 clinics (30 entities, 0 synced, 30 failed)
2026-10-02 15:09:00.238 [scheduling-1] INFO  c.c.o.s.ReconciliationScheduler - Scheduled reconciliation took 229 ms
2026-10-02 15:10:00.013 [scheduling-1] INFO  c.c.o.s.ReconciliationScheduler - === Scheduled Reconciliation Started ===
2026-10-02 15:10:00.208 [scheduling-1] ERROR c.c.o.s.I.ReconciliationSyncService - Failed to fetch Open Dental clinics from installation CLINIC_A: I/O error on GET request for "https://opendental-a.example.com/api/v1/clinics": opendental-a.example.com
2026-10-02 15:10:00.210 [scheduling-1] INFO  c.c.o.s.I.ReconciliationSyncService - RECON entity=clinics clinic=CLINIC_A inserted=0 updated=0 unchanged=0 stale=0 duplicates=0 failed=1
2026-10-02 15:10:00.210 [scheduling-1] ERROR c.c.o.s.I.ReconciliationSyncService - Failed to fetch patients from clinic CLINIC_A: I/O error on GET request for "https://opendental-a.example.com/api/v1/patients": opendental-a.example.com
2026-10-02 15:10:00.210 [scheduling-1] INFO  c.c.o.s.I.ReconciliationSyncService - RECON entity=patients clinic=CLINIC_A inserted=0 updated=0 unchanged=0 stale=0 duplicates=0 failed=1
2026-10-02 15:10:00.210 [scheduling-1] ERROR c.c.o.s.I.ReconciliationSyncService - Failed to fetch appointments from clinic CLINIC_A: I/O error on GET request for "https://opendental-a.example.com/api/v1/appointments": opendental-a.example.com
2026-10-02 15:10:00.211 [scheduling-1] INFO  c.c.o.s.I.ReconciliationSyncService - RECON entity=appointments clinic=CLINIC_A inserted=0 updated=0 unchanged=0 stale=0 duplicates=0 failed=1
2026-10-02 15:10:00.211 [scheduling-1] ERROR c.c.o.s.I.ReconciliationSyncService - Failed to fetch documents from clinic CLINIC_A: I/O error on GET request for "https://opendental-a.example.com/api/v1/patients": opendental-a.example.com
2026-10-02 15:10:00.211 [scheduling-1] INFO  c.c.o.s.I.ReconciliationSyncService - RECON entity=documents clinic=CLINIC_A inserted=0 updated=0 unchanged=0 stale=0 duplicates=0 failed=1
2026-10-02 15:10:00.211 [scheduling-1] ERROR c.c.o.s.I.ReconciliationSyncService - Failed to fetch procedure logs from clinic CLINIC_A: I/O error on GET request for "https://opendental-a.example.com/api/v1/procedurelogs": opendental-a.example.com
2026-10-02 15:10:00.211 [scheduling-1] INFO  c.c.o.s.I.ReconciliationSyncService - RECON entity=procedurelogs clinic=CLINIC_A inserted=0 updated=0 unchanged=0 stale=0 duplicates=0 failed=1
2026-10-02 15:10:00.212 [scheduling-1] ERROR c.c.o.s.I.ReconciliationSyncService - Failed to fetch pat_fields from clinic CLINIC_A: I/O error on GET request for "https://opendental-a.example.com/api/v1/patfields": opendental-a.example.com
2026-10-02 15:10:00.212 [scheduling-1] INFO  c.c.o.s.I.ReconciliationSyncService - RECON entity=patfields clinic=CLINIC_A inserted=0 updated=0 unchanged=0 stale=0 duplicates=0 failed=1
2026-10-02 15:10:00.212 [scheduling-1] ERROR c.c.o.s.I.ReconciliationSyncService - Failed to fetch schedules from clinic CLINIC_A: I/O error on GET request for "https://opendental-a.example.com/api/v1/schedules": opendental-a.example.com
2026-10-02 15:10:00.212 [scheduling-1] INFO  c.c.o.s.I.ReconciliationSyncService - RECON entity=schedules clinic=CLINIC_A inserted=0 updated=0 unchanged=0 stale=0 duplicates=0 failed=1
2026-10-02 15:10:00.212 [scheduling-1] ERROR c.c.o.s.I.ReconciliationSyncService - Failed to fetch tooth initials from clinic CLINIC_A: I/O error on GET request for "https://opendental-a.example.com/api/v1/toothinitial": opendental-a.example.com
2026-10-02 15:10:00.213 [scheduling-1] INFO  c.c.o.s.I.ReconciliationSyncService - RECON entity=toothinitials clinic=CLINIC_A inserted=0 updated=0 unchanged=0 stale=0 duplicates=0 failed=1
2026-10-02 15:10:00.213 [scheduling-1] ERROR c.c.o.s.I.ReconciliationSyncService - Failed to fetch providers from clinic CLINIC_A: I/O error on GET request for "https://opendental-a.example.com/api/v1/providers": opendental-a.example.com
2026-10-02 15:10:00.213 [scheduling-1] INFO  c.c.o.s.I.ReconciliationSyncService - RECON entity=providers clinic=CLINIC_A inserted=0 updated=0 unchanged=0 stale=0 duplicates=0 failed=1
2026-10-02 15:10:00.213 [scheduling-1] ERROR c.c.o.s.I.ReconciliationSyncService - Failed to fetch operatories from clinic CLINIC_A: I/O error on GET request for "https://opendental-a.example.com/api/v1/operatories": opendental-a.example.com
2026-10-02 15:10:00.213 [scheduling-1] INFO  c.c.o.s.I.ReconciliationSyncService - RECON entity=operatories clinic=CLINIC_A inserted=0 updated=0 unchanged=0 stale=0 duplicates=0 failed=1
2026-10-02 15:10:00.213 [scheduling-1] INFO  c.c.o.s.I.ReconciliationSyncService - Reconciliation for clinic CLINIC_A complete: 10 processed, 0 inserted, 0 updated, 0 unchanged, 0 stale, 0 duplicates, 10 failed
2026-10-02 15:10:00.213 [scheduling-1] INFO  c.c.o.s.I.ReconciliationSyncService - Reconciliation for clinic CLINIC_A complete: 0 synced, 10 failed
2026-10-02 15:10:00.215 [scheduling-1] ERROR c.c.o.s.I.ReconciliationSyncService - Failed to fetch Open Dental clinics from installation CLINIC_B: I/O error on GET request for "https://opendental-b.example.com/api/v1/clinics": opendental-b.example.com
2026-10-02 15:10:00.215 [scheduling-1] INFO  c.c.o.s.I.ReconciliationSyncService - RECON entity=clinics clinic=CLINIC_B inserted=0 updated=0 unchanged=0 stale=0 duplicates=0 failed=1
2026-10-02 15:10:00.216 [scheduling-1] ERROR c.c.o.s.I.ReconciliationSyncService - Failed to fetch patients from clinic CLINIC_B: I/O error on GET request for "https://opendental-b.example.com/api/v1/patients": opendental-b.example.com
2026-10-02 15:10:00.216 [scheduling-1] INFO  c.c.o.s.I.ReconciliationSyncService - RECON entity=patients clinic=CLINIC_B inserted=0 updated=0 unchanged=0 stale=0 duplicates=0 failed=1
2026-10-02 15:10:00.216 [scheduling-1] ERROR c.c.o.s.I.ReconciliationSyncService - Failed to fetch appointments from clinic CLINIC_B: I/O error on GET request for "https://opendental-b.example.com/api/v1/appointments": opendental-b.example.com
2026-10-02 15:10:00.216 [scheduling-1] INFO  c.c.o.s.I.ReconciliationSyncService - RECON entity=appointments clinic=CLINIC_B inserted=0 updated=0 unchanged=0 stale=0 duplicates=0 failed=1
2026-10-02 15:10:00.216 [scheduling-1] ERROR c.c.o.s.I.ReconciliationSyncService - Failed to fetch documents from clinic CLINIC_B: I/O error on GET request for "https://opendental-b.example.com/api/v1/patients": opendental-b.example.com
2026-10-02 15:10:00.216 [scheduling-1] INFO  c.c.o.s.I.ReconciliationSyncService - RECON entity=documents clinic=CLINIC_B inserted=0 updated=0 unchanged=0 stale=0 duplicates=0 failed=1
2026-10-02 15:10:00.216 [scheduling-1] ERROR c.c.o.s.I.ReconciliationSyncService - Failed to fetch procedure logs from clinic CLINIC_B: I/O error on GET request for "https://opendental-b.example.com/api/v1/procedurelogs": opendental-b.example.com
2026-10-02 15:10:00.217 [scheduling-1] INFO  c.c.o.s.I.ReconciliationSyncService - RECON entity=procedurelogs clinic=CLINIC_B inserted=0 updated=0 unchanged=0 stale=0 duplicates=0 failed=1
2026-10-02 15:10:00.217 [scheduling-1] ERROR c.c.o.s.I.ReconciliationSyncService - Failed to fetch pat_fields from clinic CLINIC_B: I/O error on GET request for "https://opendental-b.example.com/api/v1/patfields": opendental-b.example.com
2026-10-02 15:10:00.217 [scheduling-1] INFO  c.c.o.s.I.ReconciliationSyncService - RECON entity=patfields clinic=CLINIC_B inserted=0 updated=0 unchanged=0 stale=0 duplicates=0 failed=1
2026-10-02 15:10:00.217 [scheduling-1] ERROR c.c.o.s.I.ReconciliationSyncService - Failed to fetch schedules from clinic CLINIC_B: I/O error on GET request for "https://opendental-b.example.com/api/v1/schedules": opendental-b.example.com
2026-10-02 15:10:00.217 [scheduling-1] INFO  c.c.o.s.I.ReconciliationSyncService - RECON entity=schedules clinic=CLINIC_B inserted=0 updated=0 unchanged=0 stale=0 duplicates=0 failed=1
2026-10-02 15:10:00.218 [scheduling-1] ERROR c.c.o.s.I.ReconciliationSyncService - Failed to fetch tooth initials from clinic CLINIC_B: I/O error on GET request for "https://opendental-b.example.com/api/v1/toothinitial": opendental-b.example.com
2026-10-02 15:10:00.218 [scheduling-1] INFO  c.c.o.s.I.ReconciliationSyncService - RECON entity=toothinitials clinic=CLINIC_B inserted=0 updated=0 unchanged=0 stale=0 duplicates=0 failed=1
2026-10-02 15:10:00.218 [scheduling-1] ERROR c.c.o.s.I.ReconciliationSyncService - Failed to fetch providers from clinic CLINIC_B: I/O error on GET request for "https://opendental-b.example.com/api/v1/providers": opendental-b.example.com
2026-10-02 15:10:00.218 [scheduling-1] INFO  c.c.o.s.I.ReconciliationSyncService - RECON entity=providers clinic=CLINIC_B inserted=0 updated=0 unchanged=0 stale=0 duplicates=0 failed=1
2026-10-02 15:10:00.218 [scheduling-1] ERROR c.c.o.s.I.ReconciliationSyncService - Failed to fetch operatories from clinic CLINIC_B: I/O error on GET request for "https://opendental-b.example.com/api/v1/operatories": opendental-b.example.com
2026-10-02 15:10:00.218 [scheduling-1] INFO  c.c.o.s.I.ReconciliationSyncService - RECON entity=operatories clinic=CLINIC_B inserted=0 updated=0 unchanged=0 stale=0 duplicates=0 failed=1
2026-10-02 15:10:00.218 [scheduling-1] INFO  c.c.o.s.I.ReconciliationSyncService - Reconciliation for clinic CLINIC_B complete: 10 processed, 0 inserted, 0 updated, 0 unchanged, 0 stale, 0 duplicates, 10 failed
2026-10-02 15:10:00.219 [scheduling-1] INFO  c.c.o.s.I.ReconciliationSyncService - Reconciliation for clinic CLINIC_B complete: 0 synced, 10 failed
2026-10-02 15:10:00.221 [scheduling-1] ERROR c.c.o.s.I.ReconciliationSyncService - Failed to fetch Open Dental clinics from installation CLINIC_C: I/O error on GET request for "https://opendental-c.example.com/api/v1/clinics": opendental-c.example.com
2026-10-02 15:10:00.221 [scheduling-1] INFO  c.c.o.s.I.ReconciliationSyncService - RECON entity=clinics clinic=CLINIC_C inserted=0 updated=0 unchanged=0 stale=0 duplicates=0 failed=1
2026-10-02 15:10:00.221 [scheduling-1] ERROR c.c.o.s.I.ReconciliationSyncService - Failed to fetch patients from clinic CLINIC_C: I/O error on GET request for "https://opendental-c.example.com/api/v1/patients": opendental-c.example.com
2026-10-02 15:10:00.221 [scheduling-1] INFO  c.c.o.s.I.ReconciliationSyncService - RECON entity=patients clinic=CLINIC_C inserted=0 updated=0 unchanged=0 stale=0 duplicates=0 failed=1
2026-10-02 15:10:00.221 [scheduling-1] ERROR c.c.o.s.I.ReconciliationSyncService - Failed to fetch appointments from clinic CLINIC_C: I/O error on GET request for "https://opendental-c.example.com/api/v1/appointments": opendental-c.example.com
2026-10-02 15:10:00.221 [scheduling-1] INFO  c.c.o.s.I.ReconciliationSyncService - RECON entity=appointments clinic=CLINIC_C inserted=0 updated=0 unchanged=0 stale=0 duplicates=0 failed=1
2026-10-02 15:10:00.222 [scheduling-1] ERROR c.c.o.s.I.ReconciliationSyncService - Failed to fetch documents from clinic CLINIC_C: I/O error on GET request for "https://opendental-c.example.com/api/v1/patients": opendental-c.example.com
2026-10-02 15:10:00.222 [scheduling-1] INFO  c.c.o.s.I.ReconciliationSyncService - RECON entity=documents clinic=CLINIC_C inserted=0 updated=0 unchanged=0 stale=0 duplicates=0 failed=1
2026-10-02 15:10:00.222 [scheduling-1] ERROR c.c.o.s.I.ReconciliationSyncService - Failed to fetch procedure logs from clinic CLINIC_C: I/O error on GET request for "https://opendental-c.example.com/api/v1/procedurelogs": opendental-c.example.com
2026-10-02 15:10:00.222 [scheduling-1] INFO  c.c.o.s.I.ReconciliationSyncService - RECON entity=procedurelogs clinic=CLINIC_C inserted=0 updated=0 unchanged=0 stale=0 duplicates=0 failed=1
2026-10-02 15:10:00.222 [scheduling-1] ERROR c.c.o.s.I.ReconciliationSyncService - Failed to fetch pat_fields from clinic CLINIC_C: I/O error on GET request for "https://opendental-c.example.com/api/v1/patfields": opendental-c.example.com
2026-10-02 15:10:00.223 [scheduling-1] INFO  c.c.o.s.I.ReconciliationSyncService - RECON entity=patfields clinic=CLINIC_C inserted=0 updated=0 unchanged=0 stale=0 duplicates=0 failed=1
2026-10-02 15:10:00.223 [scheduling-1] ERROR c.c.o.s.I.ReconciliationSyncService - Failed to fetch schedules from clinic CLINIC_C: I/O error on GET request for "https://opendental-c.example.com/api/v1/schedules": opendental-c.example.com
2026-10-02 15:10:00.223 [scheduling-1] INFO  c.c.o.s.I.ReconciliationSyncService - RECON entity=schedules clinic=CLINIC_C inserted=0 updated=0 unchanged=0 stale=0 duplicates=0 failed=1
2026-10-02 15:10:00.223 [scheduling-1] ERROR c.c.o.s.I.ReconciliationSyncService - Failed to fetch tooth initials from clinic CLINIC_C: I/O error on GET request for "https://opendental-c.example.com/api/v1/toothinitial": opendental-c.example.com
2026-10-02 15:10:00.223 [scheduling-1] INFO  c.c.o.s.I.ReconciliationSyncService - RECON entity=toothinitials clinic=CLINIC_C inserted=0 updated=0 unchanged=0 stale=0 duplicates=0 failed=1
2026-10-02 15:10:00.223 [scheduling-1] ERROR c.c.o.s.I.ReconciliationSyncService - Failed to fetch providers from clinic CLINIC_C: I/O error on GET request for "https://opendental-c.example.com/api/v1/providers": opendental-c.example.com
2026-10-02 15:10:00.223 [scheduling-1] INFO  c.c.o.s.I.ReconciliationSyncService - RECON entity=providers clinic=CLINIC_C inserted=0 updated=0 unchanged=0 stale=0 duplicates=0 failed=1
2026-10-02 15:10:00.224 [scheduling-1] ERROR c.c.o.s.I.ReconciliationSyncService - Failed to fetch operatories from clinic CLINIC_C: I/O error on GET request for "https://opendental-c.example.com/api/v1/operatories": opendental-c.example.com
2026-10-02 15:10:00.224 [scheduling-1] INFO  c.c.o.s.I.ReconciliationSyncService - RECON entity=operatories clinic=CLINIC_C inserted=0 updated=0 unchanged=0 stale=0 duplicates=0 failed=1
2026-10-02 15:10:00.224 [scheduling-1] INFO  c.c.o.s.I.ReconciliationSyncService - Reconciliation for clinic CLINIC_C complete: 10 processed, 0 inserted, 0 updated, 0 unchanged, 0 stale, 0 duplicates, 10 failed
2026-10-02 15:10:00.224 [scheduling-1] INFO  c.c.o.s.I.ReconciliationSyncService - Reconciliation for clinic CLINIC_C complete: 0 synced, 10 failed
2026-10-02 15:10:00.224 [scheduling-1] INFO  c.c.o.s.I.ReconciliationSyncService - Reconciliation completed for 3 clinics (30 entities, 0 synced, 30 failed)
2026-10-02 15:10:00.224 [scheduling-1] INFO  c.c.o.s.ReconciliationScheduler - === Scheduled Reconciliation Complete: Reconciliation completed for 3 clinics (30 entities, 0 synced, 30 failed)
2026-10-02 15:10:00.224 [scheduling-1] INFO  c.c.o.s.ReconciliationScheduler - Scheduled reconciliation took 209 ms
2026-10-02 15:11:00.005 [scheduling-1] INFO  c.c.o.s.ReconciliationScheduler - === Scheduled Reconciliation Started ===
2026-10-02 15:11:00.207 [scheduling-1] ERROR c.c.o.s.I.ReconciliationSyncService - Failed to fetch Open Dental clinics from installation CLINIC_A: I/O error on GET request for "https://opendental-a.example.com/api/v1/clinics": opendental-a.example.com
2026-10-02 15:11:00.208 [scheduling-1] INFO  c.c.o.s.I.ReconciliationSyncService - RECON entity=clinics clinic=CLINIC_A inserted=0 updated=0 unchanged=0 stale=0 duplicates=0 failed=1
2026-10-02 15:11:00.208 [scheduling-1] ERROR c.c.o.s.I.ReconciliationSyncService - Failed to fetch patients from clinic CLINIC_A: I/O error on GET request for "https://opendental-a.example.com/api/v1/patients": opendental-a.example.com
2026-10-02 15:11:00.208 [scheduling-1] INFO  c.c.o.s.I.ReconciliationSyncService - RECON entity=patients clinic=CLINIC_A inserted=0 updated=0 unchanged=0 stale=0 duplicates=0 failed=1
2026-10-02 15:11:00.208 [scheduling-1] ERROR c.c.o.s.I.ReconciliationSyncService - Failed to fetch appointments from clinic CLINIC_A: I/O error on GET request for "https://opendental-a.example.com/api/v1/appointments": opendental-a.example.com
2026-10-02 15:11:00.208 [scheduling-1] INFO  c.c.o.s.I.ReconciliationSyncService - RECON entity=appointments clinic=CLINIC_A inserted=0 updated=0 unchanged=0 stale=0 duplicates=0 failed=1
2026-10-02 15:11:00.209 [scheduling-1] ERROR c.c.o.s.I.ReconciliationSyncService - Failed to fetch documents from clinic CLINIC_A: I/O error on GET request for "https://opendental-a.example.com/api/v1/patients": opendental-a.example.com
2026-10-02 15:11:00.209 [scheduling-1] INFO  c.c.o.s.I.ReconciliationSyncService - RECON entity=documents clinic=CLINIC_A inserted=0 updated=0 unchanged=0 stale=0 duplicates=0 failed=1
2026-10-02 15:11:00.209 [scheduling-1] ERROR c.c.o.s.I.ReconciliationSyncService - Failed to fetch procedure logs from clinic CLINIC_A: I/O error on GET request for "https://opendental-a.example.com/api/v1/procedurelogs": opendental-a.example.com
2026-10-02 15:11:00.209 [scheduling-1] INFO  c.c.o.s.I.ReconciliationSyncService - RECON entity=procedurelogs clinic=CLINIC_A inserted=0 updated=0 unchanged=0 stale=0 duplicates=0 failed=1
2026-10-02 15:11:00.210 [scheduling-1] ERROR c.c.o.s.I.ReconciliationSyncService - Failed to fetch pat_fields from clinic CLINIC_A: I/O error on GET request for "https://opendental-a.example.com/api/v1/patfields": opendental-a.example.com
2026-10-02 15:11:00.210 [scheduling-1] INFO  c.c.o.s.I.ReconciliationSyncService - RECON entity=patfields clinic=CLINIC_A inserted=0 updated=0 unchanged=0 stale=0 duplicates=0 failed=1
2026-10-02 15:11:00.211 [scheduling-1] ERROR c.c.o.s.I.ReconciliationSyncService - Failed to fetch schedules from clinic CLINIC_A: I/O error on GET request for "https://opendental-a.example.com/api/v1/schedules": opendental-a.example.com
2026-10-02 15:11:00.211 [scheduling-1] INFO  c.c.o.s.I.ReconciliationSyncService - RECON entity=schedules clinic=CLINIC_A inserted=0 updated=0 unchanged=0 stale=0 duplicates=0 failed=1
2026-10-02 15:11:00.212 [scheduling-1] ERROR c.c.o.s.I.ReconciliationSyncService - Failed to fetch tooth initials from clinic CLINIC_A: I/O error on GET request for "https://opendental-a.example.com/api/v1/toothinitial": opendental-a.example.com
2026-10-02 15:11:00.212 [scheduling-1] INFO  c.c.o.s.I.ReconciliationSyncService - RECON entity=toothinitials clinic=CLINIC_A inserted=0 updated=0 unchanged=0 stale=0 duplicates=0 failed=1
2026-10-02 15:11:00.212 [scheduling-1] ERROR c.c.o.s.I.ReconciliationSyncService - Failed to fetch providers from clinic CLINIC_A: I/O error on GET request for "https://opendental-a.example.com/api/v1/providers": opendental-a.example.com
2026-10-02 15:11:00.212 [scheduling-1] INFO  c.c.o.s.I.ReconciliationSyncService - RECON entity=providers clinic=CLINIC_A inserted=0 updated=0 unchanged=0 stale=0 duplicates=0 failed=1
2026-10-02 15:11:00.212 [scheduling-1] ERROR c.c.o.s.I.ReconciliationSyncService - Failed to fetch operatories from clinic CLINIC_A: I/O error on GET request for "https://opendental-a.example.com/api/v1/operatories": opendental-a.example.com
2026-10-02 15:11:00.212 [scheduling-1] INFO  c.c.o.s.I.ReconciliationSyncService - RECON entity=operatories clinic=CLINIC_A inserted=0 updated=0 unchanged=0 stale=0 duplicates=0 failed=1
2026-10-02 15:11:00.212 [scheduling-1] INFO  c.c.o.s.I.ReconciliationSyncService - Reconciliation for clinic CLINIC_A complete: 10 processed, 0 inserted, 0 updated, 0 unchanged, 0 stale, 0 duplicates, 10 failed
2026-10-02 15:11:00.212 [scheduling-1] INFO  c.c.o.s.I.ReconciliationSyncService - Reconciliation for clinic CLINIC_A complete: 0 synced, 10 failed
2026-10-02 15:11:00.214 [scheduling-1] ERROR c.c.o.s.I.ReconciliationSyncService - Failed to fetch Open Dental clinics from installation CLINIC_B: I/O error on GET request for "https://opendental-b.example.com/api/v1/clinics": opendental-b.example.com
2026-10-02 15:11:00.214 [scheduling-1] INFO  c.c.o.s.I.ReconciliationSyncService - RECON entity=clinics clinic=CLINIC_B inserted=0 updated=0 unchanged=0 stale=0 duplicates=0 failed=1
2026-10-02 15:11:00.214 [scheduling-1] ERROR c.c.o.s.I.ReconciliationSyncService - Failed to fetch patients from clinic CLINIC_B: I/O error on GET request for "https://opendental-b.example.com/api/v1/patients": opendental-b.example.com
2026-10-02 15:11:00.214 [scheduling-1] INFO  c.c.o.s.I.ReconciliationSyncService - RECON entity=patients clinic=CLINIC_B inserted=0 updated=0 unchanged=0 stale=0 duplicates=0 failed=1
2026-10-02 15:11:00.214 [scheduling-1] ERROR c.c.o.s.I.ReconciliationSyncService - Failed to fetch appointments from clinic CLINIC_B: I/O error on GET request for "https://opendental-b.example.com/api/v1/appointments": opendental-b.example.com
2026-10-02 15:11:00.214 [scheduling-1] INFO  c.c.o.s.I.ReconciliationSyncService - RECON entity=appointments clinic=CLINIC_B inserted=0 updated=0 unchanged=0 stale=0 duplicates=0 failed=1
2026-10-02 15:11:00.214 [scheduling-1] ERROR c.c.o.s.I.ReconciliationSyncService - Failed to fetch documents from clinic CLINIC_B: I/O error on GET request for "https://opendental-b.example.com/api/v1/patients": opendental-b.example.com
2026-10-02 15:11:00.214 [scheduling-1] INFO  c.c.o.s.I.ReconciliationSyncService - RECON entity=documents clinic=CLINIC_B inserted=0 updated=0 unchanged=0 stale=0 duplicates=0 failed=1
2026-10-02 15:11:00.214 [scheduling-1] ERROR c.c.o.s.I.ReconciliationSyncService - Failed to fetch procedure logs from clinic CLINIC_B: I/O error on GET request for "https://opendental-b.example.com/api/v1/procedurelogs": opendental-b.example.com
2026-10-02 15:11:00.214 [scheduling-1] INFO  c.c.o.s.I.ReconciliationSyncService - RECON entity=procedurelogs clinic=CLINIC_B inserted=0 updated=0 unchanged=0 stale=0 duplicates=0 failed=1
2026-10-02 15:11:00.216 [scheduling-1] ERROR c.c.o.s.I.ReconciliationSyncService - Failed to fetch pat_fields from clinic CLINIC_B: I/O error on GET request for "https://opendental-b.example.com/api/v1/patfields": opendental-b.example.com
2026-10-02 15:11:00.216 [scheduling-1] INFO  c.c.o.s.I.ReconciliationSyncService - RECON entity=patfields clinic=CLINIC_B inserted=0 updated=0 unchanged=0 stale=0 duplicates=0 failed=1
2026-10-02 15:11:00.216 [scheduling-1] ERROR c.c.o.s.I.ReconciliationSyncService - Failed to fetch schedules from clinic CLINIC_B: I/O error on GET request for "https://opendental-b.example.com/api/v1/schedules": opendental-b.example.com
2026-10-02 15:11:00.216 [scheduling-1] INFO  c.c.o.s.I.ReconciliationSyncService - RECON entity=schedules clinic=CLINIC_B inserted=0 updated=0 unchanged=0 stale=0 duplicates=0 failed=1
2026-10-02 15:11:00.216 [scheduling-1] ERROR c.c.o.s.I.ReconciliationSyncService - Failed to fetch tooth initials from clinic CLINIC_B: I/O error on GET request for "https://opendental-b.example.com/api/v1/toothinitial": opendental-b.example.com
2026-10-02 15:11:00.216 [scheduling-1] INFO  c.c.o.s.I.ReconciliationSyncService - RECON entity=toothinitials clinic=CLINIC_B inserted=0 updated=0 unchanged=0 stale=0 duplicates=0 failed=1
2026-10-02 15:11:00.216 [scheduling-1] ERROR c.c.o.s.I.ReconciliationSyncService - Failed to fetch providers from clinic CLINIC_B: I/O error on GET request for "https://opendental-b.example.com/api/v1/providers": opendental-b.example.com
2026-10-02 15:11:00.217 [scheduling-1] INFO  c.c.o.s.I.ReconciliationSyncService - RECON entity=providers clinic=CLINIC_B inserted=0 updated=0 unchanged=0 stale=0 duplicates=0 failed=1
2026-10-02 15:11:00.217 [scheduling-1] ERROR c.c.o.s.I.ReconciliationSyncService - Failed to fetch operatories from clinic CLINIC_B: I/O error on GET request for "https://opendental-b.example.com/api/v1/operatories": opendental-b.example.com
2026-10-02 15:11:00.217 [scheduling-1] INFO  c.c.o.s.I.ReconciliationSyncService - RECON entity=operatories clinic=CLINIC_B inserted=0 updated=0 unchanged=0 stale=0 duplicates=0 failed=1
2026-10-02 15:11:00.217 [scheduling-1] INFO  c.c.o.s.I.ReconciliationSyncService - Reconciliation for clinic CLINIC_B complete: 10 processed, 0 inserted, 0 updated, 0 unchanged, 0 stale, 0 duplicates, 10 failed
2026-10-02 15:11:00.217 [scheduling-1] INFO  c.c.o.s.I.ReconciliationSyncService - Reconciliation for clinic CLINIC_B complete: 0 synced, 10 failed
2026-10-02 15:11:00.218 [scheduling-1] ERROR c.c.o.s.I.ReconciliationSyncService - Failed to fetch Open Dental clinics from installation CLINIC_C: I/O error on GET request for "https://opendental-c.example.com/api/v1/clinics": opendental-c.example.com
2026-10-02 15:11:00.219 [scheduling-1] INFO  c.c.o.s.I.ReconciliationSyncService - RECON entity=clinics clinic=CLINIC_C inserted=0 updated=0 unchanged=0 stale=0 duplicates=0 failed=1
2026-10-02 15:11:00.219 [scheduling-1] ERROR c.c.o.s.I.ReconciliationSyncService - Failed to fetch patients from clinic CLINIC_C: I/O error on GET request for "https://opendental-c.example.com/api/v1/patients": opendental-c.example.com
2026-10-02 15:11:00.219 [scheduling-1] INFO  c.c.o.s.I.ReconciliationSyncService - RECON entity=patients clinic=CLINIC_C inserted=0 updated=0 unchanged=0 stale=0 duplicates=0 failed=1
2026-10-02 15:11:00.219 [scheduling-1] ERROR c.c.o.s.I.ReconciliationSyncService - Failed to fetch appointments from clinic CLINIC_C: I/O error on GET request for "https://opendental-c.example.com/api/v1/appointments": opendental-c.example.com
2026-10-02 15:11:00.219 [scheduling-1] INFO  c.c.o.s.I.ReconciliationSyncService - RECON entity=appointments clinic=CLINIC_C inserted=0 updated=0 unchanged=0 stale=0 duplicates=0 failed=1
2026-10-02 15:11:00.219 [scheduling-1] ERROR c.c.o.s.I.ReconciliationSyncService - Failed to fetch documents from clinic CLINIC_C: I/O error on GET request for "https://opendental-c.example.com/api/v1/patients": opendental-c.example.com
2026-10-02 15:11:00.220 [scheduling-1] INFO  c.c.o.s.I.ReconciliationSyncService - RECON entity=documents clinic=CLINIC_C inserted=0 updated=0 unchanged=0 stale=0 duplicates=0 failed=1
2026-10-02 15:11:00.220 [scheduling-1] ERROR c.c.o.s.I.ReconciliationSyncService - Failed to fetch procedure logs from clinic CLINIC_C: I/O error on GET request for "https://opendental-c.example.com/api/v1/procedurelogs": opendental-c.example.com
2026-10-02 15:11:00.220 [scheduling-1] INFO  c.c.o.s.I.ReconciliationSyncService - RECON entity=procedurelogs clinic=CLINIC_C inserted=0 updated=0 unchanged=0 stale=0 duplicates=0 failed=1
2026-10-02 15:11:00.220 [scheduling-1] ERROR c.c.o.s.I.ReconciliationSyncService - Failed to fetch pat_fields from clinic CLINIC_C: I/O error on GET request for "https://opendental-c.example.com/api/v1/patfields": opendental-c.example.com
2026-10-02 15:11:00.220 [scheduling-1] INFO  c.c.o.s.I.ReconciliationSyncService - RECON entity=patfields clinic=CLINIC_C inserted=0 updated=0 unchanged=0 stale=0 duplicates=0 failed=1
2026-10-02 15:11:00.220 [scheduling-1] ERROR c.c.o.s.I.ReconciliationSyncService - Failed to fetch schedules from clinic CLINIC_C: I/O error on GET request for "https://opendental-c.example.com/api/v1/schedules": opendental-c.example.com
2026-10-02 15:11:00.220 [scheduling-1] INFO  c.c.o.s.I.ReconciliationSyncService - RECON entity=schedules clinic=CLINIC_C inserted=0 updated=0 unchanged=0 stale=0 duplicates=0 failed=1
2026-10-02 15:11:00.221 [scheduling-1] ERROR c.c.o.s.I.ReconciliationSyncService - Failed to fetch tooth initials from clinic CLINIC_C: I/O error on GET request for "https://opendental-c.example.com/api/v1/toothinitial": opendental-c.example.com
2026-10-02 15:11:00.221 [scheduling-1] INFO  c.c.o.s.I.ReconciliationSyncService - RECON entity=toothinitials clinic=CLINIC_C inserted=0 updated=0 unchanged=0 stale=0 duplicates=0 failed=1
2026-10-02 15:11:00.221 [scheduling-1] ERROR c.c.o.s.I.ReconciliationSyncService - Failed to fetch providers from clinic CLINIC_C: I/O error on GET request for "https://opendental-c.example.com/api/v1/providers": opendental-c.example.com
2026-10-02 15:11:00.221 [scheduling-1] INFO  c.c.o.s.I.ReconciliationSyncService - RECON entity=providers clinic=CLINIC_C inserted=0 updated=0 unchanged=0 stale=0 duplicates=0 failed=1
2026-10-02 15:11:00.221 [scheduling-1] ERROR c.c.o.s.I.ReconciliationSyncService - Failed to fetch operatories from clinic CLINIC_C: I/O error on GET request for "https://opendental-c.example.com/api/v1/operatories": opendental-c.example.com
2026-10-02 15:11:00.221 [scheduling-1] INFO  c.c.o.s.I.ReconciliationSyncService - RECON entity=operatories clinic=CLINIC_C inserted=0 updated=0 unchanged=0 stale=0 duplicates=0 failed=1
2026-10-02 15:11:00.221 [scheduling-1] INFO  c.c.o.s.I.ReconciliationSyncService - Reconciliation for clinic CLINIC_C complete: 10 processed, 0 inserted, 0 updated, 0 unchanged, 0 stale, 0 duplicates, 10 failed
2026-10-02 15:11:00.221 [scheduling-1] INFO  c.c.o.s.I.ReconciliationSyncService - Reconciliation for clinic CLINIC_C complete: 0 synced, 10 failed
2026-10-02 15:11:00.222 [scheduling-1] INFO  c.c.o.s.I.ReconciliationSyncService - Reconciliation completed for 3 clinics (30 entities, 0 synced, 30 failed)
2026-10-02 15:11:00.222 [scheduling-1] INFO  c.c.o.s.ReconciliationScheduler - === Scheduled Reconciliation Complete: Reconciliation completed for 3 clinics (30 entities, 0 synced, 30 failed)
2026-10-02 15:11:00.222 [scheduling-1] INFO  c.c.o.s.ReconciliationScheduler - Scheduled reconciliation took 217 ms
2026-10-02 15:11:28.112 [http-nio-8080-exec-2] INFO  c.c.o.s.Impl.AppointmentServiceImpl - Fetching appointments with 0 filter(s)
2026-10-02 15:11:28.117 [http-nio-8080-exec-2] WARN  c.c.o.s.Impl.AppointmentServiceImpl - OpenDental API unavailable for appointments, falling back to database: 400 Bad Request: ""Malformed API request.""
2026-10-02 15:11:28.123 [http-nio-8080-exec-10] WARN  c.c.o.s.Impl.PatientServiceImpl - OpenDental API unavailable, falling back to database: 400 Bad Request: ""Malformed API request.""
2026-10-02 15:12:00.010 [scheduling-1] INFO  c.c.o.s.ReconciliationScheduler - === Scheduled Reconciliation Started ===
2026-10-02 15:12:00.223 [scheduling-1] ERROR c.c.o.s.I.ReconciliationSyncService - Failed to fetch Open Dental clinics from installation CLINIC_A: I/O error on GET request for "https://opendental-a.example.com/api/v1/clinics": opendental-a.example.com
2026-10-02 15:12:00.223 [scheduling-1] INFO  c.c.o.s.I.ReconciliationSyncService - RECON entity=clinics clinic=CLINIC_A inserted=0 updated=0 unchanged=0 stale=0 duplicates=0 failed=1
2026-10-02 15:12:00.224 [scheduling-1] ERROR c.c.o.s.I.ReconciliationSyncService - Failed to fetch patients from clinic CLINIC_A: I/O error on GET request for "https://opendental-a.example.com/api/v1/patients": opendental-a.example.com
2026-10-02 15:12:00.224 [scheduling-1] INFO  c.c.o.s.I.ReconciliationSyncService - RECON entity=patients clinic=CLINIC_A inserted=0 updated=0 unchanged=0 stale=0 duplicates=0 failed=1
2026-10-02 15:12:00.224 [scheduling-1] ERROR c.c.o.s.I.ReconciliationSyncService - Failed to fetch appointments from clinic CLINIC_A: I/O error on GET request for "https://opendental-a.example.com/api/v1/appointments": opendental-a.example.com
2026-10-02 15:12:00.224 [scheduling-1] INFO  c.c.o.s.I.ReconciliationSyncService - RECON entity=appointments clinic=CLINIC_A inserted=0 updated=0 unchanged=0 stale=0 duplicates=0 failed=1
2026-10-02 15:12:00.224 [scheduling-1] ERROR c.c.o.s.I.ReconciliationSyncService - Failed to fetch documents from clinic CLINIC_A: I/O error on GET request for "https://opendental-a.example.com/api/v1/patients": opendental-a.example.com
2026-10-02 15:12:00.224 [scheduling-1] INFO  c.c.o.s.I.ReconciliationSyncService - RECON entity=documents clinic=CLINIC_A inserted=0 updated=0 unchanged=0 stale=0 duplicates=0 failed=1
2026-10-02 15:12:00.225 [scheduling-1] ERROR c.c.o.s.I.ReconciliationSyncService - Failed to fetch procedure logs from clinic CLINIC_A: I/O error on GET request for "https://opendental-a.example.com/api/v1/procedurelogs": opendental-a.example.com
2026-10-02 15:12:00.225 [scheduling-1] INFO  c.c.o.s.I.ReconciliationSyncService - RECON entity=procedurelogs clinic=CLINIC_A inserted=0 updated=0 unchanged=0 stale=0 duplicates=0 failed=1
2026-10-02 15:12:00.225 [scheduling-1] ERROR c.c.o.s.I.ReconciliationSyncService - Failed to fetch pat_fields from clinic CLINIC_A: I/O error on GET request for "https://opendental-a.example.com/api/v1/patfields": opendental-a.example.com
2026-10-02 15:12:00.225 [scheduling-1] INFO  c.c.o.s.I.ReconciliationSyncService - RECON entity=patfields clinic=CLINIC_A inserted=0 updated=0 unchanged=0 stale=0 duplicates=0 failed=1
2026-10-02 15:12:00.225 [scheduling-1] ERROR c.c.o.s.I.ReconciliationSyncService - Failed to fetch schedules from clinic CLINIC_A: I/O error on GET request for "https://opendental-a.example.com/api/v1/schedules": opendental-a.example.com
2026-10-02 15:12:00.225 [scheduling-1] INFO  c.c.o.s.I.ReconciliationSyncService - RECON entity=schedules clinic=CLINIC_A inserted=0 updated=0 unchanged=0 stale=0 duplicates=0 failed=1
2026-10-02 15:12:00.225 [scheduling-1] ERROR c.c.o.s.I.ReconciliationSyncService - Failed to fetch tooth initials from clinic CLINIC_A: I/O error on GET request for "https://opendental-a.example.com/api/v1/toothinitial": opendental-a.example.com
2026-10-02 15:12:00.226 [scheduling-1] INFO  c.c.o.s.I.ReconciliationSyncService - RECON entity=toothinitials clinic=CLINIC_A inserted=0 updated=0 unchanged=0 stale=0 duplicates=0 failed=1
2026-10-02 15:12:00.226 [scheduling-1] ERROR c.c.o.s.I.ReconciliationSyncService - Failed to fetch providers from clinic CLINIC_A: I/O error on GET request for "https://opendental-a.example.com/api/v1/providers": opendental-a.example.com
2026-10-02 15:12:00.226 [scheduling-1] INFO  c.c.o.s.I.ReconciliationSyncService - RECON entity=providers clinic=CLINIC_A inserted=0 updated=0 unchanged=0 stale=0 duplicates=0 failed=1
2026-10-02 15:12:00.226 [scheduling-1] ERROR c.c.o.s.I.ReconciliationSyncService - Failed to fetch operatories from clinic CLINIC_A: I/O error on GET request for "https://opendental-a.example.com/api/v1/operatories": opendental-a.example.com
2026-10-02 15:12:00.226 [scheduling-1] INFO  c.c.o.s.I.ReconciliationSyncService - RECON entity=operatories clinic=CLINIC_A inserted=0 updated=0 unchanged=0 stale=0 duplicates=0 failed=1
2026-10-02 15:12:00.226 [scheduling-1] INFO  c.c.o.s.I.ReconciliationSyncService - Reconciliation for clinic CLINIC_A complete: 10 processed, 0 inserted, 0 updated, 0 unchanged, 0 stale, 0 duplicates, 10 failed
2026-10-02 15:12:00.226 [scheduling-1] INFO  c.c.o.s.I.ReconciliationSyncService - Reconciliation for clinic CLINIC_A complete: 0 synced, 10 failed
2026-10-02 15:12:00.228 [scheduling-1] ERROR c.c.o.s.I.ReconciliationSyncService - Failed to fetch Open Dental clinics from installation CLINIC_B: I/O error on GET request for "https://opendental-b.example.com/api/v1/clinics": opendental-b.example.com
2026-10-02 15:12:00.229 [scheduling-1] INFO  c.c.o.s.I.ReconciliationSyncService - RECON entity=clinics clinic=CLINIC_B inserted=0 updated=0 unchanged=0 stale=0 duplicates=0 failed=1
2026-10-02 15:12:00.229 [scheduling-1] ERROR c.c.o.s.I.ReconciliationSyncService - Failed to fetch patients from clinic CLINIC_B: I/O error on GET request for "https://opendental-b.example.com/api/v1/patients": opendental-b.example.com
2026-10-02 15:12:00.229 [scheduling-1] INFO  c.c.o.s.I.ReconciliationSyncService - RECON entity=patients clinic=CLINIC_B inserted=0 updated=0 unchanged=0 stale=0 duplicates=0 failed=1
2026-10-02 15:12:00.229 [scheduling-1] ERROR c.c.o.s.I.ReconciliationSyncService - Failed to fetch appointments from clinic CLINIC_B: I/O error on GET request for "https://opendental-b.example.com/api/v1/appointments": opendental-b.example.com
2026-10-02 15:12:00.229 [scheduling-1] INFO  c.c.o.s.I.ReconciliationSyncService - RECON entity=appointments clinic=CLINIC_B inserted=0 updated=0 unchanged=0 stale=0 duplicates=0 failed=1
2026-10-02 15:12:00.230 [scheduling-1] ERROR c.c.o.s.I.ReconciliationSyncService - Failed to fetch documents from clinic CLINIC_B: I/O error on GET request for "https://opendental-b.example.com/api/v1/patients": opendental-b.example.com
2026-10-02 15:12:00.230 [scheduling-1] INFO  c.c.o.s.I.ReconciliationSyncService - RECON entity=documents clinic=CLINIC_B inserted=0 updated=0 unchanged=0 stale=0 duplicates=0 failed=1
2026-10-02 15:12:00.230 [scheduling-1] ERROR c.c.o.s.I.ReconciliationSyncService - Failed to fetch procedure logs from clinic CLINIC_B: I/O error on GET request for "https://opendental-b.example.com/api/v1/procedurelogs": opendental-b.example.com
2026-10-02 15:12:00.230 [scheduling-1] INFO  c.c.o.s.I.ReconciliationSyncService - RECON entity=procedurelogs clinic=CLINIC_B inserted=0 updated=0 unchanged=0 stale=0 duplicates=0 failed=1
2026-10-02 15:12:00.230 [scheduling-1] ERROR c.c.o.s.I.ReconciliationSyncService - Failed to fetch pat_fields from clinic CLINIC_B: I/O error on GET request for "https://opendental-b.example.com/api/v1/patfields": opendental-b.example.com
2026-10-02 15:12:00.230 [scheduling-1] INFO  c.c.o.s.I.ReconciliationSyncService - RECON entity=patfields clinic=CLINIC_B inserted=0 updated=0 unchanged=0 stale=0 duplicates=0 failed=1
2026-10-02 15:12:00.230 [scheduling-1] ERROR c.c.o.s.I.ReconciliationSyncService - Failed to fetch schedules from clinic CLINIC_B: I/O error on GET request for "https://opendental-b.example.com/api/v1/schedules": opendental-b.example.com
2026-10-02 15:12:00.231 [scheduling-1] INFO  c.c.o.s.I.ReconciliationSyncService - RECON entity=schedules clinic=CLINIC_B inserted=0 updated=0 unchanged=0 stale=0 duplicates=0 failed=1
2026-10-02 15:12:00.231 [scheduling-1] ERROR c.c.o.s.I.ReconciliationSyncService - Failed to fetch tooth initials from clinic CLINIC_B: I/O error on GET request for "https://opendental-b.example.com/api/v1/toothinitial": opendental-b.example.com
2026-10-02 15:12:00.231 [scheduling-1] INFO  c.c.o.s.I.ReconciliationSyncService - RECON entity=toothinitials clinic=CLINIC_B inserted=0 updated=0 unchanged=0 stale=0 duplicates=0 failed=1
2026-10-02 15:12:00.231 [scheduling-1] ERROR c.c.o.s.I.ReconciliationSyncService - Failed to fetch providers from clinic CLINIC_B: I/O error on GET request for "https://opendental-b.example.com/api/v1/providers": opendental-b.example.com
2026-10-02 15:12:00.231 [scheduling-1] INFO  c.c.o.s.I.ReconciliationSyncService - RECON entity=providers clinic=CLINIC_B inserted=0 updated=0 unchanged=0 stale=0 duplicates=0 failed=1
2026-10-02 15:12:00.231 [scheduling-1] ERROR c.c.o.s.I.ReconciliationSyncService - Failed to fetch operatories from clinic CLINIC_B: I/O error on GET request for "https://opendental-b.example.com/api/v1/operatories": opendental-b.example.com
2026-10-02 15:12:00.231 [scheduling-1] INFO  c.c.o.s.I.ReconciliationSyncService - RECON entity=operatories clinic=CLINIC_B inserted=0 updated=0 unchanged=0 stale=0 duplicates=0 failed=1
2026-10-02 15:12:00.231 [scheduling-1] INFO  c.c.o.s.I.ReconciliationSyncService - Reconciliation for clinic CLINIC_B complete: 10 processed, 0 inserted, 0 updated, 0 unchanged, 0 stale, 0 duplicates, 10 failed
2026-10-02 15:12:00.232 [scheduling-1] INFO  c.c.o.s.I.ReconciliationSyncService - Reconciliation for clinic CLINIC_B complete: 0 synced, 10 failed
2026-10-02 15:12:00.234 [scheduling-1] ERROR c.c.o.s.I.ReconciliationSyncService - Failed to fetch Open Dental clinics from installation CLINIC_C: I/O error on GET request for "https://opendental-c.example.com/api/v1/clinics": opendental-c.example.com
2026-10-02 15:12:00.234 [scheduling-1] INFO  c.c.o.s.I.ReconciliationSyncService - RECON entity=clinics clinic=CLINIC_C inserted=0 updated=0 unchanged=0 stale=0 duplicates=0 failed=1
2026-10-02 15:12:00.234 [scheduling-1] ERROR c.c.o.s.I.ReconciliationSyncService - Failed to fetch patients from clinic CLINIC_C: I/O error on GET request for "https://opendental-c.example.com/api/v1/patients": opendental-c.example.com
2026-10-02 15:12:00.234 [scheduling-1] INFO  c.c.o.s.I.ReconciliationSyncService - RECON entity=patients clinic=CLINIC_C inserted=0 updated=0 unchanged=0 stale=0 duplicates=0 failed=1
2026-10-02 15:12:00.235 [scheduling-1] ERROR c.c.o.s.I.ReconciliationSyncService - Failed to fetch appointments from clinic CLINIC_C: I/O error on GET request for "https://opendental-c.example.com/api/v1/appointments": opendental-c.example.com
2026-10-02 15:12:00.235 [scheduling-1] INFO  c.c.o.s.I.ReconciliationSyncService - RECON entity=appointments clinic=CLINIC_C inserted=0 updated=0 unchanged=0 stale=0 duplicates=0 failed=1
2026-10-02 15:12:00.235 [scheduling-1] ERROR c.c.o.s.I.ReconciliationSyncService - Failed to fetch documents from clinic CLINIC_C: I/O error on GET request for "https://opendental-c.example.com/api/v1/patients": opendental-c.example.com
2026-10-02 15:12:00.235 [scheduling-1] INFO  c.c.o.s.I.ReconciliationSyncService - RECON entity=documents clinic=CLINIC_C inserted=0 updated=0 unchanged=0 stale=0 duplicates=0 failed=1
2026-10-02 15:12:00.235 [scheduling-1] ERROR c.c.o.s.I.ReconciliationSyncService - Failed to fetch procedure logs from clinic CLINIC_C: I/O error on GET request for "https://opendental-c.example.com/api/v1/procedurelogs": opendental-c.example.com
2026-10-02 15:12:00.235 [scheduling-1] INFO  c.c.o.s.I.ReconciliationSyncService - RECON entity=procedurelogs clinic=CLINIC_C inserted=0 updated=0 unchanged=0 stale=0 duplicates=0 failed=1
2026-10-02 15:12:00.235 [scheduling-1] ERROR c.c.o.s.I.ReconciliationSyncService - Failed to fetch pat_fields from clinic CLINIC_C: I/O error on GET request for "https://opendental-c.example.com/api/v1/patfields": opendental-c.example.com
2026-10-02 15:12:00.235 [scheduling-1] INFO  c.c.o.s.I.ReconciliationSyncService - RECON entity=patfields clinic=CLINIC_C inserted=0 updated=0 unchanged=0 stale=0 duplicates=0 failed=1
2026-10-02 15:12:00.236 [scheduling-1] ERROR c.c.o.s.I.ReconciliationSyncService - Failed to fetch schedules from clinic CLINIC_C: I/O error on GET request for "https://opendental-c.example.com/api/v1/schedules": opendental-c.example.com
2026-10-02 15:12:00.236 [scheduling-1] INFO  c.c.o.s.I.ReconciliationSyncService - RECON entity=schedules clinic=CLINIC_C inserted=0 updated=0 unchanged=0 stale=0 duplicates=0 failed=1
2026-10-02 15:12:00.236 [scheduling-1] ERROR c.c.o.s.I.ReconciliationSyncService - Failed to fetch tooth initials from clinic CLINIC_C: I/O error on GET request for "https://opendental-c.example.com/api/v1/toothinitial": opendental-c.example.com
2026-10-02 15:12:00.236 [scheduling-1] INFO  c.c.o.s.I.ReconciliationSyncService - RECON entity=toothinitials clinic=CLINIC_C inserted=0 updated=0 unchanged=0 stale=0 duplicates=0 failed=1
2026-10-02 15:12:00.236 [scheduling-1] ERROR c.c.o.s.I.ReconciliationSyncService - Failed to fetch providers from clinic CLINIC_C: I/O error on GET request for "https://opendental-c.example.com/api/v1/providers": opendental-c.example.com
2026-10-02 15:12:00.236 [scheduling-1] INFO  c.c.o.s.I.ReconciliationSyncService - RECON entity=providers clinic=CLINIC_C inserted=0 updated=0 unchanged=0 stale=0 duplicates=0 failed=1
2026-10-02 15:12:00.236 [scheduling-1] ERROR c.c.o.s.I.ReconciliationSyncService - Failed to fetch operatories from clinic CLINIC_C: I/O error on GET request for "https://opendental-c.example.com/api/v1/operatories": opendental-c.example.com
2026-10-02 15:12:00.237 [scheduling-1] INFO  c.c.o.s.I.ReconciliationSyncService - RECON entity=operatories clinic=CLINIC_C inserted=0 updated=0 unchanged=0 stale=0 duplicates=0 failed=1
2026-10-02 15:12:00.237 [scheduling-1] INFO  c.c.o.s.I.ReconciliationSyncService - Reconciliation for clinic CLINIC_C complete: 10 processed, 0 inserted, 0 updated, 0 unchanged, 0 stale, 0 duplicates, 10 failed
2026-10-02 15:12:00.237 [scheduling-1] INFO  c.c.o.s.I.ReconciliationSyncService - Reconciliation for clinic CLINIC_C complete: 0 synced, 10 failed
2026-10-02 15:12:00.237 [scheduling-1] INFO  c.c.o.s.I.ReconciliationSyncService - Reconciliation completed for 3 clinics (30 entities, 0 synced, 30 failed)
2026-10-02 15:12:00.237 [scheduling-1] INFO  c.c.o.s.ReconciliationScheduler - === Scheduled Reconciliation Complete: Reconciliation completed for 3 clinics (30 entities, 0 synced, 30 failed)
2026-10-02 15:12:00.237 [scheduling-1] INFO  c.c.o.s.ReconciliationScheduler - Scheduled reconciliation took 226 ms
2026-10-02 15:13:00.006 [scheduling-1] INFO  c.c.o.s.ReconciliationScheduler - === Scheduled Reconciliation Started ===
2026-10-02 15:13:00.234 [scheduling-1] ERROR c.c.o.s.I.ReconciliationSyncService - Failed to fetch Open Dental clinics from installation CLINIC_A: I/O error on GET request for "https://opendental-a.example.com/api/v1/clinics": opendental-a.example.com
2026-10-02 15:13:00.234 [scheduling-1] INFO  c.c.o.s.I.ReconciliationSyncService - RECON entity=clinics clinic=CLINIC_A inserted=0 updated=0 unchanged=0 stale=0 duplicates=0 failed=1
2026-10-02 15:13:00.234 [scheduling-1] ERROR c.c.o.s.I.ReconciliationSyncService - Failed to fetch patients from clinic CLINIC_A: I/O error on GET request for "https://opendental-a.example.com/api/v1/patients": opendental-a.example.com
2026-10-02 15:13:00.234 [scheduling-1] INFO  c.c.o.s.I.ReconciliationSyncService - RECON entity=patients clinic=CLINIC_A inserted=0 updated=0 unchanged=0 stale=0 duplicates=0 failed=1
2026-10-02 15:13:00.234 [scheduling-1] ERROR c.c.o.s.I.ReconciliationSyncService - Failed to fetch appointments from clinic CLINIC_A: I/O error on GET request for "https://opendental-a.example.com/api/v1/appointments": opendental-a.example.com
2026-10-02 15:13:00.234 [scheduling-1] INFO  c.c.o.s.I.ReconciliationSyncService - RECON entity=appointments clinic=CLINIC_A inserted=0 updated=0 unchanged=0 stale=0 duplicates=0 failed=1
2026-10-02 15:13:00.235 [scheduling-1] ERROR c.c.o.s.I.ReconciliationSyncService - Failed to fetch documents from clinic CLINIC_A: I/O error on GET request for "https://opendental-a.example.com/api/v1/patients": opendental-a.example.com
2026-10-02 15:13:00.235 [scheduling-1] INFO  c.c.o.s.I.ReconciliationSyncService - RECON entity=documents clinic=CLINIC_A inserted=0 updated=0 unchanged=0 stale=0 duplicates=0 failed=1
2026-10-02 15:13:00.235 [scheduling-1] ERROR c.c.o.s.I.ReconciliationSyncService - Failed to fetch procedure logs from clinic CLINIC_A: I/O error on GET request for "https://opendental-a.example.com/api/v1/procedurelogs": opendental-a.example.com
2026-10-02 15:13:00.235 [scheduling-1] INFO  c.c.o.s.I.ReconciliationSyncService - RECON entity=procedurelogs clinic=CLINIC_A inserted=0 updated=0 unchanged=0 stale=0 duplicates=0 failed=1
2026-10-02 15:13:00.235 [scheduling-1] ERROR c.c.o.s.I.ReconciliationSyncService - Failed to fetch pat_fields from clinic CLINIC_A: I/O error on GET request for "https://opendental-a.example.com/api/v1/patfields": opendental-a.example.com
2026-10-02 15:13:00.235 [scheduling-1] INFO  c.c.o.s.I.ReconciliationSyncService - RECON entity=patfields clinic=CLINIC_A inserted=0 updated=0 unchanged=0 stale=0 duplicates=0 failed=1
2026-10-02 15:13:00.235 [scheduling-1] ERROR c.c.o.s.I.ReconciliationSyncService - Failed to fetch schedules from clinic CLINIC_A: I/O error on GET request for "https://opendental-a.example.com/api/v1/schedules": opendental-a.example.com
2026-10-02 15:13:00.235 [scheduling-1] INFO  c.c.o.s.I.ReconciliationSyncService - RECON entity=schedules clinic=CLINIC_A inserted=0 updated=0 unchanged=0 stale=0 duplicates=0 failed=1
2026-10-02 15:13:00.236 [scheduling-1] ERROR c.c.o.s.I.ReconciliationSyncService - Failed to fetch tooth initials from clinic CLINIC_A: I/O error on GET request for "https://opendental-a.example.com/api/v1/toothinitial": opendental-a.example.com
2026-10-02 15:13:00.236 [scheduling-1] INFO  c.c.o.s.I.ReconciliationSyncService - RECON entity=toothinitials clinic=CLINIC_A inserted=0 updated=0 unchanged=0 stale=0 duplicates=0 failed=1
2026-10-02 15:13:00.236 [scheduling-1] ERROR c.c.o.s.I.ReconciliationSyncService - Failed to fetch providers from clinic CLINIC_A: I/O error on GET request for "https://opendental-a.example.com/api/v1/providers": opendental-a.example.com
2026-10-02 15:13:00.236 [scheduling-1] INFO  c.c.o.s.I.ReconciliationSyncService - RECON entity=providers clinic=CLINIC_A inserted=0 updated=0 unchanged=0 stale=0 duplicates=0 failed=1
2026-10-02 15:13:00.236 [scheduling-1] ERROR c.c.o.s.I.ReconciliationSyncService - Failed to fetch operatories from clinic CLINIC_A: I/O error on GET request for "https://opendental-a.example.com/api/v1/operatories": opendental-a.example.com
2026-10-02 15:13:00.236 [scheduling-1] INFO  c.c.o.s.I.ReconciliationSyncService - RECON entity=operatories clinic=CLINIC_A inserted=0 updated=0 unchanged=0 stale=0 duplicates=0 failed=1
2026-10-02 15:13:00.236 [scheduling-1] INFO  c.c.o.s.I.ReconciliationSyncService - Reconciliation for clinic CLINIC_A complete: 10 processed, 0 inserted, 0 updated, 0 unchanged, 0 stale, 0 duplicates, 10 failed
2026-10-02 15:13:00.236 [scheduling-1] INFO  c.c.o.s.I.ReconciliationSyncService - Reconciliation for clinic CLINIC_A complete: 0 synced, 10 failed
2026-10-02 15:13:00.240 [scheduling-1] ERROR c.c.o.s.I.ReconciliationSyncService - Failed to fetch Open Dental clinics from installation CLINIC_B: I/O error on GET request for "https://opendental-b.example.com/api/v1/clinics": opendental-b.example.com
2026-10-02 15:13:00.240 [scheduling-1] INFO  c.c.o.s.I.ReconciliationSyncService - RECON entity=clinics clinic=CLINIC_B inserted=0 updated=0 unchanged=0 stale=0 duplicates=0 failed=1
2026-10-02 15:13:00.241 [scheduling-1] ERROR c.c.o.s.I.ReconciliationSyncService - Failed to fetch patients from clinic CLINIC_B: I/O error on GET request for "https://opendental-b.example.com/api/v1/patients": opendental-b.example.com
2026-10-02 15:13:00.241 [scheduling-1] INFO  c.c.o.s.I.ReconciliationSyncService - RECON entity=patients clinic=CLINIC_B inserted=0 updated=0 unchanged=0 stale=0 duplicates=0 failed=1
2026-10-02 15:13:00.242 [scheduling-1] ERROR c.c.o.s.I.ReconciliationSyncService - Failed to fetch appointments from clinic CLINIC_B: I/O error on GET request for "https://opendental-b.example.com/api/v1/appointments": opendental-b.example.com
2026-10-02 15:13:00.242 [scheduling-1] INFO  c.c.o.s.I.ReconciliationSyncService - RECON entity=appointments clinic=CLINIC_B inserted=0 updated=0 unchanged=0 stale=0 duplicates=0 failed=1
2026-10-02 15:13:00.242 [scheduling-1] ERROR c.c.o.s.I.ReconciliationSyncService - Failed to fetch documents from clinic CLINIC_B: I/O error on GET request for "https://opendental-b.example.com/api/v1/patients": opendental-b.example.com
2026-10-02 15:13:00.242 [scheduling-1] INFO  c.c.o.s.I.ReconciliationSyncService - RECON entity=documents clinic=CLINIC_B inserted=0 updated=0 unchanged=0 stale=0 duplicates=0 failed=1
2026-10-02 15:13:00.242 [scheduling-1] ERROR c.c.o.s.I.ReconciliationSyncService - Failed to fetch procedure logs from clinic CLINIC_B: I/O error on GET request for "https://opendental-b.example.com/api/v1/procedurelogs": opendental-b.example.com
2026-10-02 15:13:00.242 [scheduling-1] INFO  c.c.o.s.I.ReconciliationSyncService - RECON entity=procedurelogs clinic=CLINIC_B inserted=0 updated=0 unchanged=0 stale=0 duplicates=0 failed=1
2026-10-02 15:13:00.244 [scheduling-1] ERROR c.c.o.s.I.ReconciliationSyncService - Failed to fetch pat_fields from clinic CLINIC_B: I/O error on GET request for "https://opendental-b.example.com/api/v1/patfields": opendental-b.example.com
2026-10-02 15:13:00.244 [scheduling-1] INFO  c.c.o.s.I.ReconciliationSyncService - RECON entity=patfields clinic=CLINIC_B inserted=0 updated=0 unchanged=0 stale=0 duplicates=0 failed=1
2026-10-02 15:13:00.244 [scheduling-1] ERROR c.c.o.s.I.ReconciliationSyncService - Failed to fetch schedules from clinic CLINIC_B: I/O error on GET request for "https://opendental-b.example.com/api/v1/schedules": opendental-b.example.com
2026-10-02 15:13:00.244 [scheduling-1] INFO  c.c.o.s.I.ReconciliationSyncService - RECON entity=schedules clinic=CLINIC_B inserted=0 updated=0 unchanged=0 stale=0 duplicates=0 failed=1
2026-10-02 15:13:00.244 [scheduling-1] ERROR c.c.o.s.I.ReconciliationSyncService - Failed to fetch tooth initials from clinic CLINIC_B: I/O error on GET request for "https://opendental-b.example.com/api/v1/toothinitial": opendental-b.example.com
2026-10-02 15:13:00.245 [scheduling-1] INFO  c.c.o.s.I.ReconciliationSyncService - RECON entity=toothinitials clinic=CLINIC_B inserted=0 updated=0 unchanged=0 stale=0 duplicates=0 failed=1
2026-10-02 15:13:00.245 [scheduling-1] ERROR c.c.o.s.I.ReconciliationSyncService - Failed to fetch providers from clinic CLINIC_B: I/O error on GET request for "https://opendental-b.example.com/api/v1/providers": opendental-b.example.com
2026-10-02 15:13:00.245 [scheduling-1] INFO  c.c.o.s.I.ReconciliationSyncService - RECON entity=providers clinic=CLINIC_B inserted=0 updated=0 unchanged=0 stale=0 duplicates=0 failed=1
2026-10-02 15:13:00.245 [scheduling-1] ERROR c.c.o.s.I.ReconciliationSyncService - Failed to fetch operatories from clinic CLINIC_B: I/O error on GET request for "https://opendental-b.example.com/api/v1/operatories": opendental-b.example.com
2026-10-02 15:13:00.245 [scheduling-1] INFO  c.c.o.s.I.ReconciliationSyncService - RECON entity=operatories clinic=CLINIC_B inserted=0 updated=0 unchanged=0 stale=0 duplicates=0 failed=1
2026-10-02 15:13:00.245 [scheduling-1] INFO  c.c.o.s.I.ReconciliationSyncService - Reconciliation for clinic CLINIC_B complete: 10 processed, 0 inserted, 0 updated, 0 unchanged, 0 stale, 0 duplicates, 10 failed
2026-10-02 15:13:00.245 [scheduling-1] INFO  c.c.o.s.I.ReconciliationSyncService - Reconciliation for clinic CLINIC_B complete: 0 synced, 10 failed
2026-10-02 15:13:00.248 [scheduling-1] ERROR c.c.o.s.I.ReconciliationSyncService - Failed to fetch Open Dental clinics from installation CLINIC_C: I/O error on GET request for "https://opendental-c.example.com/api/v1/clinics": opendental-c.example.com
2026-10-02 15:13:00.248 [scheduling-1] INFO  c.c.o.s.I.ReconciliationSyncService - RECON entity=clinics clinic=CLINIC_C inserted=0 updated=0 unchanged=0 stale=0 duplicates=0 failed=1
2026-10-02 15:13:00.248 [scheduling-1] ERROR c.c.o.s.I.ReconciliationSyncService - Failed to fetch patients from clinic CLINIC_C: I/O error on GET request for "https://opendental-c.example.com/api/v1/patients": opendental-c.example.com
2026-10-02 15:13:00.248 [scheduling-1] INFO  c.c.o.s.I.ReconciliationSyncService - RECON entity=patients clinic=CLINIC_C inserted=0 updated=0 unchanged=0 stale=0 duplicates=0 failed=1
2026-10-02 15:13:00.248 [scheduling-1] ERROR c.c.o.s.I.ReconciliationSyncService - Failed to fetch appointments from clinic CLINIC_C: I/O error on GET request for "https://opendental-c.example.com/api/v1/appointments": opendental-c.example.com
2026-10-02 15:13:00.248 [scheduling-1] INFO  c.c.o.s.I.ReconciliationSyncService - RECON entity=appointments clinic=CLINIC_C inserted=0 updated=0 unchanged=0 stale=0 duplicates=0 failed=1
2026-10-02 15:13:00.249 [scheduling-1] ERROR c.c.o.s.I.ReconciliationSyncService - Failed to fetch documents from clinic CLINIC_C: I/O error on GET request for "https://opendental-c.example.com/api/v1/patients": opendental-c.example.com
2026-10-02 15:13:00.249 [scheduling-1] INFO  c.c.o.s.I.ReconciliationSyncService - RECON entity=documents clinic=CLINIC_C inserted=0 updated=0 unchanged=0 stale=0 duplicates=0 failed=1
2026-10-02 15:13:00.249 [scheduling-1] ERROR c.c.o.s.I.ReconciliationSyncService - Failed to fetch procedure logs from clinic CLINIC_C: I/O error on GET request for "https://opendental-c.example.com/api/v1/procedurelogs": opendental-c.example.com
2026-10-02 15:13:00.249 [scheduling-1] INFO  c.c.o.s.I.ReconciliationSyncService - RECON entity=procedurelogs clinic=CLINIC_C inserted=0 updated=0 unchanged=0 stale=0 duplicates=0 failed=1
2026-10-02 15:13:00.249 [scheduling-1] ERROR c.c.o.s.I.ReconciliationSyncService - Failed to fetch pat_fields from clinic CLINIC_C: I/O error on GET request for "https://opendental-c.example.com/api/v1/patfields": opendental-c.example.com
2026-10-02 15:13:00.249 [scheduling-1] INFO  c.c.o.s.I.ReconciliationSyncService - RECON entity=patfields clinic=CLINIC_C inserted=0 updated=0 unchanged=0 stale=0 duplicates=0 failed=1
2026-10-02 15:13:00.250 [scheduling-1] ERROR c.c.o.s.I.ReconciliationSyncService - Failed to fetch schedules from clinic CLINIC_C: I/O error on GET request for "https://opendental-c.example.com/api/v1/schedules": opendental-c.example.com
2026-10-02 15:13:00.250 [scheduling-1] INFO  c.c.o.s.I.ReconciliationSyncService - RECON entity=schedules clinic=CLINIC_C inserted=0 updated=0 unchanged=0 stale=0 duplicates=0 failed=1
2026-10-02 15:13:00.250 [scheduling-1] ERROR c.c.o.s.I.ReconciliationSyncService - Failed to fetch tooth initials from clinic CLINIC_C: I/O error on GET request for "https://opendental-c.example.com/api/v1/toothinitial": opendental-c.example.com
2026-10-02 15:13:00.250 [scheduling-1] INFO  c.c.o.s.I.ReconciliationSyncService - RECON entity=toothinitials clinic=CLINIC_C inserted=0 updated=0 unchanged=0 stale=0 duplicates=0 failed=1
2026-10-02 15:13:00.250 [scheduling-1] ERROR c.c.o.s.I.ReconciliationSyncService - Failed to fetch providers from clinic CLINIC_C: I/O error on GET request for "https://opendental-c.example.com/api/v1/providers": opendental-c.example.com
2026-10-02 15:13:00.250 [scheduling-1] INFO  c.c.o.s.I.ReconciliationSyncService - RECON entity=providers clinic=CLINIC_C inserted=0 updated=0 unchanged=0 stale=0 duplicates=0 failed=1
2026-10-02 15:13:00.250 [scheduling-1] ERROR c.c.o.s.I.ReconciliationSyncService - Failed to fetch operatories from clinic CLINIC_C: I/O error on GET request for "https://opendental-c.example.com/api/v1/operatories": opendental-c.example.com
2026-10-02 15:13:00.250 [scheduling-1] INFO  c.c.o.s.I.ReconciliationSyncService - RECON entity=operatories clinic=CLINIC_C inserted=0 updated=0 unchanged=0 stale=0 duplicates=0 failed=1
2026-10-02 15:13:00.251 [scheduling-1] INFO  c.c.o.s.I.ReconciliationSyncService - Reconciliation for clinic CLINIC_C complete: 10 processed, 0 inserted, 0 updated, 0 unchanged, 0 stale, 0 duplicates, 10 failed
2026-10-02 15:13:00.251 [scheduling-1] INFO  c.c.o.s.I.ReconciliationSyncService - Reconciliation for clinic CLINIC_C complete: 0 synced, 10 failed
2026-10-02 15:13:00.251 [scheduling-1] INFO  c.c.o.s.I.ReconciliationSyncService - Reconciliation completed for 3 clinics (30 entities, 0 synced, 30 failed)
2026-10-02 15:13:00.251 [scheduling-1] INFO  c.c.o.s.ReconciliationScheduler - === Scheduled Reconciliation Complete: Reconciliation completed for 3 clinics (30 entities, 0 synced, 30 failed)
2026-10-02 15:13:00.251 [scheduling-1] INFO  c.c.o.s.ReconciliationScheduler - Scheduled reconciliation took 245 ms
2026-10-02 15:14:00.009 [scheduling-1] INFO  c.c.o.s.ReconciliationScheduler - === Scheduled Reconciliation Started ===
2026-10-02 15:14:00.212 [scheduling-1] ERROR c.c.o.s.I.ReconciliationSyncService - Failed to fetch Open Dental clinics from installation CLINIC_A: I/O error on GET request for "https://opendental-a.example.com/api/v1/clinics": opendental-a.example.com
2026-10-02 15:14:00.213 [scheduling-1] INFO  c.c.o.s.I.ReconciliationSyncService - RECON entity=clinics clinic=CLINIC_A inserted=0 updated=0 unchanged=0 stale=0 duplicates=0 failed=1
2026-10-02 15:14:00.213 [scheduling-1] ERROR c.c.o.s.I.ReconciliationSyncService - Failed to fetch patients from clinic CLINIC_A: I/O error on GET request for "https://opendental-a.example.com/api/v1/patients": opendental-a.example.com
2026-10-02 15:14:00.213 [scheduling-1] INFO  c.c.o.s.I.ReconciliationSyncService - RECON entity=patients clinic=CLINIC_A inserted=0 updated=0 unchanged=0 stale=0 duplicates=0 failed=1
2026-10-02 15:14:00.214 [scheduling-1] ERROR c.c.o.s.I.ReconciliationSyncService - Failed to fetch appointments from clinic CLINIC_A: I/O error on GET request for "https://opendental-a.example.com/api/v1/appointments": opendental-a.example.com
2026-10-02 15:14:00.214 [scheduling-1] INFO  c.c.o.s.I.ReconciliationSyncService - RECON entity=appointments clinic=CLINIC_A inserted=0 updated=0 unchanged=0 stale=0 duplicates=0 failed=1
2026-10-02 15:14:00.214 [scheduling-1] ERROR c.c.o.s.I.ReconciliationSyncService - Failed to fetch documents from clinic CLINIC_A: I/O error on GET request for "https://opendental-a.example.com/api/v1/patients": opendental-a.example.com
2026-10-02 15:14:00.214 [scheduling-1] INFO  c.c.o.s.I.ReconciliationSyncService - RECON entity=documents clinic=CLINIC_A inserted=0 updated=0 unchanged=0 stale=0 duplicates=0 failed=1
2026-10-02 15:14:00.216 [scheduling-1] ERROR c.c.o.s.I.ReconciliationSyncService - Failed to fetch procedure logs from clinic CLINIC_A: I/O error on GET request for "https://opendental-a.example.com/api/v1/procedurelogs": opendental-a.example.com
2026-10-02 15:14:00.216 [scheduling-1] INFO  c.c.o.s.I.ReconciliationSyncService - RECON entity=procedurelogs clinic=CLINIC_A inserted=0 updated=0 unchanged=0 stale=0 duplicates=0 failed=1
2026-10-02 15:14:00.216 [scheduling-1] ERROR c.c.o.s.I.ReconciliationSyncService - Failed to fetch pat_fields from clinic CLINIC_A: I/O error on GET request for "https://opendental-a.example.com/api/v1/patfields": opendental-a.example.com
2026-10-02 15:14:00.216 [scheduling-1] INFO  c.c.o.s.I.ReconciliationSyncService - RECON entity=patfields clinic=CLINIC_A inserted=0 updated=0 unchanged=0 stale=0 duplicates=0 failed=1
2026-10-02 15:14:00.216 [scheduling-1] ERROR c.c.o.s.I.ReconciliationSyncService - Failed to fetch schedules from clinic CLINIC_A: I/O error on GET request for "https://opendental-a.example.com/api/v1/schedules": opendental-a.example.com
2026-10-02 15:14:00.216 [scheduling-1] INFO  c.c.o.s.I.ReconciliationSyncService - RECON entity=schedules clinic=CLINIC_A inserted=0 updated=0 unchanged=0 stale=0 duplicates=0 failed=1
2026-10-02 15:14:00.217 [scheduling-1] ERROR c.c.o.s.I.ReconciliationSyncService - Failed to fetch tooth initials from clinic CLINIC_A: I/O error on GET request for "https://opendental-a.example.com/api/v1/toothinitial": opendental-a.example.com
2026-10-02 15:14:00.217 [scheduling-1] INFO  c.c.o.s.I.ReconciliationSyncService - RECON entity=toothinitials clinic=CLINIC_A inserted=0 updated=0 unchanged=0 stale=0 duplicates=0 failed=1
2026-10-02 15:14:00.217 [scheduling-1] ERROR c.c.o.s.I.ReconciliationSyncService - Failed to fetch providers from clinic CLINIC_A: I/O error on GET request for "https://opendental-a.example.com/api/v1/providers": opendental-a.example.com
2026-10-02 15:14:00.217 [scheduling-1] INFO  c.c.o.s.I.ReconciliationSyncService - RECON entity=providers clinic=CLINIC_A inserted=0 updated=0 unchanged=0 stale=0 duplicates=0 failed=1
2026-10-02 15:14:00.218 [scheduling-1] ERROR c.c.o.s.I.ReconciliationSyncService - Failed to fetch operatories from clinic CLINIC_A: I/O error on GET request for "https://opendental-a.example.com/api/v1/operatories": opendental-a.example.com
2026-10-02 15:14:00.218 [scheduling-1] INFO  c.c.o.s.I.ReconciliationSyncService - RECON entity=operatories clinic=CLINIC_A inserted=0 updated=0 unchanged=0 stale=0 duplicates=0 failed=1
2026-10-02 15:14:00.218 [scheduling-1] INFO  c.c.o.s.I.ReconciliationSyncService - Reconciliation for clinic CLINIC_A complete: 10 processed, 0 inserted, 0 updated, 0 unchanged, 0 stale, 0 duplicates, 10 failed
2026-10-02 15:14:00.218 [scheduling-1] INFO  c.c.o.s.I.ReconciliationSyncService - Reconciliation for clinic CLINIC_A complete: 0 synced, 10 failed
2026-10-02 15:14:00.221 [scheduling-1] ERROR c.c.o.s.I.ReconciliationSyncService - Failed to fetch Open Dental clinics from installation CLINIC_B: I/O error on GET request for "https://opendental-b.example.com/api/v1/clinics": opendental-b.example.com
2026-10-02 15:14:00.221 [scheduling-1] INFO  c.c.o.s.I.ReconciliationSyncService - RECON entity=clinics clinic=CLINIC_B inserted=0 updated=0 unchanged=0 stale=0 duplicates=0 failed=1
2026-10-02 15:14:00.221 [scheduling-1] ERROR c.c.o.s.I.ReconciliationSyncService - Failed to fetch patients from clinic CLINIC_B: I/O error on GET request for "https://opendental-b.example.com/api/v1/patients": opendental-b.example.com
2026-10-02 15:14:00.222 [scheduling-1] INFO  c.c.o.s.I.ReconciliationSyncService - RECON entity=patients clinic=CLINIC_B inserted=0 updated=0 unchanged=0 stale=0 duplicates=0 failed=1
2026-10-02 15:14:00.222 [scheduling-1] ERROR c.c.o.s.I.ReconciliationSyncService - Failed to fetch appointments from clinic CLINIC_B: I/O error on GET request for "https://opendental-b.example.com/api/v1/appointments": opendental-b.example.com
2026-10-02 15:14:00.222 [scheduling-1] INFO  c.c.o.s.I.ReconciliationSyncService - RECON entity=appointments clinic=CLINIC_B inserted=0 updated=0 unchanged=0 stale=0 duplicates=0 failed=1
2026-10-02 15:14:00.222 [scheduling-1] ERROR c.c.o.s.I.ReconciliationSyncService - Failed to fetch documents from clinic CLINIC_B: I/O error on GET request for "https://opendental-b.example.com/api/v1/patients": opendental-b.example.com
2026-10-02 15:14:00.223 [scheduling-1] INFO  c.c.o.s.I.ReconciliationSyncService - RECON entity=documents clinic=CLINIC_B inserted=0 updated=0 unchanged=0 stale=0 duplicates=0 failed=1
2026-10-02 15:14:00.223 [scheduling-1] ERROR c.c.o.s.I.ReconciliationSyncService - Failed to fetch procedure logs from clinic CLINIC_B: I/O error on GET request for "https://opendental-b.example.com/api/v1/procedurelogs": opendental-b.example.com
2026-10-02 15:14:00.223 [scheduling-1] INFO  c.c.o.s.I.ReconciliationSyncService - RECON entity=procedurelogs clinic=CLINIC_B inserted=0 updated=0 unchanged=0 stale=0 duplicates=0 failed=1
2026-10-02 15:14:00.223 [scheduling-1] ERROR c.c.o.s.I.ReconciliationSyncService - Failed to fetch pat_fields from clinic CLINIC_B: I/O error on GET request for "https://opendental-b.example.com/api/v1/patfields": opendental-b.example.com
2026-10-02 15:14:00.224 [scheduling-1] INFO  c.c.o.s.I.ReconciliationSyncService - RECON entity=patfields clinic=CLINIC_B inserted=0 updated=0 unchanged=0 stale=0 duplicates=0 failed=1
2026-10-02 15:14:00.224 [scheduling-1] ERROR c.c.o.s.I.ReconciliationSyncService - Failed to fetch schedules from clinic CLINIC_B: I/O error on GET request for "https://opendental-b.example.com/api/v1/schedules": opendental-b.example.com
2026-10-02 15:14:00.224 [scheduling-1] INFO  c.c.o.s.I.ReconciliationSyncService - RECON entity=schedules clinic=CLINIC_B inserted=0 updated=0 unchanged=0 stale=0 duplicates=0 failed=1
2026-10-02 15:14:00.224 [scheduling-1] ERROR c.c.o.s.I.ReconciliationSyncService - Failed to fetch tooth initials from clinic CLINIC_B: I/O error on GET request for "https://opendental-b.example.com/api/v1/toothinitial": opendental-b.example.com
2026-10-02 15:14:00.224 [scheduling-1] INFO  c.c.o.s.I.ReconciliationSyncService - RECON entity=toothinitials clinic=CLINIC_B inserted=0 updated=0 unchanged=0 stale=0 duplicates=0 failed=1
2026-10-02 15:14:00.225 [scheduling-1] ERROR c.c.o.s.I.ReconciliationSyncService - Failed to fetch providers from clinic CLINIC_B: I/O error on GET request for "https://opendental-b.example.com/api/v1/providers": opendental-b.example.com
2026-10-02 15:14:00.225 [scheduling-1] INFO  c.c.o.s.I.ReconciliationSyncService - RECON entity=providers clinic=CLINIC_B inserted=0 updated=0 unchanged=0 stale=0 duplicates=0 failed=1
2026-10-02 15:14:00.225 [scheduling-1] ERROR c.c.o.s.I.ReconciliationSyncService - Failed to fetch operatories from clinic CLINIC_B: I/O error on GET request for "https://opendental-b.example.com/api/v1/operatories": opendental-b.example.com
2026-10-02 15:14:00.225 [scheduling-1] INFO  c.c.o.s.I.ReconciliationSyncService - RECON entity=operatories clinic=CLINIC_B inserted=0 updated=0 unchanged=0 stale=0 duplicates=0 failed=1
2026-10-02 15:14:00.226 [scheduling-1] INFO  c.c.o.s.I.ReconciliationSyncService - Reconciliation for clinic CLINIC_B complete: 10 processed, 0 inserted, 0 updated, 0 unchanged, 0 stale, 0 duplicates, 10 failed
2026-10-02 15:14:00.226 [scheduling-1] INFO  c.c.o.s.I.ReconciliationSyncService - Reconciliation for clinic CLINIC_B complete: 0 synced, 10 failed
2026-10-02 15:14:00.228 [scheduling-1] ERROR c.c.o.s.I.ReconciliationSyncService - Failed to fetch Open Dental clinics from installation CLINIC_C: I/O error on GET request for "https://opendental-c.example.com/api/v1/clinics": opendental-c.example.com
2026-10-02 15:14:00.228 [scheduling-1] INFO  c.c.o.s.I.ReconciliationSyncService - RECON entity=clinics clinic=CLINIC_C inserted=0 updated=0 unchanged=0 stale=0 duplicates=0 failed=1
2026-10-02 15:14:00.228 [scheduling-1] ERROR c.c.o.s.I.ReconciliationSyncService - Failed to fetch patients from clinic CLINIC_C: I/O error on GET request for "https://opendental-c.example.com/api/v1/patients": opendental-c.example.com
2026-10-02 15:14:00.229 [scheduling-1] INFO  c.c.o.s.I.ReconciliationSyncService - RECON entity=patients clinic=CLINIC_C inserted=0 updated=0 unchanged=0 stale=0 duplicates=0 failed=1
2026-10-02 15:14:00.229 [scheduling-1] ERROR c.c.o.s.I.ReconciliationSyncService - Failed to fetch appointments from clinic CLINIC_C: I/O error on GET request for "https://opendental-c.example.com/api/v1/appointments": opendental-c.example.com
2026-10-02 15:14:00.229 [scheduling-1] INFO  c.c.o.s.I.ReconciliationSyncService - RECON entity=appointments clinic=CLINIC_C inserted=0 updated=0 unchanged=0 stale=0 duplicates=0 failed=1
2026-10-02 15:14:00.229 [scheduling-1] ERROR c.c.o.s.I.ReconciliationSyncService - Failed to fetch documents from clinic CLINIC_C: I/O error on GET request for "https://opendental-c.example.com/api/v1/patients": opendental-c.example.com
2026-10-02 15:14:00.229 [scheduling-1] INFO  c.c.o.s.I.ReconciliationSyncService - RECON entity=documents clinic=CLINIC_C inserted=0 updated=0 unchanged=0 stale=0 duplicates=0 failed=1
2026-10-02 15:14:00.230 [scheduling-1] ERROR c.c.o.s.I.ReconciliationSyncService - Failed to fetch procedure logs from clinic CLINIC_C: I/O error on GET request for "https://opendental-c.example.com/api/v1/procedurelogs": opendental-c.example.com
2026-10-02 15:14:00.230 [scheduling-1] INFO  c.c.o.s.I.ReconciliationSyncService - RECON entity=procedurelogs clinic=CLINIC_C inserted=0 updated=0 unchanged=0 stale=0 duplicates=0 failed=1
2026-10-02 15:14:00.230 [scheduling-1] ERROR c.c.o.s.I.ReconciliationSyncService - Failed to fetch pat_fields from clinic CLINIC_C: I/O error on GET request for "https://opendental-c.example.com/api/v1/patfields": opendental-c.example.com
2026-10-02 15:14:00.230 [scheduling-1] INFO  c.c.o.s.I.ReconciliationSyncService - RECON entity=patfields clinic=CLINIC_C inserted=0 updated=0 unchanged=0 stale=0 duplicates=0 failed=1
2026-10-02 15:14:00.231 [scheduling-1] ERROR c.c.o.s.I.ReconciliationSyncService - Failed to fetch schedules from clinic CLINIC_C: I/O error on GET request for "https://opendental-c.example.com/api/v1/schedules": opendental-c.example.com
2026-10-02 15:14:00.231 [scheduling-1] INFO  c.c.o.s.I.ReconciliationSyncService - RECON entity=schedules clinic=CLINIC_C inserted=0 updated=0 unchanged=0 stale=0 duplicates=0 failed=1
2026-10-02 15:14:00.231 [scheduling-1] ERROR c.c.o.s.I.ReconciliationSyncService - Failed to fetch tooth initials from clinic CLINIC_C: I/O error on GET request for "https://opendental-c.example.com/api/v1/toothinitial": opendental-c.example.com
2026-10-02 15:14:00.232 [scheduling-1] INFO  c.c.o.s.I.ReconciliationSyncService - RECON entity=toothinitials clinic=CLINIC_C inserted=0 updated=0 unchanged=0 stale=0 duplicates=0 failed=1
2026-10-02 15:14:00.232 [scheduling-1] ERROR c.c.o.s.I.ReconciliationSyncService - Failed to fetch providers from clinic CLINIC_C: I/O error on GET request for "https://opendental-c.example.com/api/v1/providers": opendental-c.example.com
2026-10-02 15:14:00.232 [scheduling-1] INFO  c.c.o.s.I.ReconciliationSyncService - RECON entity=providers clinic=CLINIC_C inserted=0 updated=0 unchanged=0 stale=0 duplicates=0 failed=1
2026-10-02 15:14:00.232 [scheduling-1] ERROR c.c.o.s.I.ReconciliationSyncService - Failed to fetch operatories from clinic CLINIC_C: I/O error on GET request for "https://opendental-c.example.com/api/v1/operatories": opendental-c.example.com
2026-10-02 15:14:00.233 [scheduling-1] INFO  c.c.o.s.I.ReconciliationSyncService - RECON entity=operatories clinic=CLINIC_C inserted=0 updated=0 unchanged=0 stale=0 duplicates=0 failed=1
2026-10-02 15:14:00.233 [scheduling-1] INFO  c.c.o.s.I.ReconciliationSyncService - Reconciliation for clinic CLINIC_C complete: 10 processed, 0 inserted, 0 updated, 0 unchanged, 0 stale, 0 duplicates, 10 failed
2026-10-02 15:14:00.233 [scheduling-1] INFO  c.c.o.s.I.ReconciliationSyncService - Reconciliation for clinic CLINIC_C complete: 0 synced, 10 failed
2026-10-02 15:14:00.233 [scheduling-1] INFO  c.c.o.s.I.ReconciliationSyncService - Reconciliation completed for 3 clinics (30 entities, 0 synced, 30 failed)
2026-10-02 15:14:00.233 [scheduling-1] INFO  c.c.o.s.ReconciliationScheduler - === Scheduled Reconciliation Complete: Reconciliation completed for 3 clinics (30 entities, 0 synced, 30 failed)
2026-10-02 15:14:00.233 [scheduling-1] INFO  c.c.o.s.ReconciliationScheduler - Scheduled reconciliation took 223 ms
2026-10-02 15:15:00.004 [scheduling-1] INFO  c.c.o.s.ReconciliationScheduler - === Scheduled Reconciliation Started ===
2026-10-02 15:15:00.207 [scheduling-1] ERROR c.c.o.s.I.ReconciliationSyncService - Failed to fetch Open Dental clinics from installation CLINIC_A: I/O error on GET request for "https://opendental-a.example.com/api/v1/clinics": opendental-a.example.com
2026-10-02 15:15:00.208 [scheduling-1] INFO  c.c.o.s.I.ReconciliationSyncService - RECON entity=clinics clinic=CLINIC_A inserted=0 updated=0 unchanged=0 stale=0 duplicates=0 failed=1
2026-10-02 15:15:00.208 [scheduling-1] ERROR c.c.o.s.I.ReconciliationSyncService - Failed to fetch patients from clinic CLINIC_A: I/O error on GET request for "https://opendental-a.example.com/api/v1/patients": opendental-a.example.com
2026-10-02 15:15:00.208 [scheduling-1] INFO  c.c.o.s.I.ReconciliationSyncService - RECON entity=patients clinic=CLINIC_A inserted=0 updated=0 unchanged=0 stale=0 duplicates=0 failed=1
2026-10-02 15:15:00.208 [scheduling-1] ERROR c.c.o.s.I.ReconciliationSyncService - Failed to fetch appointments from clinic CLINIC_A: I/O error on GET request for "https://opendental-a.example.com/api/v1/appointments": opendental-a.example.com
2026-10-02 15:15:00.208 [scheduling-1] INFO  c.c.o.s.I.ReconciliationSyncService - RECON entity=appointments clinic=CLINIC_A inserted=0 updated=0 unchanged=0 stale=0 duplicates=0 failed=1
2026-10-02 15:15:00.208 [scheduling-1] ERROR c.c.o.s.I.ReconciliationSyncService - Failed to fetch documents from clinic CLINIC_A: I/O error on GET request for "https://opendental-a.example.com/api/v1/patients": opendental-a.example.com
2026-10-02 15:15:00.209 [scheduling-1] INFO  c.c.o.s.I.ReconciliationSyncService - RECON entity=documents clinic=CLINIC_A inserted=0 updated=0 unchanged=0 stale=0 duplicates=0 failed=1
2026-10-02 15:15:00.209 [scheduling-1] ERROR c.c.o.s.I.ReconciliationSyncService - Failed to fetch procedure logs from clinic CLINIC_A: I/O error on GET request for "https://opendental-a.example.com/api/v1/procedurelogs": opendental-a.example.com
2026-10-02 15:15:00.209 [scheduling-1] INFO  c.c.o.s.I.ReconciliationSyncService - RECON entity=procedurelogs clinic=CLINIC_A inserted=0 updated=0 unchanged=0 stale=0 duplicates=0 failed=1
2026-10-02 15:15:00.209 [scheduling-1] ERROR c.c.o.s.I.ReconciliationSyncService - Failed to fetch pat_fields from clinic CLINIC_A: I/O error on GET request for "https://opendental-a.example.com/api/v1/patfields": opendental-a.example.com
2026-10-02 15:15:00.209 [scheduling-1] INFO  c.c.o.s.I.ReconciliationSyncService - RECON entity=patfields clinic=CLINIC_A inserted=0 updated=0 unchanged=0 stale=0 duplicates=0 failed=1
2026-10-02 15:15:00.210 [scheduling-1] ERROR c.c.o.s.I.ReconciliationSyncService - Failed to fetch schedules from clinic CLINIC_A: I/O error on GET request for "https://opendental-a.example.com/api/v1/schedules": opendental-a.example.com
2026-10-02 15:15:00.210 [scheduling-1] INFO  c.c.o.s.I.ReconciliationSyncService - RECON entity=schedules clinic=CLINIC_A inserted=0 updated=0 unchanged=0 stale=0 duplicates=0 failed=1
2026-10-02 15:15:00.210 [scheduling-1] ERROR c.c.o.s.I.ReconciliationSyncService - Failed to fetch tooth initials from clinic CLINIC_A: I/O error on GET request for "https://opendental-a.example.com/api/v1/toothinitial": opendental-a.example.com
2026-10-02 15:15:00.210 [scheduling-1] INFO  c.c.o.s.I.ReconciliationSyncService - RECON entity=toothinitials clinic=CLINIC_A inserted=0 updated=0 unchanged=0 stale=0 duplicates=0 failed=1
2026-10-02 15:15:00.210 [scheduling-1] ERROR c.c.o.s.I.ReconciliationSyncService - Failed to fetch providers from clinic CLINIC_A: I/O error on GET request for "https://opendental-a.example.com/api/v1/providers": opendental-a.example.com
2026-10-02 15:15:00.211 [scheduling-1] INFO  c.c.o.s.I.ReconciliationSyncService - RECON entity=providers clinic=CLINIC_A inserted=0 updated=0 unchanged=0 stale=0 duplicates=0 failed=1
2026-10-02 15:15:00.211 [scheduling-1] ERROR c.c.o.s.I.ReconciliationSyncService - Failed to fetch operatories from clinic CLINIC_A: I/O error on GET request for "https://opendental-a.example.com/api/v1/operatories": opendental-a.example.com
2026-10-02 15:15:00.211 [scheduling-1] INFO  c.c.o.s.I.ReconciliationSyncService - RECON entity=operatories clinic=CLINIC_A inserted=0 updated=0 unchanged=0 stale=0 duplicates=0 failed=1
2026-10-02 15:15:00.211 [scheduling-1] INFO  c.c.o.s.I.ReconciliationSyncService - Reconciliation for clinic CLINIC_A complete: 10 processed, 0 inserted, 0 updated, 0 unchanged, 0 stale, 0 duplicates, 10 failed
2026-10-02 15:15:00.211 [scheduling-1] INFO  c.c.o.s.I.ReconciliationSyncService - Reconciliation for clinic CLINIC_A complete: 0 synced, 10 failed
2026-10-02 15:15:00.213 [scheduling-1] ERROR c.c.o.s.I.ReconciliationSyncService - Failed to fetch Open Dental clinics from installation CLINIC_B: I/O error on GET request for "https://opendental-b.example.com/api/v1/clinics": opendental-b.example.com
2026-10-02 15:15:00.213 [scheduling-1] INFO  c.c.o.s.I.ReconciliationSyncService - RECON entity=clinics clinic=CLINIC_B inserted=0 updated=0 unchanged=0 stale=0 duplicates=0 failed=1
2026-10-02 15:15:00.213 [scheduling-1] ERROR c.c.o.s.I.ReconciliationSyncService - Failed to fetch patients from clinic CLINIC_B: I/O error on GET request for "https://opendental-b.example.com/api/v1/patients": opendental-b.example.com
2026-10-02 15:15:00.213 [scheduling-1] INFO  c.c.o.s.I.ReconciliationSyncService - RECON entity=patients clinic=CLINIC_B inserted=0 updated=0 unchanged=0 stale=0 duplicates=0 failed=1
2026-10-02 15:15:00.213 [scheduling-1] ERROR c.c.o.s.I.ReconciliationSyncService - Failed to fetch appointments from clinic CLINIC_B: I/O error on GET request for "https://opendental-b.example.com/api/v1/appointments": opendental-b.example.com
2026-10-02 15:15:00.213 [scheduling-1] INFO  c.c.o.s.I.ReconciliationSyncService - RECON entity=appointments clinic=CLINIC_B inserted=0 updated=0 unchanged=0 stale=0 duplicates=0 failed=1
2026-10-02 15:15:00.215 [scheduling-1] ERROR c.c.o.s.I.ReconciliationSyncService - Failed to fetch documents from clinic CLINIC_B: I/O error on GET request for "https://opendental-b.example.com/api/v1/patients": opendental-b.example.com
2026-10-02 15:15:00.215 [scheduling-1] INFO  c.c.o.s.I.ReconciliationSyncService - RECON entity=documents clinic=CLINIC_B inserted=0 updated=0 unchanged=0 stale=0 duplicates=0 failed=1
2026-10-02 15:15:00.215 [scheduling-1] ERROR c.c.o.s.I.ReconciliationSyncService - Failed to fetch procedure logs from clinic CLINIC_B: I/O error on GET request for "https://opendental-b.example.com/api/v1/procedurelogs": opendental-b.example.com
2026-10-02 15:15:00.215 [scheduling-1] INFO  c.c.o.s.I.ReconciliationSyncService - RECON entity=procedurelogs clinic=CLINIC_B inserted=0 updated=0 unchanged=0 stale=0 duplicates=0 failed=1
2026-10-02 15:15:00.215 [scheduling-1] ERROR c.c.o.s.I.ReconciliationSyncService - Failed to fetch pat_fields from clinic CLINIC_B: I/O error on GET request for "https://opendental-b.example.com/api/v1/patfields": opendental-b.example.com
2026-10-02 15:15:00.215 [scheduling-1] INFO  c.c.o.s.I.ReconciliationSyncService - RECON entity=patfields clinic=CLINIC_B inserted=0 updated=0 unchanged=0 stale=0 duplicates=0 failed=1
2026-10-02 15:15:00.215 [scheduling-1] ERROR c.c.o.s.I.ReconciliationSyncService - Failed to fetch schedules from clinic CLINIC_B: I/O error on GET request for "https://opendental-b.example.com/api/v1/schedules": opendental-b.example.com
2026-10-02 15:15:00.216 [scheduling-1] INFO  c.c.o.s.I.ReconciliationSyncService - RECON entity=schedules clinic=CLINIC_B inserted=0 updated=0 unchanged=0 stale=0 duplicates=0 failed=1
2026-10-02 15:15:00.216 [scheduling-1] ERROR c.c.o.s.I.ReconciliationSyncService - Failed to fetch tooth initials from clinic CLINIC_B: I/O error on GET request for "https://opendental-b.example.com/api/v1/toothinitial": opendental-b.example.com
2026-10-02 15:15:00.216 [scheduling-1] INFO  c.c.o.s.I.ReconciliationSyncService - RECON entity=toothinitials clinic=CLINIC_B inserted=0 updated=0 unchanged=0 stale=0 duplicates=0 failed=1
2026-10-02 15:15:00.216 [scheduling-1] ERROR c.c.o.s.I.ReconciliationSyncService - Failed to fetch providers from clinic CLINIC_B: I/O error on GET request for "https://opendental-b.example.com/api/v1/providers": opendental-b.example.com
2026-10-02 15:15:00.216 [scheduling-1] INFO  c.c.o.s.I.ReconciliationSyncService - RECON entity=providers clinic=CLINIC_B inserted=0 updated=0 unchanged=0 stale=0 duplicates=0 failed=1
2026-10-02 15:15:00.216 [scheduling-1] ERROR c.c.o.s.I.ReconciliationSyncService - Failed to fetch operatories from clinic CLINIC_B: I/O error on GET request for "https://opendental-b.example.com/api/v1/operatories": opendental-b.example.com
2026-10-02 15:15:00.216 [scheduling-1] INFO  c.c.o.s.I.ReconciliationSyncService - RECON entity=operatories clinic=CLINIC_B inserted=0 updated=0 unchanged=0 stale=0 duplicates=0 failed=1
2026-10-02 15:15:00.217 [scheduling-1] INFO  c.c.o.s.I.ReconciliationSyncService - Reconciliation for clinic CLINIC_B complete: 10 processed, 0 inserted, 0 updated, 0 unchanged, 0 stale, 0 duplicates, 10 failed
2026-10-02 15:15:00.217 [scheduling-1] INFO  c.c.o.s.I.ReconciliationSyncService - Reconciliation for clinic CLINIC_B complete: 0 synced, 10 failed
2026-10-02 15:15:00.218 [scheduling-1] ERROR c.c.o.s.I.ReconciliationSyncService - Failed to fetch Open Dental clinics from installation CLINIC_C: I/O error on GET request for "https://opendental-c.example.com/api/v1/clinics": opendental-c.example.com
2026-10-02 15:15:00.218 [scheduling-1] INFO  c.c.o.s.I.ReconciliationSyncService - RECON entity=clinics clinic=CLINIC_C inserted=0 updated=0 unchanged=0 stale=0 duplicates=0 failed=1
2026-10-02 15:15:00.219 [scheduling-1] ERROR c.c.o.s.I.ReconciliationSyncService - Failed to fetch patients from clinic CLINIC_C: I/O error on GET request for "https://opendental-c.example.com/api/v1/patients": opendental-c.example.com
2026-10-02 15:15:00.219 [scheduling-1] INFO  c.c.o.s.I.ReconciliationSyncService - RECON entity=patients clinic=CLINIC_C inserted=0 updated=0 unchanged=0 stale=0 duplicates=0 failed=1
2026-10-02 15:15:00.219 [scheduling-1] ERROR c.c.o.s.I.ReconciliationSyncService - Failed to fetch appointments from clinic CLINIC_C: I/O error on GET request for "https://opendental-c.example.com/api/v1/appointments": opendental-c.example.com
2026-10-02 15:15:00.219 [scheduling-1] INFO  c.c.o.s.I.ReconciliationSyncService - RECON entity=appointments clinic=CLINIC_C inserted=0 updated=0 unchanged=0 stale=0 duplicates=0 failed=1
2026-10-02 15:15:00.219 [scheduling-1] ERROR c.c.o.s.I.ReconciliationSyncService - Failed to fetch documents from clinic CLINIC_C: I/O error on GET request for "https://opendental-c.example.com/api/v1/patients": opendental-c.example.com
2026-10-02 15:15:00.219 [scheduling-1] INFO  c.c.o.s.I.ReconciliationSyncService - RECON entity=documents clinic=CLINIC_C inserted=0 updated=0 unchanged=0 stale=0 duplicates=0 failed=1
2026-10-02 15:15:00.220 [scheduling-1] ERROR c.c.o.s.I.ReconciliationSyncService - Failed to fetch procedure logs from clinic CLINIC_C: I/O error on GET request for "https://opendental-c.example.com/api/v1/procedurelogs": opendental-c.example.com
2026-10-02 15:15:00.220 [scheduling-1] INFO  c.c.o.s.I.ReconciliationSyncService - RECON entity=procedurelogs clinic=CLINIC_C inserted=0 updated=0 unchanged=0 stale=0 duplicates=0 failed=1
2026-10-02 15:15:00.220 [scheduling-1] ERROR c.c.o.s.I.ReconciliationSyncService - Failed to fetch pat_fields from clinic CLINIC_C: I/O error on GET request for "https://opendental-c.example.com/api/v1/patfields": opendental-c.example.com
2026-10-02 15:15:00.220 [scheduling-1] INFO  c.c.o.s.I.ReconciliationSyncService - RECON entity=patfields clinic=CLINIC_C inserted=0 updated=0 unchanged=0 stale=0 duplicates=0 failed=1
2026-10-02 15:15:00.220 [scheduling-1] ERROR c.c.o.s.I.ReconciliationSyncService - Failed to fetch schedules from clinic CLINIC_C: I/O error on GET request for "https://opendental-c.example.com/api/v1/schedules": opendental-c.example.com
2026-10-02 15:15:00.220 [scheduling-1] INFO  c.c.o.s.I.ReconciliationSyncService - RECON entity=schedules clinic=CLINIC_C inserted=0 updated=0 unchanged=0 stale=0 duplicates=0 failed=1
2026-10-02 15:15:00.220 [scheduling-1] ERROR c.c.o.s.I.ReconciliationSyncService - Failed to fetch tooth initials from clinic CLINIC_C: I/O error on GET request for "https://opendental-c.example.com/api/v1/toothinitial": opendental-c.example.com
2026-10-02 15:15:00.221 [scheduling-1] INFO  c.c.o.s.I.ReconciliationSyncService - RECON entity=toothinitials clinic=CLINIC_C inserted=0 updated=0 unchanged=0 stale=0 duplicates=0 failed=1
2026-10-02 15:15:00.221 [scheduling-1] ERROR c.c.o.s.I.ReconciliationSyncService - Failed to fetch providers from clinic CLINIC_C: I/O error on GET request for "https://opendental-c.example.com/api/v1/providers": opendental-c.example.com
2026-10-02 15:15:00.221 [scheduling-1] INFO  c.c.o.s.I.ReconciliationSyncService - RECON entity=providers clinic=CLINIC_C inserted=0 updated=0 unchanged=0 stale=0 duplicates=0 failed=1
2026-10-02 15:15:00.221 [scheduling-1] ERROR c.c.o.s.I.ReconciliationSyncService - Failed to fetch operatories from clinic CLINIC_C: I/O error on GET request for "https://opendental-c.example.com/api/v1/operatories": opendental-c.example.com
2026-10-02 15:15:00.221 [scheduling-1] INFO  c.c.o.s.I.ReconciliationSyncService - RECON entity=operatories clinic=CLINIC_C inserted=0 updated=0 unchanged=0 stale=0 duplicates=0 failed=1
2026-10-02 15:15:00.221 [scheduling-1] INFO  c.c.o.s.I.ReconciliationSyncService - Reconciliation for clinic CLINIC_C complete: 10 processed, 0 inserted, 0 updated, 0 unchanged, 0 stale, 0 duplicates, 10 failed
2026-10-02 15:15:00.221 [scheduling-1] INFO  c.c.o.s.I.ReconciliationSyncService - Reconciliation for clinic CLINIC_C complete: 0 synced, 10 failed
2026-10-02 15:15:00.221 [scheduling-1] INFO  c.c.o.s.I.ReconciliationSyncService - Reconciliation completed for 3 clinics (30 entities, 0 synced, 30 failed)
2026-10-02 15:15:00.221 [scheduling-1] INFO  c.c.o.s.ReconciliationScheduler - === Scheduled Reconciliation Complete: Reconciliation completed for 3 clinics (30 entities, 0 synced, 30 failed)
2026-10-02 15:15:00.222 [scheduling-1] INFO  c.c.o.s.ReconciliationScheduler - Scheduled reconciliation took 217 ms
